player_id,date_unix,value
1,2009-04-22,0.0
10,2016-06-30,0.0
11,2009-03-18,0.0
16,2009-02-09,0.0
17,2006-06-30,0.0
18,2005-12-31,0.0
27,2006-06-30,0.0
39,2010-07-01,0.0
109,2014-08-09,0.0
132,2017-12-19,0.0
138,2011-10-10,0.0
154,2009-02-04,0.0
177,2014-06-30,0.0
180,2009-06-30,0.0
183,2007-07-26,0.0
199,2006-09-03,0.0
202,2009-09-01,0.0
204,2006-06-30,0.0
205,2018-02-17,0.0
208,2008-09-10,0.0
214,2012-09-21,0.0
215,2025-05-12,250000.0
232,2006-06-30,0.0
235,2010-02-03,0.0
247,2004-11-18,0.0
258,2015-06-30,0.0
271,2013-01-11,0.0
372,2009-06-30,0.0
1036,2013-06-30,0.0
1055,2008-07-01,0.0
1075,2015-07-14,0.0
1083,2017-01-29,0.0
1094,2019-12-31,0.0
1095,2016-06-30,0.0
1096,2008-07-01,0.0
1125,2007-06-19,0.0
1154,2014-05-11,0.0
1204,2010-11-01,0.0
1207,2013-06-30,0.0
1221,2007-03-08,0.0
1231,2012-07-01,0.0
1234,2011-07-10,0.0
1246,2015-07-03,0.0
1299,2007-07-27,0.0
1313,2018-01-11,0.0
1314,2020-06-30,0.0
1331,2016-06-30,0.0
1358,2011-07-28,0.0
1360,2013-09-12,0.0
1365,2023-11-01,0.0
1373,2016-06-30,0.0
1379,2012-01-30,0.0
1396,2012-08-24,0.0
1414,2012-02-07,0.0
1416,2011-12-28,0.0
1419,2010-08-02,0.0
1427,2012-08-27,0.0
1433,2005-06-27,0.0
1474,2014-09-16,0.0
1482,2005-09-01,0.0
1533,2007-09-05,0.0
1552,2010-07-01,0.0
1572,2015-07-02,0.0
1573,2013-09-03,0.0
1575,2007-09-05,0.0
1580,2006-04-04,0.0
1607,2009-03-10,0.0
1610,2016-12-31,0.0
1622,2010-06-30,0.0
1667,2020-08-17,0.0
1695,2013-07-02,0.0
1729,2012-07-04,0.0
1745,2011-02-27,0.0
1770,2015-06-30,0.0
1776,2010-06-10,0.0
1782,2018-07-14,0.0
1798,2010-02-27,0.0
1856,2016-02-29,0.0
1880,2015-06-30,0.0
1919,2014-08-09,0.0
1932,2013-06-30,0.0
1978,2013-09-12,0.0
2043,2010-06-30,0.0
2050,2021-06-30,0.0
2077,2014-08-09,0.0
2082,2009-08-09,0.0
2106,2007-06-25,0.0
2159,2011-07-18,0.0
2160,2015-06-30,0.0
2202,2019-06-30,0.0
2219,2017-06-30,0.0
2287,2014-01-11,0.0
2293,2022-06-30,0.0
2310,2006-01-23,0.0
2320,2013-09-16,0.0
2344,2016-11-30,0.0
2345,2018-06-30,0.0
2360,2006-10-31,0.0
2398,2019-06-30,0.0
2458,2012-06-03,0.0
2487,2007-06-19,0.0
2519,2009-11-04,0.0
2560,2013-07-10,0.0
2589,2011-02-06,0.0
2623,2016-06-30,0.0
2662,2007-04-22,0.0
2663,2011-07-18,0.0
2678,2010-08-14,0.0
2710,2010-01-10,0.0
2758,2007-11-18,0.0
2807,2010-07-05,0.0
2854,2015-07-03,0.0
2859,2013-01-06,0.0
2864,2010-10-31,0.0
2865,2020-08-11,0.0
2874,2016-06-30,0.0
2875,2012-04-28,0.0
2885,2011-10-15,0.0
2895,2016-06-30,0.0
2903,2014-06-30,0.0
2905,2008-06-30,0.0
2983,2010-01-07,0.0
2999,2014-10-27,0.0
3007,2011-01-20,0.0
3032,2005-06-30,0.0
3041,2017-07-16,0.0
3049,2012-11-30,0.0
3052,2009-09-12,0.0
3054,2007-08-10,0.0
3063,2011-07-13,0.0
3098,2014-07-31,0.0
3106,2018-04-26,0.0
3114,2015-06-30,0.0
3118,2013-07-31,0.0
3127,2017-10-27,0.0
3149,2014-06-30,0.0
3153,2010-11-18,0.0
3154,2005-11-06,0.0
3158,2011-04-06,0.0
3160,2018-10-06,0.0
3175,2008-09-17,0.0
3183,2011-06-29,0.0
3190,2018-06-30,0.0
3191,2010-07-01,0.0
3198,2011-06-30,0.0
3210,2008-10-12,0.0
3219,2016-08-03,0.0
3235,2015-06-30,0.0
3243,2012-03-08,0.0
3246,2013-07-14,0.0
3266,2017-06-30,0.0
3307,2008-04-10,0.0
3316,2010-05-17,0.0
3320,2007-12-11,0.0
3326,2013-10-11,0.0
3331,2011-07-03,0.0
3354,2015-01-12,0.0
3358,2012-09-26,0.0
3359,2010-09-07,0.0
3367,2012-12-31,0.0
3372,2013-01-17,0.0
3400,2011-06-28,0.0
3403,2011-02-02,0.0
3405,2018-06-30,0.0
3411,2015-07-14,0.0
3412,2011-06-27,0.0
3417,2018-06-30,0.0
3424,2005-06-30,0.0
3442,2007-06-19,0.0
3455,2023-06-30,0.0
3476,2015-06-30,0.0
3479,2011-04-29,0.0
3488,2012-07-01,0.0
14,2009-12-19,0.0
19,2011-06-30,0.0
35,2011-06-29,0.0
36,2008-07-01,0.0
160,2010-09-20,0.0
162,2013-06-30,0.0
165,2005-06-30,0.0
168,2005-08-11,0.0
184,2008-06-30,0.0
187,2013-12-29,0.0
195,2011-07-06,0.0
201,2013-09-01,0.0
223,2012-09-04,0.0
230,2009-06-30,0.0
248,2009-07-20,0.0
250,2006-12-31,0.0
254,2007-09-16,0.0
272,2013-04-20,0.0
294,2012-07-01,0.0
306,2016-06-30,0.0
313,2010-01-07,0.0
346,2009-06-03,0.0
388,2007-09-08,0.0
1006,2008-10-14,0.0
1039,2014-08-09,0.0
1051,2013-07-24,0.0
1054,2013-11-10,0.0
1076,2011-03-24,0.0
1111,2007-01-19,0.0
1112,2010-01-16,0.0
1159,2010-07-27,0.0
1161,2014-08-09,0.0
1195,2009-10-17,0.0
1205,2007-06-25,0.0
1206,2004-12-11,0.0
1208,2008-11-16,0.0
1257,2021-06-30,0.0
1261,2009-07-06,0.0
1264,2014-04-24,0.0
1277,2017-06-30,0.0
1278,2018-06-30,0.0
1279,2010-06-30,0.0
1310,2005-06-30,0.0
1318,2014-06-30,0.0
1320,2019-06-30,0.0
1323,2015-03-05,0.0
1329,2015-06-30,0.0
1343,2010-08-19,0.0
1349,2009-02-07,0.0
1368,2017-06-30,0.0
1372,2014-06-30,0.0
1399,2011-12-31,0.0
1401,2012-07-01,0.0
1464,2020-06-30,0.0
1467,2019-07-14,0.0
1489,2007-02-12,0.0
1557,2014-06-30,0.0
1561,2011-04-16,0.0
1576,2014-06-30,0.0
1582,2013-09-15,0.0
1587,2015-10-04,0.0
1599,2019-04-27,0.0
1616,2004-10-27,0.0
1642,2007-01-19,0.0
1672,2012-01-23,0.0
1678,2013-06-30,0.0
1717,2016-06-30,0.0
1747,2006-10-06,0.0
1748,2014-08-09,0.0
1762,2017-08-03,0.0
1818,2006-10-06,0.0
1896,2020-01-02,0.0
1897,2012-10-28,0.0
1940,2014-07-21,0.0
1944,2018-06-30,0.0
1952,2011-06-29,0.0
1956,2013-07-10,0.0
1967,2010-02-27,0.0
2011,2005-09-15,0.0
2017,2013-06-30,0.0
2054,2014-06-30,0.0
2073,2007-09-03,0.0
2081,2013-09-12,0.0
2117,2010-02-28,0.0
2123,2009-09-05,0.0
2150,2016-06-30,0.0
2198,2014-06-30,0.0
2211,2013-09-12,0.0
2214,2015-06-30,0.0
2222,2012-12-28,0.0
2232,2017-06-30,0.0
2241,2012-07-04,0.0
2270,2010-03-06,0.0
2276,2010-06-30,0.0
2282,2010-07-01,0.0
2283,2011-03-12,0.0
2289,2007-05-30,0.0
2296,2010-07-01,0.0
2346,2011-06-29,0.0
2362,2010-07-01,0.0
2393,2005-06-30,0.0
2394,2009-12-02,0.0
2409,2006-02-25,0.0
2422,2004-12-21,0.0
2464,2016-12-31,0.0
2472,2009-07-13,0.0
2482,2007-06-17,0.0
2504,2009-06-07,0.0
2514,2019-12-31,0.0
2567,2011-08-24,0.0
2608,2017-10-12,0.0
2641,2014-06-30,0.0
2649,2017-06-30,0.0
2659,2011-06-30,0.0
2681,2012-07-01,0.0
2699,2015-01-02,0.0
2799,2010-07-01,0.0
2806,2006-06-30,0.0
2824,2005-06-30,0.0
2857,2023-12-31,0.0
2861,2012-07-01,0.0
2878,2018-02-09,0.0
2880,2015-12-31,0.0
2881,2020-02-26,0.0
2893,2012-09-22,0.0
2902,2014-08-09,0.0
2904,2018-06-30,0.0
2925,2018-06-30,0.0
2956,2014-06-30,0.0
2963,2017-06-30,0.0
3004,2010-07-22,0.0
3014,2012-01-04,0.0
3015,2015-07-06,0.0
3016,2013-01-01,0.0
3046,2007-06-29,0.0
3059,2016-08-17,0.0
3097,2006-06-03,0.0
3103,2013-12-09,0.0
3107,2004-10-22,0.0
3112,2013-07-26,0.0
3131,2014-08-09,0.0
3143,2012-07-01,0.0
3170,2015-06-30,0.0
3171,2013-01-30,0.0
3179,2018-03-28,0.0
3185,2012-10-31,0.0
3194,2014-08-05,0.0
3202,2017-08-09,0.0
3217,2009-11-10,0.0
3220,2016-06-12,0.0
3223,2009-07-04,0.0
3224,2016-06-30,0.0
3250,2006-02-21,0.0
3264,2010-12-28,0.0
3270,2015-11-25,0.0
3272,2009-09-08,0.0
3273,2016-06-30,0.0
3277,2008-12-07,0.0
3287,2015-06-30,0.0
3336,2011-06-29,0.0
3353,2008-06-30,0.0
3357,2016-06-30,0.0
3378,2011-08-16,0.0
3392,2008-07-01,0.0
3432,2019-01-31,0.0
3435,2011-03-24,0.0
3446,2009-06-30,0.0
3447,2015-12-31,0.0
3454,2013-04-23,0.0
3456,2014-01-31,0.0
3482,2010-04-30,0.0
3485,2008-08-23,0.0
3490,2013-06-30,0.0
3495,2014-06-30,0.0
3504,2008-06-30,0.0
13,2007-02-19,0.0
26,2018-06-04,0.0
34,2011-07-01,0.0
38,2006-01-31,0.0
112,2011-08-07,0.0
122,2010-07-01,0.0
133,2009-06-04,0.0
171,2007-02-12,0.0
206,2008-07-01,0.0
209,2008-07-01,0.0
210,2006-06-30,0.0
227,2011-06-29,0.0
239,2011-06-29,0.0
304,2009-09-05,0.0
317,2013-06-30,0.0
332,2017-06-30,0.0
337,2007-01-16,0.0
339,2009-06-30,0.0
367,2012-12-31,0.0
369,2009-06-30,0.0
1013,2021-06-30,0.0
1077,2014-06-30,0.0
1078,2014-01-22,0.0
1081,2017-07-01,0.0
1093,2006-07-29,0.0
1103,2016-06-30,0.0
1118,2008-07-01,0.0
1187,2011-10-26,0.0
1239,2014-06-30,0.0
1244,2006-06-30,0.0
1260,2014-12-31,0.0
1271,2023-06-30,0.0
1276,2009-06-30,0.0
1307,2014-10-21,0.0
1330,2009-01-31,0.0
1335,2014-03-19,0.0
1336,2013-06-30,0.0
1378,2014-04-29,0.0
1393,2009-12-27,0.0
1426,2016-10-10,0.0
1491,2016-06-30,0.0
1492,2007-06-19,0.0
1531,2009-08-25,0.0
1546,2008-11-16,0.0
1560,2014-06-30,0.0
1565,2020-01-27,0.0
1568,2014-12-31,0.0
1586,2021-06-30,0.0
1589,2012-03-02,0.0
1598,2018-06-30,0.0
1630,2007-06-30,0.0
1682,2014-02-04,0.0
1716,2013-06-30,0.0
1722,2013-06-30,0.0
1746,2016-06-30,0.0
1749,2015-12-09,0.0
1781,2005-08-14,0.0
1812,2016-07-25,0.0
1819,2009-07-03,0.0
1820,2008-11-16,0.0
1873,2010-06-30,0.0
1891,2015-03-12,0.0
1914,2009-06-24,0.0
1920,2011-09-20,0.0
1926,2011-12-13,0.0
1943,2012-07-01,0.0
1974,2008-02-03,0.0
2018,2011-07-10,0.0
2048,2016-06-30,0.0
2052,2004-12-16,0.0
2060,2004-12-12,0.0
2068,2008-08-29,0.0
2087,2010-11-18,0.0
2133,2008-08-29,0.0
2141,2004-10-25,0.0
2146,2011-02-12,0.0
2148,2017-07-26,0.0
2154,2022-06-30,0.0
2157,2012-01-12,0.0
2175,2023-06-30,0.0
2234,2009-11-15,0.0
2295,2014-06-30,0.0
2304,2007-09-10,0.0
2306,2015-06-30,0.0
2328,2004-11-28,0.0
2343,2015-06-30,0.0
2386,2015-06-30,0.0
2421,2020-06-30,0.0
2437,2010-06-30,0.0
2452,2020-12-27,0.0
2453,2022-05-31,0.0
2574,2016-06-30,0.0
2604,2007-08-04,0.0
2654,2011-07-18,0.0
2685,2015-06-30,0.0
2689,2014-01-22,0.0
2712,2016-06-30,0.0
2773,2014-06-30,0.0
2777,2012-10-12,0.0
2805,2016-12-26,0.0
2810,2010-02-27,0.0
2825,2010-02-02,0.0
2847,2015-08-07,0.0
2871,2014-08-09,0.0
2888,2011-08-18,0.0
2894,2014-02-13,0.0
2898,2011-03-13,0.0
2900,2011-08-29,0.0
2915,2013-09-12,0.0
2940,2015-05-10,0.0
2953,2013-09-02,0.0
2964,2014-07-21,0.0
2970,2014-08-09,0.0
2995,2009-06-09,9000000.0
2997,2023-10-24,0.0
3008,2009-05-18,0.0
3019,2010-07-29,0.0
3031,2007-07-19,0.0
3038,2011-06-30,0.0
3045,2009-06-30,0.0
3053,2019-02-21,0.0
3091,2013-06-30,0.0
3135,2009-12-21,0.0
3139,2013-06-30,0.0
3140,2011-02-14,0.0
3157,2012-08-29,0.0
3163,2017-02-01,0.0
3182,2019-08-17,0.0
3206,2011-08-04,0.0
3207,2014-12-31,0.0
3216,2020-07-02,0.0
3221,2013-09-11,0.0
3233,2013-11-02,0.0
3238,2008-11-12,0.0
3247,2009-10-17,0.0
3280,2013-06-30,0.0
3285,2013-12-29,0.0
3289,2007-09-10,0.0
3296,2017-11-23,0.0
3299,2014-06-30,0.0
3305,2011-03-02,0.0
3306,2019-03-21,0.0
3308,2018-06-30,0.0
3313,2020-02-08,0.0
3321,2019-06-30,0.0
3322,2019-06-30,0.0
3328,2009-10-19,0.0
3333,2025-05-29,1000000.0
3335,2011-08-22,0.0
3356,2016-06-30,0.0
3360,2012-07-19,0.0
3363,2008-09-10,0.0
3364,2007-02-12,0.0
3365,2016-12-31,0.0
3366,2017-12-16,0.0
3385,2010-10-18,0.0
3391,2020-12-31,0.0
3397,2013-06-30,0.0
3404,2013-06-30,0.0
3407,2012-07-01,0.0
3410,2012-12-03,0.0
3416,2012-09-18,0.0
3418,2011-04-07,0.0
3422,2012-09-18,0.0
3445,2022-04-17,0.0
3449,2012-12-28,0.0
3462,2015-07-13,0.0
12,2006-06-30,0.0
29,2011-09-17,0.0
31,2009-06-30,0.0
32,2009-07-07,0.0
37,2007-09-05,0.0
107,2016-12-31,0.0
145,2009-04-27,0.0
150,2008-07-01,0.0
153,2008-09-07,0.0
164,2005-06-30,0.0
170,2008-08-29,0.0
174,2007-10-24,0.0
192,2007-06-19,0.0
196,2008-07-01,0.0
213,2008-12-31,0.0
216,2008-01-10,0.0
217,2007-06-19,0.0
222,2009-06-30,0.0
229,2013-09-12,0.0
243,2013-09-20,0.0
246,2011-08-16,0.0
277,2016-06-30,0.0
281,2011-06-29,0.0
287,2015-06-30,0.0
299,2013-06-30,0.0
305,2012-07-22,0.0
318,2010-02-05,0.0
322,2012-07-01,0.0
352,2009-12-31,0.0
354,2014-12-31,0.0
362,2015-06-30,0.0
1023,2011-06-29,0.0
1025,2013-12-27,0.0
1061,2007-03-08,0.0
1080,2014-08-09,0.0
1105,2008-08-18,0.0
1108,2004-12-12,0.0
1115,2011-06-30,0.0
1123,2011-10-30,0.0
1126,2019-06-30,0.0
1150,2017-06-30,0.0
1157,2010-09-07,0.0
1165,2012-06-30,0.0
1170,2011-07-19,0.0
1175,2009-05-08,0.0
1177,2010-07-20,0.0
1179,2012-07-01,0.0
1180,2010-07-01,0.0
1181,2004-11-30,0.0
1199,2011-08-04,0.0
1253,2012-07-01,0.0
1289,2013-07-18,0.0
1296,2011-07-18,0.0
1298,2007-06-24,0.0
1301,2014-06-30,0.0
1327,2017-06-30,0.0
1338,2017-06-30,0.0
1363,2017-06-30,0.0
1364,2010-07-12,0.0
1370,2011-01-23,0.0
1371,2005-12-11,0.0
1381,2015-01-14,0.0
1397,2013-06-30,0.0
1400,2011-06-09,0.0
1415,2009-09-23,0.0
1428,2014-11-02,0.0
1432,2013-04-09,0.0
1446,2016-06-30,0.0
1457,2011-02-09,0.0
1473,2007-09-03,0.0
1483,2005-06-30,0.0
1490,2011-09-02,0.0
1496,2015-06-30,0.0
1551,2009-12-25,0.0
1563,2016-06-30,0.0
1564,2008-12-13,0.0
1571,2013-06-30,0.0
1601,2009-08-05,0.0
1611,2011-09-28,0.0
1613,2017-06-30,0.0
1626,2010-09-20,0.0
1643,2008-10-15,0.0
1720,2014-01-21,0.0
1727,2010-01-10,0.0
1736,2015-06-30,0.0
1739,2012-06-30,0.0
1742,2014-12-31,0.0
1743,2016-06-30,0.0
1791,2018-06-30,0.0
1792,2018-11-30,0.0
1794,2012-07-04,0.0
1811,2017-01-09,0.0
1824,2011-01-16,0.0
1825,2005-09-15,0.0
1836,2008-01-03,0.0
1840,2011-12-28,0.0
1883,2004-10-20,0.0
1969,2008-04-10,0.0
1979,2012-06-30,0.0
1986,2019-06-30,0.0
2019,2006-06-30,0.0
2071,2021-06-30,0.0
2074,2014-01-08,0.0
2120,2013-06-30,0.0
2122,2017-06-30,0.0
2127,2008-07-01,0.0
2167,2010-02-27,0.0
2170,2015-02-25,0.0
2189,2007-09-11,0.0
2199,2007-11-25,0.0
2201,2019-01-31,0.0
2212,2016-06-30,0.0
2244,2008-07-01,0.0
2257,2007-07-20,0.0
2258,2008-07-01,0.0
2333,2016-01-25,0.0
2334,2018-06-30,0.0
2358,2019-01-06,0.0
2368,2010-07-01,0.0
2371,2012-07-01,0.0
2375,2012-01-09,0.0
2448,2013-07-01,0.0
2450,2012-09-06,0.0
2533,2010-12-31,0.0
2535,2009-06-30,0.0
2539,2016-11-27,0.0
2540,2010-08-10,0.0
2549,2019-01-14,0.0
2575,2007-06-19,0.0
2581,2017-06-30,0.0
2587,2018-03-28,0.0
2624,2015-06-30,0.0
2684,2011-09-13,0.0
2704,2015-01-20,0.0
2708,2005-09-25,0.0
2734,2012-07-03,0.0
2813,2013-06-30,0.0
2855,2007-06-19,0.0
2882,2020-07-31,0.0
2886,2011-07-29,0.0
2889,2012-07-01,0.0
2908,2013-11-20,0.0
2912,2010-07-12,0.0
2923,2018-11-04,0.0
2926,2017-11-30,0.0
2933,2012-08-04,0.0
2934,2013-06-30,0.0
2993,2014-06-30,0.0
2998,2018-06-30,0.0
3002,2013-07-07,0.0
3034,2007-09-05,0.0
3037,2010-02-01,0.0
3044,2012-07-17,0.0
3081,2012-08-15,0.0
3109,2016-12-31,0.0
3111,2006-07-09,0.0
3115,2016-06-30,0.0
3117,2011-03-23,0.0
3123,2006-06-30,0.0
3134,2012-08-24,0.0
3145,2019-06-30,0.0
3150,2007-08-22,0.0
3156,2014-10-15,0.0
3174,2019-09-22,0.0
3193,2011-06-29,0.0
3195,2018-02-09,0.0
3205,2014-08-09,0.0
3218,2010-01-06,0.0
3226,2015-12-31,0.0
3236,2012-09-13,0.0
3241,2014-08-09,0.0
3248,2007-07-08,0.0
3251,2014-06-30,0.0
3253,2009-04-14,0.0
3255,2008-02-26,0.0
3256,2019-06-30,0.0
3278,2014-12-14,0.0
3284,2012-12-28,0.0
3291,2020-08-26,0.0
3293,2008-04-10,0.0
3300,2009-03-14,0.0
3310,2014-06-30,0.0
3312,2012-02-21,0.0
3315,2013-07-10,0.0
3327,2013-06-30,0.0
3332,2021-01-14,0.0
3337,2010-01-08,0.0
3373,2017-02-02,0.0
3383,2013-12-31,0.0
3393,2014-12-31,0.0
3394,2007-08-28,0.0
3408,2018-05-31,0.0
3434,2007-07-26,0.0
3438,2007-07-02,0.0
3451,2017-02-20,0.0
3458,2016-06-30,0.0
3461,2016-01-06,0.0
3464,2016-06-30,0.0
3472,2008-08-23,0.0
3516,2011-06-29,0.0
3536,2017-10-04,0.0
3537,2012-06-30,0.0
3539,2020-05-26,0.0
3548,2016-12-28,0.0
3569,2017-06-30,0.0
3576,2007-08-04,0.0
3579,2014-06-30,0.0
3584,2013-07-04,0.0
3609,2016-12-31,0.0
3613,2016-06-30,0.0
3621,2012-09-18,0.0
3624,2008-07-01,0.0
3643,2008-08-10,0.0
3647,2012-12-31,0.0
3651,2009-09-09,0.0
3666,2014-03-20,0.0
3673,2009-12-04,0.0
3676,2015-07-16,0.0
3677,2020-09-11,0.0
3698,2019-06-30,0.0
3721,2015-07-12,0.0
3723,2013-08-09,0.0
3727,2007-09-02,0.0
3768,2018-06-30,0.0
3771,2017-06-30,0.0
3780,2012-03-17,0.0
3805,2008-03-08,0.0
3814,2009-01-08,0.0
3825,2018-07-31,0.0
3851,2019-06-30,0.0
3852,2016-12-27,0.0
3861,2008-07-31,0.0
3866,2015-09-09,0.0
3873,2020-06-30,0.0
3876,2018-11-30,0.0
3879,2010-11-23,0.0
3900,2017-04-19,0.0
3906,2013-01-26,0.0
3912,2014-12-31,0.0
10005,2012-04-30,0.0
10006,2009-07-13,0.0
10011,2016-06-30,0.0
10045,2012-03-30,0.0
10052,2019-12-09,0.0
10053,2007-08-31,0.0
10062,2013-11-14,0.0
10118,2015-06-30,0.0
10121,2020-02-09,0.0
10134,2010-06-30,0.0
10150,2015-09-30,0.0
10200,2011-06-30,0.0
10223,2016-06-30,0.0
10241,2011-10-17,0.0
10242,2009-06-30,0.0
10250,2018-06-30,0.0
10256,2014-12-31,0.0
10364,2017-06-30,0.0
10372,2013-01-02,0.0
10378,2007-02-19,0.0
10418,2010-07-31,0.0
10435,2011-05-23,0.0
10471,2025-06-05,250000.0
10502,2014-06-30,0.0
10503,2023-06-30,0.0
10733,2014-06-30,0.0
10890,2006-09-21,0.0
10893,2015-01-17,0.0
10894,2016-04-29,0.0
11351,2008-06-18,0.0
11367,2010-07-09,0.0
11421,2019-02-27,0.0
11496,2009-10-17,0.0
11514,2012-12-07,0.0
11640,2012-07-01,0.0
11653,2010-04-13,0.0
11661,2008-07-31,0.0
11738,2011-11-13,0.0
11869,2017-06-30,0.0
12031,2016-03-26,0.0
12033,2013-07-25,0.0
12036,2015-06-30,0.0
12042,2007-07-16,0.0
12053,2012-07-04,0.0
12060,2013-09-04,0.0
12084,2008-07-08,0.0
12100,2011-11-27,0.0
12110,2007-02-12,0.0
12128,2017-06-30,0.0
12249,2025-06-01,750000.0
12275,2016-06-30,0.0
12376,2015-12-31,0.0
12509,2013-08-19,0.0
12522,2006-01-16,0.0
12571,2013-08-03,0.0
12622,2011-10-30,0.0
12650,2010-08-04,0.0
12654,2018-01-16,0.0
12656,2014-01-21,0.0
12665,2017-06-30,0.0
12694,2018-06-30,0.0
12701,2012-06-29,0.0
12717,2009-06-30,0.0
12721,2010-12-01,0.0
12741,2013-06-30,0.0
12742,2013-08-25,0.0
12745,2017-10-18,0.0
12751,2013-03-06,0.0
12752,2018-11-12,0.0
12758,2017-10-18,0.0
12763,2021-06-30,0.0
12770,2011-07-01,0.0
12771,2018-10-15,0.0
12791,2016-08-24,0.0
12792,2010-08-22,0.0
12816,2014-06-30,0.0
12825,2009-12-26,0.0
12826,2014-10-31,0.0
12831,2011-07-17,0.0
12841,2011-07-01,0.0
12842,2011-05-23,0.0
12848,2013-03-08,0.0
12864,2021-06-30,0.0
12906,2019-10-19,0.0
12912,2014-08-27,0.0
12926,2016-06-30,0.0
12979,2022-07-31,0.0
13034,2015-06-30,0.0
13036,2015-06-30,0.0
13048,2014-02-13,0.0
13051,2015-06-30,0.0
13055,2010-07-12,0.0
13060,2007-06-19,0.0
13097,2011-07-31,0.0
13099,2016-06-30,0.0
13103,2019-06-30,0.0
13122,2017-12-20,0.0
13132,2011-06-29,0.0
13135,2010-06-30,0.0
13137,2015-06-30,0.0
13139,2009-03-19,0.0
13148,2019-09-12,0.0
13158,2011-06-30,0.0
13183,2015-11-30,0.0
13209,2010-12-24,0.0
13215,2011-06-30,0.0
13216,2019-07-28,0.0
13225,2013-07-01,0.0
13230,2018-09-24,0.0
13244,2010-07-04,0.0
13249,2013-07-28,0.0
13268,2007-07-02,0.0
13283,2021-06-30,0.0
13284,2014-10-27,0.0
13286,2014-06-30,0.0
13291,2014-01-01,0.0
13304,2010-02-12,0.0
13305,2014-03-11,0.0
13327,2013-08-05,0.0
13331,2013-07-26,0.0
13341,2011-06-15,0.0
13381,2010-10-14,0.0
13396,2013-06-29,0.0
13400,2013-07-26,0.0
13411,2012-10-31,0.0
13415,2009-06-30,0.0
13435,2025-02-05,0.0
13437,2014-10-27,0.0
13441,2013-06-30,0.0
13445,2014-06-30,0.0
13450,2012-06-30,0.0
13470,2013-07-15,0.0
13472,2017-06-30,0.0
13476,2012-07-20,0.0
13477,2012-09-20,0.0
13480,2012-09-22,0.0
13483,2019-06-30,0.0
13485,2018-12-31,0.0
13491,2018-04-29,0.0
13492,2016-01-30,0.0
13493,2020-07-07,0.0
13507,2020-07-26,0.0
13515,2013-12-22,0.0
13518,2018-06-30,0.0
13532,2017-05-11,0.0
13540,2015-06-30,0.0
13573,2020-07-31,0.0
13575,2014-04-29,0.0
13576,2012-07-18,0.0
13581,2012-03-30,0.0
13582,2019-08-04,0.0
13599,2012-06-30,0.0
13609,2013-06-30,0.0
13610,2011-06-19,0.0
13660,2016-06-30,0.0
13681,2011-06-30,0.0
13686,2019-06-30,0.0
13709,2012-10-20,0.0
13712,2010-01-08,0.0
13726,2013-11-15,0.0
13729,2019-06-30,0.0
13730,2005-11-26,0.0
13731,2011-09-13,0.0
13734,2014-08-09,0.0
13740,2014-10-27,0.0
13741,2011-05-15,0.0
13746,2007-11-04,0.0
13758,2012-01-01,0.0
13763,2019-06-30,0.0
13783,2016-06-30,0.0
13787,2010-03-02,0.0
13789,2009-06-30,0.0
13791,2007-09-02,0.0
13797,2011-06-11,0.0
13830,2020-06-30,0.0
13832,2015-05-31,0.0
13842,2010-09-07,0.0
13861,2011-04-24,0.0
13888,2009-06-30,0.0
13910,2011-06-30,0.0
13923,2007-10-09,0.0
13940,2011-03-13,0.0
13942,2013-10-07,0.0
13946,2020-06-30,0.0
13948,2011-06-15,0.0
13959,2017-04-19,0.0
13977,2010-06-30,0.0
13986,2013-07-30,0.0
13992,2011-04-13,0.0
13993,2016-06-30,0.0
14017,2013-06-30,0.0
14023,2012-03-30,0.0
14030,2015-06-30,0.0
14032,2014-06-30,0.0
14033,2009-05-01,0.0
14040,2015-06-30,0.0
14043,2025-06-30,0.0
14045,2013-05-29,0.0
14048,2016-01-15,0.0
14054,2016-02-07,0.0
14064,2013-06-29,0.0
14065,2015-06-30,0.0
14066,2021-06-30,0.0
14069,2015-02-24,0.0
14084,2010-12-31,0.0
14120,2011-06-30,0.0
14124,2016-10-31,0.0
14129,2017-12-31,0.0
14143,2005-06-30,0.0
14146,2012-12-22,0.0
14149,2018-11-30,0.0
14151,2013-01-22,0.0
14159,2009-06-30,0.0
14164,2009-12-31,0.0
14166,2018-03-26,0.0
14171,2015-06-30,0.0
14172,2021-03-08,0.0
14175,2012-09-20,0.0
14195,2021-06-30,0.0
3520,2007-06-19,0.0
3551,2016-06-30,0.0
3556,2012-09-04,0.0
3557,2007-10-31,0.0
3559,2018-09-19,0.0
3560,2017-06-30,0.0
3565,2013-08-23,0.0
3566,2012-02-05,0.0
3567,2014-09-02,0.0
3573,2014-07-01,0.0
3583,2015-12-31,0.0
3589,2013-10-10,0.0
3598,2015-05-17,0.0
3599,2015-12-31,0.0
3601,2012-09-18,0.0
3604,2015-12-31,0.0
3620,2016-06-30,0.0
3630,2017-06-30,0.0
3636,2013-05-22,0.0
3638,2017-05-31,0.0
3644,2007-06-19,0.0
3649,2012-05-18,0.0
3656,2008-04-10,0.0
3659,2014-12-31,0.0
3660,2020-04-21,0.0
3668,2019-12-31,0.0
3682,2014-08-09,0.0
3693,2012-09-18,0.0
3700,2013-12-30,0.0
3703,2009-06-30,0.0
3705,2006-06-24,0.0
3717,2011-07-26,0.0
3749,2004-12-31,0.0
3762,2018-12-31,0.0
3764,2016-10-21,0.0
3776,2018-06-30,0.0
3777,2017-06-30,0.0
3783,2014-06-30,0.0
3785,2017-06-30,0.0
3787,2008-03-17,0.0
3798,2007-09-25,0.0
3810,2009-10-17,0.0
3818,2013-06-30,0.0
3821,2007-07-22,0.0
3822,2016-11-30,0.0
3824,2018-08-05,0.0
3831,2008-06-30,0.0
3835,2017-11-30,0.0
3836,2011-09-09,0.0
3858,2016-06-30,0.0
3874,2010-09-11,0.0
3885,2013-06-30,0.0
3902,2011-01-21,0.0
3923,2013-01-28,0.0
3924,2018-11-30,0.0
3926,2013-06-30,0.0
14204,2010-12-25,0.0
14219,2017-06-30,0.0
14221,2022-11-14,0.0
14222,2007-08-12,0.0
14232,2012-09-11,0.0
14259,2023-10-29,0.0
14263,2017-06-30,0.0
14282,2017-09-26,0.0
14286,2011-03-14,0.0
14289,2014-02-20,0.0
14299,2013-06-30,0.0
14301,2015-06-30,0.0
14326,2010-06-30,0.0
14334,2018-10-21,0.0
14336,2015-09-29,0.0
14337,2009-06-30,0.0
14345,2013-01-02,0.0
14369,2012-06-29,0.0
14371,2020-06-30,0.0
14375,2008-01-28,0.0
14379,2012-06-30,0.0
14396,2013-11-06,0.0
14398,2015-06-30,0.0
14400,2014-04-22,0.0
14515,2014-06-29,0.0
14587,2009-03-18,0.0
14593,2005-10-03,0.0
14620,2007-06-30,0.0
14645,2007-02-12,0.0
14653,2011-05-07,0.0
14654,2007-10-15,0.0
14664,2015-06-30,0.0
14678,2017-10-18,0.0
14744,2013-03-08,0.0
14774,2008-06-30,0.0
14794,2018-09-03,0.0
14798,2015-06-30,0.0
14801,2013-03-08,0.0
14814,2013-11-30,0.0
14855,2012-02-10,0.0
14861,2011-04-14,0.0
14864,2009-10-18,0.0
14873,2011-06-30,0.0
14876,2006-06-30,0.0
14942,2019-06-30,0.0
14950,2013-08-12,0.0
14977,2019-12-31,0.0
14979,2023-03-06,0.0
15018,2018-04-30,0.0
15037,2018-07-11,0.0
15164,2024-09-24,0.0
15199,2018-01-04,0.0
15202,2012-05-01,0.0
15210,2009-11-18,0.0
15306,2015-08-15,0.0
15413,2011-10-30,0.0
15449,2018-01-23,0.0
15460,2011-08-14,0.0
15461,2021-08-04,0.0
15463,2017-06-30,0.0
15493,2011-02-20,0.0
15522,2010-07-04,0.0
15546,2019-06-30,0.0
15615,2009-06-30,0.0
15693,2018-06-30,0.0
15695,2013-04-30,0.0
15773,2023-06-30,0.0
15774,2009-09-07,0.0
15803,2015-06-30,0.0
15812,2011-06-29,0.0
15819,2013-06-30,0.0
15843,2019-12-31,0.0
15889,2005-10-03,0.0
15890,2022-06-21,0.0
15929,2020-07-20,0.0
15930,2023-10-18,0.0
15960,2011-06-15,0.0
15974,2017-06-30,0.0
15980,2017-04-19,0.0
15981,2021-06-30,0.0
16049,2014-03-04,0.0
16050,2012-03-19,0.0
16058,2024-03-18,0.0
16089,2014-06-30,0.0
16101,2023-06-30,0.0
16126,2015-12-31,0.0
16151,2012-11-06,0.0
16160,2013-10-15,0.0
16232,2012-07-30,0.0
16267,2008-06-28,0.0
16319,2007-09-03,0.0
16477,2016-04-21,0.0
16493,2009-03-26,0.0
16498,2020-08-10,0.0
16499,2016-01-15,0.0
16586,2022-12-31,0.0
16629,2010-07-13,0.0
16634,2020-08-31,0.0
16669,2018-05-05,0.0
16698,2014-04-03,0.0
16726,2019-06-30,0.0
16733,2007-12-11,0.0
16791,2024-05-23,0.0
16877,2020-06-11,0.0
16885,2007-12-31,0.0
16993,2024-09-27,0.0
16999,2007-07-21,0.0
17088,2008-01-24,0.0
17123,2019-08-12,0.0
17127,2023-06-30,0.0
17128,2018-08-30,0.0
17129,2022-06-30,0.0
17208,2019-06-30,0.0
17221,2018-12-31,0.0
17256,2011-11-04,0.0
17270,2020-04-30,0.0
17286,2020-02-05,0.0
17294,2014-10-21,0.0
17323,2015-10-31,0.0
17328,2020-10-04,0.0
17350,2019-07-02,0.0
17361,2010-06-30,0.0
17369,2012-06-30,0.0
17374,2014-05-31,0.0
17386,2018-09-17,0.0
17396,2019-06-30,0.0
17420,2010-09-07,0.0
17447,2015-06-30,0.0
17448,2017-06-30,0.0
17555,2018-06-30,0.0
17556,2011-05-20,0.0
17663,2022-10-03,0.0
17675,2015-07-01,0.0
17733,2023-06-30,0.0
17896,2007-07-16,0.0
17899,2010-09-06,0.0
17919,2018-06-30,0.0
17930,2016-03-22,0.0
17976,2022-10-03,0.0
17996,2017-06-30,0.0
17997,2005-01-12,800000.0
18013,2017-01-29,0.0
18093,2019-12-21,0.0
18110,2012-06-30,0.0
18117,2013-06-30,0.0
18131,2012-09-22,0.0
18137,2011-06-30,0.0
18210,2012-05-15,0.0
18278,2017-07-14,0.0
18310,2018-06-30,0.0
18322,2023-06-30,0.0
18377,2006-09-28,0.0
18412,2014-03-23,0.0
18434,2011-06-30,0.0
18445,2022-05-07,0.0
18511,2007-02-14,0.0
18513,2013-07-10,0.0
18531,2017-06-30,0.0
18535,2017-06-30,0.0
18547,2020-09-07,0.0
18601,2019-06-30,0.0
18649,2011-05-11,0.0
18654,2019-07-14,0.0
18664,2011-06-29,0.0
18702,2018-06-30,0.0
18709,2023-10-24,0.0
18710,2024-06-30,0.0
18742,2007-03-08,0.0
18743,2012-09-14,0.0
18750,2007-07-20,0.0
18756,2007-12-31,0.0
18759,2022-04-07,0.0
18791,2013-05-13,0.0
18806,2011-05-22,0.0
18807,2022-10-03,0.0
18820,2020-06-30,0.0
18840,2015-12-31,0.0
18869,2011-04-24,0.0
18875,2015-02-26,0.0
18945,2022-10-03,0.0
18971,2021-12-31,0.0
18976,2018-04-27,0.0
18981,2020-07-31,0.0
19037,2017-06-30,0.0
19041,2024-06-30,0.0
19050,2014-08-10,0.0
19059,2020-10-15,0.0
19085,2016-12-31,0.0
19087,2015-06-30,0.0
19110,2007-08-21,0.0
19112,2022-12-31,0.0
19128,2006-03-20,0.0
19187,2010-10-17,0.0
19189,2010-08-19,0.0
19191,2020-03-24,0.0
19205,2012-03-17,0.0
19206,2018-12-30,0.0
19216,2020-01-05,0.0
19234,2012-08-09,0.0
19243,2011-03-06,0.0
19249,2013-12-04,0.0
19254,2016-08-17,0.0
19301,2013-09-02,0.0
19321,2014-04-10,0.0
19333,2009-06-07,0.0
19368,2022-12-31,0.0
19387,2013-10-13,0.0
19446,2019-06-30,0.0
19456,2012-09-18,0.0
19503,2016-06-30,0.0
19519,2014-06-30,0.0
19548,2018-06-30,0.0
19641,2016-06-30,0.0
19671,2023-06-29,0.0
19686,2018-01-07,0.0
19690,2015-12-17,0.0
19711,2011-06-30,0.0
19717,2020-01-05,0.0
19740,2011-02-16,0.0
19741,2013-02-11,0.0
19751,2009-01-13,0.0
19755,2017-06-30,0.0
19820,2011-09-08,0.0
19839,2011-03-24,0.0
19857,2015-06-30,150000.0
19929,2012-07-02,0.0
19951,2011-12-26,0.0
19955,2023-12-31,0.0
19976,2020-06-30,0.0
19977,2020-02-16,0.0
19991,2010-07-27,0.0
20005,2023-10-19,0.0
20007,2020-10-15,0.0
20051,2014-04-30,0.0
20052,2014-06-15,0.0
20071,2008-08-24,0.0
20072,2010-08-24,0.0
20074,2010-12-02,0.0
20075,2010-11-29,0.0
20081,2020-06-30,0.0
20092,2009-05-13,0.0
20096,2015-12-17,0.0
20132,2012-06-30,0.0
20136,2018-07-06,0.0
20137,2025-06-01,100000.0
20147,2011-06-30,0.0
20154,2005-06-30,0.0
20188,2025-02-26,0.0
20205,2011-09-20,0.0
20237,2011-09-26,0.0
20276,2021-02-09,0.0
20284,2019-06-30,0.0
20340,2014-06-30,0.0
20347,2019-06-30,0.0
20360,2025-03-13,0.0
20411,2010-10-04,0.0
20437,2011-02-07,0.0
20551,2017-06-30,0.0
20586,2022-06-30,0.0
20797,2017-11-30,0.0
20914,2020-11-22,0.0
20971,2019-06-30,0.0
20981,2021-06-30,0.0
21002,2015-06-30,0.0
21042,2024-06-04,0.0
21046,2019-12-31,0.0
21057,2020-07-31,0.0
21082,2015-08-28,0.0
21101,2025-06-16,10000.0
21158,2015-03-31,0.0
21175,2021-08-03,0.0
21180,2017-06-30,0.0
21221,2013-07-24,0.0
21260,2020-07-31,0.0
21332,2015-11-22,0.0
21333,2024-10-16,0.0
21337,2009-06-30,0.0
21369,2022-09-11,0.0
21382,2019-06-15,0.0
21448,2021-06-30,0.0
21490,2020-11-10,0.0
21523,2017-06-30,0.0
21544,2014-04-14,0.0
21552,2015-11-30,0.0
21600,2007-08-26,0.0
21601,2011-06-29,0.0
21614,2015-06-30,0.0
21695,2017-04-30,0.0
21725,2023-12-31,0.0
21762,2015-06-30,0.0
21788,2011-09-12,0.0
21805,2008-10-25,0.0
21806,2012-06-30,0.0
21822,2016-06-30,0.0
21853,2012-08-03,0.0
22053,2016-06-30,0.0
22066,2016-06-30,0.0
22068,2022-10-20,0.0
22091,2017-02-02,0.0
22225,2008-09-04,0.0
22226,2012-05-18,0.0
22333,2016-06-30,0.0
22338,2020-12-31,0.0
22339,2019-01-08,0.0
22343,2013-06-30,0.0
22344,2006-12-31,0.0
22377,2018-12-31,0.0
22379,2018-06-18,0.0
22395,2020-07-07,0.0
22396,2020-07-07,0.0
22407,2012-09-14,0.0
22409,2010-07-01,0.0
22412,2018-04-28,0.0
22437,2015-07-30,0.0
22447,2015-06-30,0.0
22448,2019-12-31,0.0
22527,2017-12-31,0.0
22533,2007-08-04,0.0
22555,2016-06-30,0.0
22568,2014-08-23,0.0
22572,2007-03-14,0.0
22579,2008-11-17,0.0
22586,2021-06-30,0.0
22618,2017-06-30,0.0
22628,2024-06-30,0.0
22636,2016-06-30,0.0
22645,2017-06-30,0.0
22686,2025-06-18,900000.0
22719,2019-12-31,0.0
22741,2024-03-18,0.0
22764,2015-06-30,0.0
22778,2016-12-08,0.0
22801,2019-12-31,0.0
22811,2024-09-15,0.0
22813,2017-12-31,0.0
22814,2019-06-30,0.0
22830,2014-06-30,0.0
22857,2020-06-30,0.0
22942,2011-04-21,0.0
22951,2018-07-03,0.0
22977,2012-09-22,0.0
23170,2008-09-07,0.0
23218,2020-06-30,0.0
23227,2012-10-19,0.0
23270,2020-06-28,0.0
23287,2014-07-11,0.0
23290,2011-07-11,0.0
23295,2007-06-23,6000000.0
23303,2014-06-30,0.0
23312,2014-06-30,0.0
23338,2023-06-30,0.0
23566,2022-06-30,0.0
23674,2022-10-03,0.0
23833,2010-04-26,0.0
23874,2025-06-09,25000.0
23913,2011-11-30,0.0
23933,2014-07-01,0.0
23936,2009-10-03,0.0
23946,2016-06-30,0.0
23947,2016-04-17,0.0
23953,2011-10-10,0.0
23959,2021-10-07,0.0
23975,2009-10-03,0.0
23976,2021-10-07,0.0
24175,2017-06-30,0.0
24192,2011-06-30,0.0
24379,2021-12-31,0.0
24404,2020-02-16,0.0
24433,2013-02-14,0.0
24445,2015-12-17,0.0
24492,2011-04-24,0.0
24498,2018-06-30,0.0
24621,2015-07-01,0.0
24623,2011-06-29,0.0
24633,2018-12-31,0.0
24657,2017-07-25,0.0
24702,2020-03-04,0.0
24709,2020-06-30,0.0
24713,2017-06-30,0.0
24728,2017-06-30,0.0
24739,2016-06-30,0.0
24858,2013-07-14,0.0
24862,2018-07-16,0.0
24883,2016-06-30,0.0
24944,2015-06-30,0.0
24945,2017-06-30,0.0
24946,2021-06-30,0.0
24951,2015-07-30,0.0
24955,2011-02-21,0.0
24956,2018-06-30,0.0
25019,2010-10-04,0.0
25068,2011-04-24,0.0
25113,2018-07-15,0.0
25119,2016-12-31,0.0
25175,2017-09-26,0.0
25204,2015-12-22,0.0
25206,2010-01-10,0.0
25236,2018-06-30,0.0
25239,2015-03-31,0.0
25294,2011-09-29,0.0
25296,2015-06-30,0.0
25324,2009-09-07,0.0
25366,2019-11-30,0.0
25388,2020-01-22,0.0
25404,2016-06-30,0.0
25411,2014-08-21,0.0
25413,2015-07-02,0.0
25437,2016-11-14,0.0
25441,2020-09-30,0.0
25462,2019-01-20,0.0
25463,2011-12-11,0.0
25468,2019-06-30,0.0
25506,2019-08-14,0.0
25521,2019-01-25,0.0
25525,2012-06-30,0.0
25526,2011-12-31,0.0
25540,2016-06-30,0.0
25545,2018-06-30,0.0
25557,2025-05-25,1200000.0
25565,2017-12-31,0.0
25576,2019-02-21,0.0
25729,2010-12-06,0.0
25775,2015-02-12,0.0
25785,2023-03-06,0.0
25883,2005-10-10,0.0
25892,2017-06-30,0.0
25922,2010-09-09,0.0
25962,2009-06-30,0.0
26063,2017-11-30,0.0
26097,2013-06-30,0.0
26136,2018-09-30,0.0
26147,2018-09-30,0.0
26153,2025-05-11,50000.0
26180,2014-02-02,0.0
26193,2011-06-30,0.0
26231,2020-01-21,0.0
26240,2010-09-30,0.0
26242,2021-02-08,0.0
26247,2019-02-22,0.0
26255,2011-02-21,0.0
26257,2020-02-16,0.0
26259,2012-12-31,0.0
26267,2025-04-03,250000.0
26366,2006-12-31,0.0
26373,2014-06-30,0.0
26374,2016-06-30,0.0
26376,2014-06-30,0.0
26389,2014-12-31,0.0
26397,2016-12-31,0.0
26399,2021-12-14,0.0
26402,2018-01-07,0.0
26436,2020-12-31,0.0
26442,2017-06-30,0.0
26445,2025-06-30,0.0
26447,2015-12-31,0.0
26449,2015-06-30,0.0
26450,2016-06-30,0.0
26451,2016-09-29,0.0
26764,2019-12-31,0.0
26825,2015-12-31,0.0
26827,2018-05-10,0.0
26831,2012-03-30,0.0
26833,2011-09-08,0.0
26835,2011-12-12,0.0
26837,2016-12-31,0.0
26838,2011-02-02,0.0
26843,2007-02-12,0.0
26854,2021-07-31,0.0
26855,2016-02-27,0.0
26858,2014-11-30,0.0
26859,2018-02-18,0.0
26863,2009-02-01,0.0
26865,2017-06-30,0.0
26885,2019-12-31,0.0
26898,2016-06-30,0.0
26934,2020-06-30,0.0
26949,2016-06-30,0.0
27033,2022-06-30,0.0
27245,2021-04-05,0.0
27306,2023-06-30,0.0
27320,2018-04-04,0.0
27341,2016-03-22,0.0
27353,2011-08-07,0.0
27354,2011-06-26,0.0
27363,2019-12-31,0.0
27367,2012-03-07,0.0
27378,2018-12-13,0.0
27400,2014-12-31,0.0
27458,2014-11-30,0.0
27461,2014-06-30,0.0
27462,2023-01-08,0.0
27470,2024-09-24,0.0
27471,2023-10-23,0.0
27486,2023-06-30,0.0
27487,2022-06-30,0.0
27505,2019-12-31,0.0
27507,2012-06-30,0.0
27508,2013-02-03,0.0
27509,2019-06-30,0.0
27511,2022-11-15,0.0
27518,2017-01-31,0.0
27555,2011-06-30,0.0
27571,2008-05-30,0.0
27577,2018-08-28,0.0
27691,2010-08-19,0.0
27707,2015-06-30,0.0
27762,2013-01-30,0.0
27772,2013-01-26,0.0
27776,2018-12-31,0.0
27785,2019-11-07,0.0
27795,2011-01-12,0.0
27796,2021-01-31,0.0
27799,2022-06-27,0.0
27856,2013-06-30,0.0
27898,2020-07-07,0.0
27941,2023-06-30,0.0
27965,2023-08-11,0.0
27980,2021-12-21,0.0
27995,2016-12-19,0.0
27998,2015-12-02,0.0
28003,2025-06-04,18000000.0
28025,2015-12-31,0.0
28043,2011-10-29,0.0
28066,2015-06-30,0.0
28069,2019-12-31,0.0
28084,2021-06-30,0.0
28092,2012-08-27,0.0
28107,2019-01-11,0.0
28151,2009-03-14,0.0
28160,2012-01-22,0.0
28170,2016-12-15,0.0
28179,2022-01-14,0.0
28239,2024-03-06,0.0
28313,2015-06-30,0.0
28327,2011-09-21,0.0
28328,2019-06-30,0.0
28334,2012-12-06,0.0
28337,2018-06-30,0.0
28345,2013-08-07,0.0
28461,2016-07-15,0.0
28805,2012-06-30,0.0
28891,2023-03-06,0.0
28907,2017-06-30,0.0
28925,2009-06-30,0.0
28946,2014-06-30,0.0
28952,2020-01-03,0.0
28970,2009-06-30,0.0
28987,2016-06-30,0.0
28989,2011-08-23,0.0
28993,2010-04-17,0.0
29006,2021-10-27,0.0
29035,2018-06-29,0.0
29042,2020-06-30,0.0
29065,2019-01-21,0.0
29070,2017-04-19,0.0
29072,2023-06-28,0.0
29090,2014-04-16,0.0
29094,2007-11-22,0.0
29098,2010-02-14,0.0
29108,2008-01-23,0.0
29120,2009-06-06,0.0
29127,2018-01-18,0.0
29129,2018-12-31,0.0
29137,2018-09-30,0.0
29156,2015-07-02,0.0
29159,2017-06-30,0.0
29185,2010-06-13,0.0
29186,2012-10-01,0.0
29228,2009-06-30,0.0
29261,2022-08-22,0.0
29284,2011-06-29,0.0
29288,2018-06-30,0.0
29307,2015-12-31,0.0
29316,2020-06-30,0.0
29335,2011-11-02,0.0
29344,2007-03-08,0.0
29378,2013-06-30,0.0
29423,2020-05-03,0.0
29444,2013-12-31,0.0
29455,2011-01-05,0.0
29459,2007-09-19,4500000.0
29515,2010-06-30,0.0
29546,2019-11-20,0.0
29571,2011-06-29,0.0
29572,2012-09-22,0.0
29577,2012-09-18,0.0
29583,2020-11-23,0.0
29613,2014-12-31,0.0
29623,2016-01-15,0.0
29628,2013-09-12,0.0
29659,2019-03-31,0.0
29680,2016-06-30,0.0
29838,2013-11-22,0.0
29841,2013-03-07,0.0
29916,2011-03-24,0.0
29971,2016-06-30,0.0
30003,2023-06-30,0.0
30095,2014-08-09,0.0
30097,2017-04-19,0.0
30220,2021-04-07,0.0
30290,2025-08-14,0.0
30394,2007-12-31,0.0
30396,2017-08-16,0.0
30397,2011-01-29,0.0
30398,2007-02-12,0.0
30417,2012-11-30,0.0
30421,2012-01-04,0.0
30473,2017-06-30,0.0
30548,2016-01-03,0.0
30553,2015-07-07,0.0
30554,2010-06-30,0.0
30556,2018-07-17,0.0
30563,2014-12-31,0.0
30593,2023-12-31,0.0
30600,2012-01-31,0.0
30650,2017-01-18,0.0
30666,2024-06-30,0.0
30670,2025-06-08,150000.0
30687,2025-06-04,100000.0
30703,2016-07-15,0.0
30708,2015-02-09,0.0
30728,2015-12-30,0.0
30754,2012-06-30,0.0
30766,2013-11-30,0.0
30777,2019-01-01,0.0
30797,2017-06-30,0.0
30840,2017-12-31,0.0
30855,2015-12-31,0.0
30872,2019-01-06,0.0
30894,2013-06-30,0.0
30909,2013-05-02,0.0
30924,2010-09-28,0.0
30985,2020-06-30,0.0
31005,2022-07-08,0.0
31007,2022-06-30,0.0
31032,2019-06-30,0.0
31033,2007-06-30,0.0
31059,2009-12-26,0.0
31064,2017-06-30,0.0
31065,2023-01-05,0.0
31090,2015-01-08,0.0
31101,2019-09-26,0.0
31127,2024-03-26,0.0
31200,2013-09-18,0.0
31316,2023-06-30,0.0
31336,2022-11-30,0.0
31354,2013-07-31,0.0
31382,2013-09-04,0.0
31569,2019-08-12,0.0
31599,2025-06-30,0.0
31644,2011-07-24,0.0
31657,2018-06-30,0.0
31681,2014-06-30,0.0
31716,2014-01-28,0.0
31719,2017-06-30,0.0
31720,2022-12-31,0.0
31757,2010-07-02,0.0
31761,2016-03-31,0.0
31835,2022-06-30,0.0
31899,2024-06-30,0.0
32153,2018-06-30,0.0
32233,2015-01-20,0.0
32267,2014-08-09,0.0
32380,2021-08-25,0.0
32382,2018-07-01,0.0
32414,2017-12-31,0.0
32442,2012-06-30,0.0
32447,2014-01-08,0.0
32488,2014-06-30,0.0
32527,2015-12-31,0.0
32561,2018-12-02,0.0
32611,2020-02-17,0.0
32616,2011-03-24,0.0
32632,2016-06-30,0.0
32744,2010-08-19,0.0
32750,2022-06-30,0.0
32799,2020-04-30,0.0
32850,2013-08-06,0.0
32861,2017-12-31,0.0
3511,2007-06-30,0.0
3512,2009-06-30,0.0
3514,2009-11-18,0.0
3519,2008-03-18,0.0
3535,2013-06-30,0.0
3538,2010-10-13,0.0
3541,2011-02-04,0.0
3543,2010-07-01,0.0
3546,2019-06-30,0.0
3549,2010-02-28,0.0
3563,2012-08-08,0.0
3578,2009-02-20,0.0
3595,2010-06-30,0.0
3597,2013-06-30,0.0
3600,2012-09-26,0.0
3603,2009-06-30,0.0
3605,2012-05-10,0.0
3612,2017-05-09,0.0
3619,2010-06-30,0.0
3640,2017-08-07,0.0
3641,2010-07-22,0.0
3646,2013-12-01,0.0
3653,2011-06-29,0.0
3667,2007-10-24,0.0
3674,2007-04-09,0.0
3679,2017-07-25,0.0
3695,2017-06-30,0.0
3707,2016-12-31,0.0
3711,2012-12-13,0.0
3720,2014-08-09,0.0
3747,2009-04-19,0.0
3781,2014-06-30,0.0
3789,2010-01-07,0.0
3791,2015-02-27,0.0
3792,2010-09-03,0.0
3801,2010-05-16,0.0
3816,2015-06-29,0.0
3817,2018-06-30,0.0
3826,2016-03-07,0.0
3840,2010-06-14,0.0
3842,2009-02-18,0.0
3868,2014-03-03,0.0
3875,2022-03-23,0.0
3878,2018-06-30,0.0
3884,2006-06-30,0.0
3901,2014-10-01,0.0
3904,2011-07-18,0.0
3919,2007-11-18,0.0
3922,2010-09-07,0.0
3929,2021-06-30,0.0
3938,2012-10-30,0.0
10024,2013-02-27,0.0
10030,2016-06-30,0.0
10037,2011-06-30,0.0
10058,2023-06-30,0.0
10084,2017-07-25,0.0
10122,2015-08-17,0.0
10127,2014-06-30,0.0
10130,2015-07-26,0.0
10136,2009-06-30,0.0
10152,2015-08-31,0.0
10177,2014-06-30,0.0
10184,2014-06-30,0.0
10251,2014-12-15,0.0
10273,2006-10-25,0.0
10294,2017-06-30,0.0
10373,2012-09-21,0.0
10379,2016-09-12,0.0
10399,2017-02-12,0.0
10425,2019-06-30,0.0
10431,2011-01-21,0.0
10550,2021-11-18,0.0
10553,2011-06-30,0.0
10642,2019-01-12,0.0
10933,2012-09-18,0.0
11006,2013-06-30,0.0
11010,2015-09-13,0.0
11268,2022-06-12,0.0
11317,2016-06-30,0.0
11333,2013-08-18,0.0
11353,2008-07-01,0.0
11378,2017-10-29,0.0
11492,2014-12-14,250000.0
11539,2011-08-29,0.0
11639,2011-07-17,0.0
11641,2015-06-30,0.0
11654,2015-06-30,0.0
11663,2014-06-30,0.0
11680,2019-06-30,0.0
11714,2008-08-16,0.0
11724,2018-06-30,0.0
11732,2007-04-12,0.0
11746,2008-04-10,0.0
11934,2004-11-23,0.0
12028,2017-06-30,0.0
12034,2022-06-30,0.0
12046,2020-01-22,0.0
12077,2012-12-07,0.0
12091,2014-08-09,0.0
12093,2015-07-01,0.0
12096,2017-06-30,0.0
12103,2008-04-10,0.0
12104,2013-06-30,0.0
12116,2012-09-21,0.0
12142,2019-09-15,0.0
12145,2016-03-07,0.0
12351,2018-06-30,0.0
12373,2019-12-28,0.0
12391,2015-06-30,0.0
12401,2017-06-30,0.0
12517,2017-12-31,0.0
12530,2018-06-30,0.0
12572,2011-09-13,0.0
12591,2014-01-18,0.0
12645,2011-01-31,0.0
12649,2014-09-30,0.0
12657,2014-02-09,0.0
12674,2019-03-30,0.0
12679,2013-12-31,0.0
12682,2018-06-30,0.0
12687,2014-04-24,0.0
12688,2022-03-07,0.0
12698,2015-01-25,0.0
12700,2009-02-15,0.0
12702,2017-05-30,0.0
12703,2016-08-20,0.0
12720,2009-09-17,0.0
12723,2014-04-12,0.0
12735,2006-12-10,0.0
12740,2018-12-04,0.0
12743,2018-11-30,0.0
12749,2012-12-31,0.0
12753,2020-11-30,0.0
12800,2006-02-09,0.0
12814,2019-06-30,0.0
12819,2013-10-10,0.0
12821,2007-08-29,0.0
12823,2008-04-10,0.0
12843,2015-04-26,0.0
12845,2012-12-05,0.0
12851,2011-07-18,0.0
12853,2013-06-24,0.0
12856,2012-02-10,0.0
12933,2006-10-26,0.0
12934,2017-06-30,0.0
12949,2015-06-30,0.0
13025,2013-06-30,0.0
13049,2016-06-30,0.0
13077,2014-06-30,0.0
13090,2015-06-30,0.0
13091,2019-12-31,0.0
13092,2011-06-30,0.0
13098,2014-06-30,0.0
13120,2016-06-30,0.0
13121,2022-06-08,0.0
13124,2010-07-01,0.0
13129,2007-07-11,0.0
13130,2010-12-31,0.0
13144,2005-02-02,150000.0
13176,2010-02-16,0.0
13197,2007-06-30,0.0
13207,2012-06-30,0.0
13208,2018-05-31,0.0
13221,2006-06-30,0.0
13240,2017-06-30,0.0
13246,2014-06-30,0.0
13251,2015-11-16,0.0
13261,2011-08-31,0.0
13270,2022-02-01,0.0
13274,2020-05-03,0.0
13277,2009-08-25,0.0
13293,2008-06-30,0.0
13299,2011-08-11,0.0
13300,2014-05-16,0.0
13317,2011-03-24,0.0
13363,2011-06-30,0.0
13373,2007-07-31,0.0
13402,2011-04-20,0.0
13412,2018-07-19,0.0
13414,2013-06-30,0.0
13417,2013-06-30,0.0
13418,2012-02-21,0.0
13424,2015-12-31,0.0
13434,2025-06-30,0.0
13440,2011-12-15,0.0
13447,2015-06-30,0.0
13449,2012-12-24,0.0
13451,2012-10-07,0.0
13461,2015-06-30,0.0
13463,2020-07-01,0.0
13465,2023-10-24,0.0
13466,2012-05-31,0.0
13467,2013-09-30,0.0
13488,2013-06-30,0.0
13495,2012-06-30,0.0
13502,2012-07-01,0.0
13506,2011-03-08,0.0
13508,2012-03-30,0.0
13516,2008-04-10,0.0
13520,2023-11-27,0.0
13521,2015-06-30,0.0
13524,2017-05-16,0.0
13525,2012-09-26,0.0
13530,2007-09-13,0.0
13536,2009-03-26,0.0
13552,2011-09-28,0.0
13554,2013-08-31,0.0
13560,2015-06-30,0.0
13561,2018-08-28,0.0
13562,2023-10-18,0.0
13572,2022-09-14,0.0
13598,2013-06-30,0.0
13616,2016-02-18,0.0
13619,2016-06-30,0.0
13639,2012-03-30,0.0
13640,2016-06-30,0.0
13656,2020-04-16,0.0
13661,2011-04-20,0.0
13662,2012-06-30,0.0
13664,2008-04-10,0.0
13669,2019-09-29,0.0
13677,2009-06-30,0.0
13683,2018-06-30,0.0
13705,2017-08-16,0.0
13706,2014-10-28,0.0
13713,2017-06-30,0.0
13715,2019-07-29,0.0
13717,2013-06-30,0.0
13724,2009-06-30,0.0
13727,2012-03-30,0.0
13738,2010-06-30,0.0
13752,2008-06-30,0.0
13756,2018-12-31,0.0
13777,2010-08-27,0.0
13786,2010-04-26,0.0
13796,2021-06-30,0.0
13798,2014-06-30,0.0
13809,2010-01-03,0.0
13813,2022-10-03,0.0
13815,2019-05-27,0.0
13829,2017-12-31,0.0
13833,2012-01-18,0.0
13844,2016-03-29,0.0
13846,2012-12-07,0.0
13870,2015-07-31,0.0
13872,2022-06-30,0.0
13884,2014-06-30,0.0
13886,2014-06-30,0.0
13890,2010-02-18,0.0
13917,2013-09-27,0.0
13957,2018-06-30,0.0
13960,2018-03-01,0.0
13973,2011-11-30,0.0
13991,2016-01-25,0.0
13995,2013-10-17,0.0
14001,2011-06-02,0.0
14007,2013-11-28,0.0
14009,2009-03-03,0.0
14013,2018-02-07,0.0
14025,2017-06-30,0.0
14029,2017-06-30,0.0
14037,2013-12-31,0.0
14041,2016-06-30,0.0
14047,2021-05-08,0.0
14060,2018-06-30,0.0
14063,2018-06-30,0.0
10023,2014-03-12,0.0
10027,2017-03-28,0.0
10049,2008-04-10,0.0
10082,2012-02-02,0.0
10085,2015-07-11,0.0
10119,2018-01-03,0.0
10128,2016-09-27,0.0
10132,2014-06-30,0.0
10133,2010-06-30,0.0
10143,2024-07-22,0.0
10199,2017-07-30,0.0
10209,2017-06-30,0.0
10245,2016-01-25,0.0
10254,2022-12-31,0.0
10255,2022-06-30,0.0
10259,2014-08-09,0.0
10366,2012-02-29,0.0
10374,2012-07-01,0.0
10430,2011-04-20,0.0
10501,2021-06-30,0.0
10663,2009-12-02,0.0
10892,2011-06-27,0.0
10917,2020-06-30,0.0
10931,2018-06-30,0.0
11161,2006-09-21,0.0
11166,2010-11-30,0.0
11359,2017-10-18,0.0
11364,2014-06-30,0.0
11479,2009-10-17,0.0
11530,2025-06-17,325000.0
11577,2006-09-19,0.0
11599,2006-09-20,0.0
11600,2005-10-19,0.0
11671,2008-10-04,0.0
11785,2005-10-19,0.0
12032,2012-11-04,0.0
12066,2007-11-18,0.0
12086,2008-06-12,0.0
12097,2012-01-20,0.0
12105,2013-09-04,0.0
12117,2014-08-09,0.0
12137,2023-06-30,0.0
12225,2011-07-19,0.0
12233,2017-06-30,0.0
12282,2025-06-08,1500000.0
12349,2006-10-18,0.0
12362,2011-05-26,0.0
12369,2016-12-17,0.0
12384,2021-12-31,0.0
12393,2017-07-26,0.0
12394,2018-06-30,0.0
12396,2010-09-07,0.0
12508,2019-03-11,0.0
12514,2011-05-08,0.0
12515,2016-10-19,0.0
12527,2010-07-01,0.0
12569,2017-06-30,0.0
12570,2015-06-30,0.0
12574,2013-03-08,0.0
12575,2017-10-18,0.0
12577,2015-01-05,0.0
12587,2015-06-30,0.0
12607,2007-06-30,0.0
12610,2017-06-30,0.0
12629,2005-06-30,0.0
12673,2017-06-30,0.0
12699,2012-06-06,0.0
12711,2008-03-08,0.0
12729,2019-06-30,0.0
12731,2013-10-10,0.0
12732,2016-04-17,0.0
12734,2009-10-17,0.0
12746,2015-08-20,0.0
12747,2009-12-13,0.0
12781,2017-10-18,0.0
12786,2016-04-24,0.0
12801,2017-10-18,0.0
12802,2022-10-03,0.0
12815,2010-04-03,0.0
12834,2013-06-30,0.0
12835,2011-09-03,0.0
12852,2009-10-17,0.0
12887,2015-07-01,0.0
12905,2010-07-01,0.0
12917,2014-04-28,0.0
12924,2016-07-31,0.0
12957,2015-07-01,0.0
12966,2018-06-29,0.0
13020,2014-08-10,0.0
13021,2019-06-30,0.0
13031,2012-12-31,0.0
13033,2015-06-30,0.0
13037,2015-01-11,0.0
13045,2011-06-30,0.0
13052,2013-06-30,0.0
13056,2008-08-30,0.0
13065,2015-06-30,0.0
13078,2018-07-03,0.0
13087,2013-06-30,0.0
13094,2014-03-04,0.0
13095,2015-06-30,0.0
13110,2017-07-01,0.0
13114,2014-08-10,0.0
13116,2012-12-26,0.0
13125,2012-10-31,0.0
13136,2013-09-20,0.0
13143,2011-03-01,0.0
13145,2018-03-01,0.0
13147,2018-06-30,0.0
13157,2014-11-19,0.0
13160,2014-06-30,0.0
13171,2011-08-08,0.0
13188,2020-06-13,0.0
13189,2014-06-30,0.0
13211,2013-06-30,0.0
13220,2012-08-24,0.0
13231,2012-09-22,0.0
13233,2011-02-19,0.0
13245,2015-06-30,0.0
13266,2012-02-29,0.0
13271,2020-06-30,0.0
13279,2012-06-30,0.0
13307,2013-07-08,0.0
13308,2007-06-30,0.0
13313,2011-11-09,0.0
13323,2011-06-30,0.0
13333,2014-10-07,0.0
13337,2012-06-30,0.0
13347,2011-06-30,0.0
13350,2020-11-05,0.0
13360,2015-06-30,0.0
13374,2013-06-30,0.0
13377,2010-07-12,0.0
13394,2014-01-10,0.0
13399,2008-06-30,0.0
13403,2011-05-23,0.0
13404,2013-12-24,0.0
13409,2019-10-01,0.0
13426,2016-06-30,0.0
13427,2018-06-30,0.0
13429,2011-03-25,0.0
13431,2020-04-26,0.0
13443,2022-06-30,0.0
13444,2017-01-08,0.0
13456,2011-09-27,0.0
13457,2015-02-12,0.0
13474,2016-04-17,0.0
13479,2012-09-18,0.0
13497,2010-02-14,0.0
13498,2007-02-19,0.0
13522,2013-04-23,0.0
13533,2012-08-19,0.0
13566,2013-06-30,0.0
13568,2013-12-27,0.0
13579,2013-06-30,0.0
13587,2011-10-08,0.0
13588,2007-05-05,0.0
13590,2012-06-30,0.0
13597,2013-04-20,0.0
13604,2019-06-30,0.0
13614,2019-06-30,0.0
13645,2010-11-27,0.0
13653,2010-06-30,0.0
13672,2011-03-12,0.0
13680,2010-07-01,0.0
13695,2018-06-30,0.0
13698,2014-06-30,0.0
13720,2016-06-30,0.0
13723,2018-01-02,0.0
13728,2008-11-08,0.0
13737,2009-12-25,0.0
13743,2015-06-30,0.0
13745,2014-05-16,0.0
13749,2017-06-30,0.0
13782,2009-06-30,0.0
13799,2021-09-19,0.0
13816,2017-06-30,0.0
13862,2017-06-30,0.0
13907,2011-06-30,0.0
13918,2015-06-30,0.0
13919,2018-06-30,0.0
13932,2018-01-29,0.0
13955,2014-12-16,0.0
13964,2015-07-31,0.0
13978,2011-06-26,0.0
13997,2016-09-15,0.0
14002,2013-12-05,0.0
14008,2021-06-30,0.0
14011,2017-12-30,0.0
14024,2009-06-30,0.0
14049,2013-06-30,0.0
14052,2015-06-30,0.0
14070,2008-02-17,0.0
14075,2015-06-30,0.0
14079,2018-06-30,0.0
14085,2016-06-30,0.0
14108,2014-11-30,0.0
14130,2007-08-22,0.0
14157,2013-08-28,0.0
14158,2015-06-30,0.0
14162,2009-12-30,0.0
14163,2015-06-30,0.0
14168,2009-12-11,0.0
14170,2017-06-30,0.0
14173,2010-03-02,0.0
14214,2010-03-27,0.0
14239,2008-01-28,0.0
14268,2015-08-10,0.0
14280,2022-10-03,0.0
14304,2012-07-28,0.0
14311,2016-06-30,0.0
14312,2011-04-25,0.0
14317,2015-06-30,0.0
14331,2017-06-30,0.0
32915,2012-09-22,0.0
32929,2018-11-05,0.0
32950,2021-06-30,0.0
33049,2009-03-01,0.0
33055,2018-07-09,0.0
33056,2019-01-25,0.0
33079,2012-10-01,0.0
33130,2016-01-01,0.0
33159,2014-12-31,0.0
33160,2011-07-24,0.0
33161,2015-12-31,0.0
33233,2017-10-29,0.0
33245,2018-06-30,0.0
33324,2011-05-11,0.0
33325,2008-11-08,0.0
33327,2018-01-07,0.0
33465,2025-03-13,0.0
33481,2025-04-03,0.0
33484,2018-11-25,0.0
33507,2025-06-30,0.0
33515,2010-01-03,0.0
33545,2006-08-24,0.0
33625,2016-07-15,0.0
33657,2019-01-31,0.0
33668,2025-07-14,0.0
33713,2023-08-17,0.0
33729,2020-06-30,0.0
33734,2012-06-30,0.0
33755,2020-04-05,0.0
33793,2023-06-30,0.0
33816,2009-06-30,0.0
33817,2013-11-20,0.0
33818,2013-05-22,0.0
33819,2017-07-12,0.0
33820,2015-12-31,0.0
33873,2025-05-29,250000.0
33875,2013-07-18,0.0
33885,2011-06-30,0.0
33906,2025-03-13,0.0
33909,2008-07-04,0.0
33911,2016-06-30,0.0
33920,2016-04-30,0.0
33943,2016-06-30,0.0
33953,2022-10-04,0.0
33958,2023-06-30,0.0
33967,2011-01-28,0.0
33970,2014-07-31,0.0
34029,2018-05-19,0.0
34053,2023-10-18,0.0
34083,2009-06-30,0.0
34089,2012-08-08,0.0
34094,2013-06-30,0.0
34155,2016-06-30,0.0
34180,2018-06-30,0.0
34214,2008-07-11,0.0
34226,2016-07-19,0.0
34275,2016-12-31,0.0
34279,2015-06-30,0.0
34335,2011-06-30,0.0
34345,2018-02-15,0.0
34346,2020-01-11,0.0
34378,2015-06-30,0.0
34385,2019-06-30,0.0
34393,2021-06-30,0.0
34468,2021-06-30,0.0
34495,2023-03-06,0.0
34520,2020-05-12,0.0
34558,2017-05-24,0.0
34577,2025-06-08,100000.0
34728,2009-09-06,0.0
34753,2020-09-04,0.0
34768,2021-06-30,0.0
34787,2023-07-23,0.0
34839,2014-06-30,0.0
34849,2012-07-12,0.0
34855,2013-06-30,0.0
34857,2014-05-31,0.0
34862,2021-03-31,0.0
34876,2014-02-22,0.0
34910,2011-11-13,0.0
34912,2012-06-30,0.0
34961,2013-06-30,0.0
34970,2017-10-18,0.0
34975,2015-08-18,0.0
35024,2011-06-30,0.0
35099,2025-06-17,50000.0
35173,2018-01-07,0.0
35187,2017-12-31,0.0
35252,2023-11-08,0.0
35264,2014-02-20,0.0
35273,2016-09-21,0.0
35275,2018-07-15,0.0
35278,2019-12-19,0.0
35282,2013-02-06,0.0
35283,2008-10-14,0.0
35364,2017-09-26,0.0
35390,2021-01-06,0.0
35415,2016-06-30,0.0
35424,2017-01-29,0.0
35425,2023-06-30,0.0
35491,2023-12-18,0.0
35503,2020-07-31,0.0
35506,2014-06-30,0.0
35521,2011-06-29,0.0
35531,2022-06-26,0.0
35532,2024-03-06,0.0
35533,2015-04-10,0.0
35537,2025-01-23,0.0
35554,2015-06-30,0.0
35555,2013-07-31,0.0
35558,2018-06-30,0.0
35578,2019-06-30,0.0
35617,2018-10-29,0.0
35631,2022-10-03,0.0
35640,2018-06-30,0.0
35699,2025-05-28,150000.0
35729,2016-08-18,0.0
35761,2019-05-25,0.0
35775,2013-06-30,0.0
35779,2019-06-30,0.0
35856,2013-06-30,0.0
35884,2024-02-05,0.0
35948,2014-06-30,0.0
36094,2017-05-31,0.0
36182,2023-12-19,0.0
36200,2024-05-26,0.0
36217,2022-10-03,0.0
36255,2025-06-23,0.0
36333,2012-05-01,0.0
36348,2022-02-24,0.0
36368,2019-03-04,0.0
36388,2016-08-18,0.0
36423,2016-01-31,0.0
36440,2010-07-31,0.0
36476,2017-03-31,0.0
36500,2022-12-31,0.0
36526,2015-11-29,0.0
36544,2012-06-30,0.0
36623,2007-07-28,0.0
36631,2018-06-30,0.0
36637,2021-09-28,0.0
36645,2013-06-30,0.0
36653,2012-06-30,0.0
36802,2023-06-30,0.0
36835,2010-11-21,0.0
36857,2011-12-31,0.0
36886,2014-11-30,0.0
36900,2012-07-22,0.0
36902,2022-03-07,0.0
36914,2020-02-08,0.0
36952,2014-06-30,0.0
36971,2017-12-31,0.0
37015,2012-12-31,0.0
37040,2025-06-25,25000.0
37069,2020-06-30,0.0
37090,2012-01-25,0.0
37104,2012-06-30,0.0
37106,2012-01-22,0.0
37130,2012-06-30,0.0
37165,2008-02-07,0.0
37168,2010-11-03,0.0
37217,2019-08-20,0.0
37595,2020-11-30,0.0
37599,2019-01-05,0.0
37600,2020-05-03,0.0
37604,2023-11-12,0.0
37647,2025-06-05,750000.0
37676,2015-09-16,0.0
37684,2013-09-12,0.0
37703,2008-06-30,0.0
37710,2015-06-30,0.0
37721,2018-06-29,0.0
37785,2015-01-22,0.0
37787,2023-03-06,0.0
37816,2023-10-18,0.0
37820,2025-06-30,0.0
37839,2023-06-30,0.0
37840,2010-06-30,0.0
37870,2023-06-30,0.0
37873,2022-09-11,0.0
37898,2016-06-30,0.0
37949,2021-09-07,0.0
37981,2022-05-31,0.0
38036,2012-11-09,0.0
38041,2017-10-30,0.0
38067,2010-10-31,0.0
38073,2025-06-17,150000.0
38074,2016-12-21,0.0
38076,2021-04-08,0.0
38193,2014-08-09,0.0
38358,2008-04-10,0.0
38441,2021-04-01,0.0
38536,2023-03-06,0.0
38539,2022-10-03,0.0
38548,2010-07-12,0.0
38689,2015-12-31,0.0
38765,2022-07-03,0.0
38776,2020-06-30,0.0
38780,2025-06-30,0.0
38811,2018-07-29,0.0
38870,2022-08-03,0.0
38874,2019-08-26,0.0
38893,2017-11-30,0.0
38963,2016-10-09,0.0
39020,2020-07-30,0.0
39025,2025-06-22,150000.0
39033,2017-06-30,0.0
39065,2009-09-07,0.0
39070,2013-02-24,0.0
39073,2019-02-14,0.0
39098,2017-12-31,0.0
39099,2022-09-25,0.0
39105,2020-11-09,0.0
39118,2021-10-19,0.0
39150,2024-12-31,0.0
39209,2016-12-03,0.0
39220,2007-11-18,0.0
39288,2011-11-30,0.0
39316,2020-08-27,0.0
39317,2021-06-30,0.0
39338,2021-03-01,0.0
39345,2009-03-12,0.0
14074,2011-07-15,0.0
14093,2011-04-24,0.0
14095,2010-01-05,0.0
14105,2012-06-30,0.0
14139,2012-05-21,0.0
14156,2013-07-08,0.0
14186,2016-06-30,0.0
14192,2018-06-30,0.0
14193,2013-11-30,0.0
14196,2013-07-11,0.0
14227,2011-04-06,0.0
14247,2012-12-31,0.0
14249,2011-04-24,0.0
14257,2014-11-30,0.0
14260,2011-06-20,0.0
14262,2019-06-30,0.0
14269,2012-06-30,0.0
14271,2013-06-30,0.0
14272,2016-06-30,0.0
14274,2019-03-21,0.0
14278,2007-10-24,0.0
14279,2013-08-26,0.0
14288,2012-09-18,0.0
14291,2011-06-30,0.0
14296,2007-08-19,0.0
14323,2013-07-27,0.0
14325,2014-12-31,0.0
14327,2011-04-07,0.0
14341,2009-07-07,0.0
14342,2014-11-30,0.0
14343,2010-07-30,0.0
14350,2009-04-23,0.0
14354,2013-10-06,0.0
14357,2013-06-30,0.0
14390,2011-04-30,0.0
14397,2014-06-30,0.0
14525,2011-05-31,0.0
14534,2019-04-10,0.0
14574,2022-03-20,0.0
14582,2018-06-30,0.0
14671,2008-01-21,0.0
14690,2017-03-30,0.0
14697,2008-05-12,0.0
14699,2015-06-30,0.0
14752,2012-02-22,0.0
14759,2013-03-06,0.0
14765,2011-11-11,0.0
14780,2010-07-01,0.0
14805,2018-12-04,0.0
14813,2011-06-15,0.0
14827,2014-09-28,0.0
14848,2010-06-30,0.0
14852,2014-10-08,0.0
14866,2017-02-02,0.0
14870,2014-04-13,0.0
14882,2016-06-30,0.0
14955,2017-06-30,0.0
15155,2008-07-01,0.0
15185,2025-06-05,200000.0
15250,2014-01-30,0.0
15274,2013-08-15,0.0
15304,2017-12-31,0.0
15331,2016-12-31,0.0
15342,2016-07-24,0.0
15350,2010-01-25,0.0
15445,2018-12-02,0.0
15466,2018-06-30,0.0
15468,2023-07-27,0.0
15469,2016-06-30,0.0
15480,2013-01-11,0.0
15500,2016-07-11,0.0
15501,2008-01-28,0.0
15603,2014-03-11,0.0
15604,2010-06-30,0.0
15620,2010-07-01,0.0
15672,2009-04-30,0.0
15698,2014-07-21,0.0
15708,2016-12-08,0.0
15715,2015-06-30,0.0
15764,2014-06-30,0.0
15793,2007-11-18,0.0
15808,2016-12-31,0.0
15809,2011-05-29,0.0
15835,2018-06-30,0.0
15880,2020-11-30,0.0
15882,2005-12-31,0.0
15895,2018-01-06,0.0
15897,2020-06-30,0.0
15910,2016-08-29,0.0
15914,2015-06-30,0.0
15921,2021-06-30,0.0
15924,2017-06-30,0.0
15926,2014-12-31,0.0
15951,2023-01-20,0.0
15983,2018-09-30,0.0
16001,2013-06-30,0.0
16011,2014-08-09,0.0
16014,2016-06-30,0.0
16048,2010-06-30,0.0
16064,2015-10-07,0.0
16081,2014-04-12,0.0
16091,2015-03-01,0.0
16092,2016-06-30,0.0
16107,2021-05-07,0.0
16120,2022-06-07,0.0
16135,2024-11-08,0.0
16148,2009-10-09,0.0
16158,2019-07-14,0.0
16168,2014-06-30,0.0
16169,2015-06-30,0.0
16205,2007-06-19,0.0
16230,2022-10-03,0.0
16252,2018-09-07,0.0
16301,2008-02-07,0.0
16311,2024-06-30,0.0
16419,2011-07-22,0.0
16458,2022-06-30,0.0
16484,2013-06-30,0.0
16487,2010-07-26,0.0
16488,2017-07-16,0.0
16495,2013-06-30,0.0
16517,2012-07-17,0.0
16534,2016-01-31,0.0
16576,2019-10-16,0.0
16579,2014-04-16,0.0
16591,2019-10-29,0.0
16595,2015-06-30,0.0
16620,2014-08-03,0.0
16621,2015-09-06,0.0
16665,2018-05-05,0.0
16693,2020-09-03,0.0
16701,2013-10-01,0.0
16714,2013-10-01,0.0
16721,2019-06-30,0.0
16722,2016-06-29,0.0
16728,2012-04-22,0.0
16912,2016-06-30,0.0
16922,2023-06-30,0.0
16938,2007-08-02,0.0
17030,2012-07-14,0.0
17042,2020-08-13,0.0
17068,2009-01-31,0.0
17092,2008-10-14,0.0
17134,2015-06-30,0.0
17246,2018-06-30,0.0
17259,2025-06-04,4000000.0
17303,2007-08-12,0.0
17320,2016-06-30,0.0
17334,2008-06-08,0.0
17348,2021-06-30,0.0
17354,2008-07-01,0.0
17363,2005-06-30,0.0
17372,2018-06-30,0.0
17389,2012-11-22,0.0
17435,2016-06-30,0.0
17437,2011-07-10,0.0
17441,2014-08-09,0.0
17465,2024-09-24,0.0
17551,2010-01-03,0.0
17689,2022-06-30,0.0
17710,2011-04-30,0.0
17736,2015-03-12,0.0
17804,2021-06-30,0.0
17998,2012-06-30,0.0
18016,2007-06-30,0.0
18046,2012-07-06,0.0
18092,2017-10-02,0.0
18098,2013-01-12,0.0
18122,2007-03-08,0.0
18224,2014-08-09,0.0
18277,2018-06-30,0.0
18279,2018-12-21,0.0
18299,2013-12-12,0.0
18305,2013-06-30,0.0
18397,2015-06-30,0.0
18411,2014-06-30,0.0
18418,2013-08-19,0.0
18499,2012-06-30,0.0
18537,2014-12-31,0.0
18542,2016-06-30,0.0
18626,2019-06-30,0.0
18706,2015-12-17,0.0
18733,2020-12-31,0.0
18741,2010-07-20,0.0
18749,2008-07-04,0.0
18785,2014-02-20,0.0
18799,2008-10-04,0.0
18870,2017-12-30,0.0
18873,2019-06-30,0.0
18914,2015-11-27,0.0
18918,2025-06-24,50000.0
18922,2025-05-26,7000000.0
18947,2018-01-21,0.0
18954,2016-06-30,0.0
18958,2018-06-30,0.0
19007,2011-10-31,0.0
19040,2020-06-30,0.0
19057,2018-06-30,0.0
19061,2017-06-30,0.0
19063,2018-06-30,0.0
19071,2022-06-29,0.0
19089,2020-02-16,0.0
19101,2011-04-24,0.0
19114,2025-06-30,0.0
19119,2019-06-30,0.0
19138,2017-04-19,0.0
19177,2013-09-17,0.0
19214,2012-09-22,0.0
19218,2013-06-11,0.0
19226,2008-02-07,0.0
19230,2016-06-30,0.0
19279,2021-06-30,0.0
19292,2014-12-31,0.0
19299,2019-06-30,0.0
19332,2006-03-03,0.0
19340,2018-01-02,0.0
19341,2014-12-31,0.0
19343,2016-06-30,0.0
19358,2016-11-23,0.0
19371,2011-12-31,0.0
19378,2016-06-30,0.0
19397,2014-05-17,0.0
19402,2015-03-02,0.0
19408,2012-09-21,0.0
19417,2011-03-24,0.0
19424,2013-02-13,0.0
19439,2014-12-31,0.0
19471,2023-07-04,0.0
19478,2014-08-15,0.0
19485,2013-07-10,0.0
19486,2011-09-20,0.0
19511,2012-06-30,0.0
19512,2014-02-05,0.0
19520,2014-06-30,0.0
19526,2006-10-25,0.0
19670,2017-06-30,0.0
19677,2014-02-13,0.0
19738,2008-02-08,0.0
19748,2008-07-31,0.0
19754,2011-09-08,0.0
19760,2010-12-02,0.0
19806,2010-08-19,0.0
19819,2021-12-31,0.0
19910,2011-06-30,0.0
19911,2009-06-30,0.0
19913,2015-12-17,0.0
19933,2015-06-30,0.0
19935,2005-10-03,0.0
19948,2023-06-30,0.0
19969,2012-08-29,0.0
19975,2019-06-30,0.0
19987,2024-03-18,0.0
19993,2013-04-13,0.0
20006,2018-06-30,0.0
20063,2016-12-31,0.0
20073,2008-08-24,0.0
20076,2016-12-31,0.0
20079,2010-08-19,0.0
20089,2008-08-24,0.0
20100,2019-01-25,0.0
20111,2010-12-02,0.0
20144,2017-10-23,0.0
20152,2014-06-30,0.0
20179,2012-03-17,0.0
20181,2015-12-17,0.0
20182,2010-06-30,0.0
20189,2009-10-11,0.0
20196,2008-02-07,0.0
20202,2010-11-29,0.0
20234,2016-06-30,0.0
20304,2007-06-30,0.0
20362,2016-06-30,0.0
20378,2015-06-30,0.0
20386,2016-02-16,0.0
20389,2010-09-30,0.0
20403,2014-12-31,0.0
20417,2017-01-13,0.0
20441,2011-09-16,0.0
20444,2017-12-21,0.0
20547,2011-05-11,0.0
20584,2019-12-31,0.0
20622,2020-07-31,0.0
20651,2009-06-30,0.0
20675,2015-12-10,0.0
20740,2010-09-13,0.0
20759,2012-06-30,0.0
20879,2023-03-02,0.0
20889,2012-06-30,0.0
20902,2013-08-25,0.0
20949,2011-06-30,0.0
20998,2015-06-30,0.0
21010,2014-08-09,0.0
21021,2017-12-31,0.0
21123,2015-01-31,0.0
21161,2006-11-19,0.0
21178,2016-06-30,0.0
21198,2018-06-30,0.0
21228,2019-05-19,0.0
21249,2019-05-24,0.0
21308,2013-05-31,0.0
21327,2025-06-18,500000.0
21334,2017-08-13,0.0
21363,2011-11-09,0.0
21366,2016-06-30,0.0
21370,2022-09-06,0.0
21401,2016-06-30,0.0
21488,2019-06-30,0.0
21499,2013-10-26,0.0
21530,2014-08-09,0.0
21531,2018-06-30,0.0
21563,2014-03-12,0.0
21572,2015-06-30,0.0
21590,2017-12-30,0.0
21610,2011-06-30,0.0
21611,2015-06-30,0.0
21624,2011-10-13,0.0
21625,2020-08-02,0.0
21647,2007-08-26,0.0
21666,2016-06-30,0.0
21712,2011-12-31,0.0
21716,2008-01-28,0.0
21734,2016-12-07,0.0
21749,2014-06-30,0.0
21828,2008-03-19,0.0
21889,2013-05-31,0.0
22122,2013-07-03,0.0
22130,2021-01-17,0.0
22135,2012-11-30,0.0
22139,2017-06-30,0.0
22173,2011-12-09,0.0
22228,2012-09-04,0.0
22229,2022-06-30,0.0
22230,2017-10-29,0.0
22348,2019-06-30,0.0
22350,2012-03-21,0.0
22372,2022-06-30,0.0
22376,2013-06-30,0.0
22389,2014-06-30,0.0
22411,2010-09-30,0.0
22423,2013-10-18,0.0
22510,2014-07-05,200000.0
22528,2014-08-09,0.0
22548,2013-06-30,0.0
22567,2008-01-28,0.0
22589,2018-12-31,0.0
22614,2024-01-15,0.0
22629,2013-01-14,0.0
22635,2019-02-16,0.0
22642,2017-06-30,0.0
22715,2008-07-01,0.0
22728,2022-06-26,0.0
22729,2014-08-09,0.0
22839,2013-11-07,0.0
22947,2009-07-01,0.0
22961,2012-01-24,0.0
22963,2012-07-20,0.0
23181,2011-08-07,0.0
23205,2019-12-31,0.0
23233,2020-02-16,0.0
23294,2015-12-17,0.0
23311,2009-10-09,0.0
23370,2012-07-01,0.0
23443,2022-10-03,0.0
23883,2022-06-30,0.0
23897,2016-06-30,0.0
23901,2012-12-16,0.0
23902,2009-06-30,0.0
23918,2017-06-30,0.0
23924,2014-06-30,0.0
23948,2011-05-15,0.0
23950,2017-06-30,0.0
23951,2025-09-09,0.0
23952,2019-06-30,0.0
23966,2022-10-03,0.0
23969,2009-06-30,0.0
23974,2023-09-02,0.0
24013,2013-01-30,0.0
24031,2013-05-31,0.0
24057,2017-02-13,0.0
24112,2023-11-27,0.0
24114,2012-07-31,0.0
24200,2013-10-04,0.0
24348,2010-09-05,0.0
24414,2007-06-30,0.0
24484,2025-06-30,0.0
24506,2016-07-09,0.0
24634,2020-01-29,0.0
24637,2019-08-10,0.0
24687,2017-06-30,0.0
24698,2017-06-30,0.0
24735,2011-12-31,0.0
24740,2013-12-31,0.0
24775,2015-08-10,0.0
24792,2010-05-23,0.0
24797,2017-04-29,0.0
24835,2013-06-30,0.0
24863,2014-06-30,0.0
24868,2016-01-28,0.0
24892,2020-06-28,0.0
24902,2021-04-04,0.0
24935,2010-06-30,0.0
24960,2012-06-30,0.0
25086,2019-07-10,0.0
25106,2020-06-28,0.0
25110,2016-12-31,0.0
25116,2009-07-03,0.0
25134,2016-06-30,0.0
25211,2018-08-31,0.0
25243,2013-05-13,0.0
25288,2011-12-31,0.0
25289,2024-07-05,0.0
25293,2015-05-31,0.0
25321,2008-09-18,0.0
25383,2018-06-30,0.0
25389,2020-04-02,0.0
25398,2014-09-29,0.0
25412,2021-09-12,0.0
25425,2016-06-30,0.0
25454,2009-04-17,0.0
25459,2011-06-15,0.0
25460,2014-04-16,0.0
25466,2009-06-30,0.0
25475,2014-06-30,0.0
25478,2013-09-11,0.0
25485,2010-06-30,0.0
25501,2013-10-27,0.0
25505,2018-06-13,0.0
25527,2010-06-30,0.0
25544,2010-08-19,0.0
25546,2019-01-06,0.0
25595,2019-12-31,0.0
25614,2017-07-25,0.0
25742,2021-02-28,0.0
25743,2021-06-30,0.0
25747,2020-08-17,0.0
25812,2017-01-30,0.0
25823,2025-01-20,0.0
25840,2021-06-30,0.0
25976,2019-06-30,0.0
26066,2020-07-19,0.0
26101,2018-02-28,0.0
26157,2015-06-30,0.0
26169,2013-08-08,0.0
26183,2019-06-30,0.0
26188,2010-12-31,0.0
26195,2012-07-03,0.0
26198,2017-08-21,0.0
26199,2023-03-06,0.0
26229,2017-07-13,0.0
26232,2015-06-30,0.0
26235,2009-10-25,0.0
26245,2011-04-24,0.0
26250,2010-10-04,0.0
26252,2013-01-03,0.0
26256,2022-05-26,0.0
26263,2021-06-30,0.0
26307,2018-04-04,0.0
26385,2017-12-31,0.0
26398,2008-12-31,0.0
26438,2019-12-31,0.0
26446,2020-05-07,0.0
26452,2018-06-30,0.0
26453,2016-08-09,0.0
26457,2023-11-12,0.0
26472,2021-04-07,0.0
26485,2025-06-05,150000.0
26486,2019-06-30,0.0
26680,2014-12-01,0.0
26733,2007-08-26,0.0
26751,2021-05-03,0.0
26801,2024-08-26,0.0
26824,2016-03-02,0.0
26841,2019-05-21,0.0
26900,2011-04-02,0.0
26906,2025-06-16,0.0
26913,2011-12-31,0.0
26935,2018-01-07,0.0
27038,2019-01-31,0.0
27135,2016-06-30,0.0
27178,2025-05-29,50000.0
27305,2020-06-30,0.0
27335,2014-12-31,0.0
27352,2010-01-01,0.0
27376,2021-12-31,0.0
27383,2010-09-30,0.0
27387,2017-06-30,0.0
27394,2023-11-13,0.0
27397,2019-08-12,0.0
27406,2012-01-11,0.0
27416,2011-07-10,0.0
27428,2012-07-03,0.0
27490,2024-06-30,0.0
27492,2014-04-16,0.0
27516,2011-04-05,0.0
27535,2009-09-10,0.0
27539,2018-06-30,0.0
27573,2012-01-24,0.0
27576,2022-01-31,0.0
27611,2025-05-22,50000.0
27617,2013-10-29,0.0
27618,2013-06-30,0.0
27657,2017-12-31,0.0
27659,2021-06-30,0.0
27661,2024-12-31,0.0
27676,2008-02-26,0.0
27686,2013-07-01,0.0
27729,2018-12-31,0.0
27758,2015-12-31,0.0
27761,2011-12-31,0.0
27764,2010-12-21,0.0
27767,2021-04-05,0.0
27781,2020-01-31,0.0
27784,2020-01-31,0.0
27786,2013-01-16,0.0
27800,2020-08-30,0.0
27803,2019-01-31,0.0
27824,2023-03-06,0.0
27826,2022-06-30,0.0
27900,2017-06-30,0.0
27921,2015-12-31,0.0
27992,2025-06-08,4000000.0
28008,2014-07-04,0.0
28028,2017-12-31,0.0
28063,2017-06-30,0.0
28078,2017-04-15,0.0
28094,2020-07-07,0.0
28142,2010-07-14,0.0
28145,2010-08-18,0.0
28150,2018-06-30,0.0
28153,2019-04-01,0.0
28154,2016-04-10,0.0
28307,2018-08-05,0.0
28308,2025-06-05,25000.0
28339,2008-07-01,0.0
28396,2025-06-17,1600000.0
28490,2018-09-30,0.0
28511,2019-05-10,0.0
28524,2013-04-12,0.0
28534,2017-06-30,0.0
28649,2021-04-08,0.0
28813,2022-03-07,0.0
28871,2011-08-01,0.0
28900,2011-09-13,0.0
28928,2009-06-30,0.0
28945,2012-02-27,0.0
28950,2011-12-09,0.0
28955,2011-06-15,0.0
28957,2025-06-30,0.0
29060,2021-06-30,0.0
29061,2014-06-30,0.0
29069,2020-06-30,0.0
29073,2019-06-13,0.0
29080,2008-09-12,0.0
29083,2013-01-25,0.0
29086,2021-06-30,0.0
29089,2009-09-07,0.0
29105,2011-08-07,0.0
29107,2011-09-08,0.0
29109,2012-06-30,0.0
29112,2013-02-09,0.0
29114,2010-08-11,0.0
29116,2009-10-09,0.0
29124,2020-05-19,0.0
29131,2010-08-11,0.0
29146,2010-08-11,0.0
29148,2012-07-01,0.0
29151,2008-07-01,0.0
29155,2014-04-16,0.0
29180,2008-02-04,0.0
29196,2015-06-30,0.0
29248,2013-07-24,0.0
29262,2016-12-31,0.0
29277,2024-09-26,0.0
29283,2013-06-30,0.0
29291,2016-03-31,0.0
29301,2010-07-02,0.0
29310,2013-11-13,0.0
29317,2008-07-20,0.0
29329,2011-10-30,0.0
29341,2011-03-17,0.0
29356,2018-06-30,0.0
29357,2012-02-01,0.0
29366,2021-06-30,0.0
29374,2017-12-31,0.0
29386,2018-06-30,0.0
29401,2021-06-30,0.0
29406,2010-06-30,0.0
29414,2020-06-30,0.0
29430,2018-06-30,0.0
29465,2009-11-13,0.0
29492,2014-06-30,0.0
29502,2011-07-26,0.0
29503,2014-06-30,0.0
29559,2025-05-29,500000.0
29576,2017-06-30,0.0
29580,2011-10-31,0.0
29584,2009-06-30,0.0
29590,2007-06-30,0.0
29611,2018-04-30,0.0
29622,2021-06-30,0.0
29641,2016-06-30,0.0
29710,2013-10-10,0.0
29712,2025-05-29,150000.0
29899,2025-08-11,0.0
29903,2020-06-30,0.0
29936,2018-06-30,0.0
29950,2012-06-30,0.0
30194,2013-09-12,0.0
30286,2012-07-11,0.0
30302,2013-04-21,0.0
30308,2020-06-30,0.0
30321,2025-06-08,500000.0
30387,2015-12-31,0.0
30403,2012-05-15,0.0
30409,2015-12-31,0.0
30437,2018-06-30,0.0
30471,2021-06-30,0.0
30532,2018-01-02,0.0
30546,2019-06-30,0.0
30561,2012-06-30,0.0
30604,2014-12-31,0.0
30617,2018-06-26,0.0
30667,2020-02-02,0.0
30674,2021-12-31,0.0
30699,2020-06-30,0.0
30701,2015-06-30,0.0
30706,2010-07-15,0.0
30710,2023-06-30,0.0
30715,2020-06-30,0.0
30731,2018-06-30,0.0
30741,2015-07-01,0.0
30757,2021-06-30,0.0
30759,2024-03-18,0.0
30765,2014-12-31,0.0
30767,2023-02-23,0.0
30849,2014-04-15,0.0
30858,2020-06-30,0.0
30873,2023-07-20,0.0
30926,2015-05-09,0.0
30929,2020-08-27,0.0
30934,2011-07-15,0.0
30942,2023-06-30,0.0
30957,2025-06-01,25000.0
30968,2007-10-31,0.0
31003,2014-12-31,0.0
31057,2022-06-29,0.0
31076,2011-05-05,0.0
31080,2009-12-27,0.0
31109,2016-06-30,0.0
31128,2015-12-14,0.0
31142,2012-01-06,0.0
31155,2016-06-30,0.0
31173,2020-06-30,0.0
31182,2022-12-18,0.0
31196,2025-02-14,0.0
31208,2018-08-15,0.0
31215,2023-06-30,0.0
31218,2022-12-31,0.0
31282,2010-08-19,0.0
31351,2017-06-30,0.0
31358,2019-01-04,0.0
31425,2017-11-30,0.0
31439,2013-05-03,0.0
31444,2022-10-03,0.0
31475,2012-01-19,0.0
31514,2022-06-30,0.0
31544,2020-07-31,0.0
31552,2025-06-17,75000.0
31553,2021-06-30,0.0
31568,2012-11-17,0.0
31579,2016-03-23,0.0
31642,2023-05-03,0.0
31652,2020-08-25,0.0
31688,2017-01-18,0.0
31723,2009-08-10,0.0
31741,2022-06-30,0.0
31753,2019-06-02,0.0
31808,2016-10-03,0.0
31868,2023-10-24,0.0
31909,2024-07-06,0.0
31952,2022-06-30,0.0
31959,2020-06-30,0.0
32029,2020-07-26,0.0
32151,2011-07-21,0.0
32201,2011-01-16,0.0
32326,2019-06-30,0.0
14339,2011-09-16,0.0
14349,2013-12-31,0.0
14351,2011-07-17,0.0
14359,2014-12-03,0.0
14360,2008-04-10,0.0
14385,2015-11-30,0.0
14511,2017-06-30,0.0
14514,2017-06-30,0.0
14535,2018-09-30,0.0
14551,2017-01-01,0.0
14579,2021-09-28,0.0
14611,2007-08-26,0.0
14628,2013-10-10,0.0
14629,2011-04-29,0.0
14649,2007-02-12,0.0
14688,2014-10-06,0.0
14710,2015-01-13,0.0
14724,2008-01-28,0.0
14734,2007-11-18,0.0
14735,2020-07-31,0.0
14746,2020-06-30,0.0
14747,2014-02-19,0.0
14749,2017-10-18,0.0
14777,2011-07-17,0.0
14791,2007-03-08,0.0
14806,2015-02-02,0.0
14809,2018-12-04,0.0
14856,2014-06-30,0.0
14869,2020-04-15,0.0
14874,2013-06-30,0.0
14875,2011-06-29,0.0
14878,2015-07-27,0.0
14885,2009-07-07,0.0
14920,2012-06-30,0.0
14937,2016-06-30,0.0
14949,2018-09-02,0.0
15007,2016-06-30,0.0
15044,2012-01-02,0.0
15094,2018-12-07,0.0
15171,2007-03-08,0.0
15208,2010-02-11,0.0
15275,2018-06-30,0.0
15276,2012-03-20,0.0
15314,2012-12-06,0.0
15416,2011-04-04,0.0
15509,2013-06-30,0.0
15527,2006-06-30,0.0
15528,2011-12-12,0.0
15539,2015-06-30,0.0
15553,2018-12-30,0.0
15581,2015-06-30,0.0
15600,2011-03-27,0.0
15625,2011-04-20,0.0
15646,2013-02-07,0.0
15651,2011-07-10,0.0
15725,2017-04-19,0.0
15768,2012-09-22,0.0
15791,2021-06-30,0.0
15799,2025-06-23,200000.0
15801,2017-06-30,0.0
15804,2016-12-31,0.0
15821,2019-06-30,0.0
15893,2014-08-09,0.0
15894,2015-06-30,0.0
15896,2011-09-29,0.0
15919,2017-04-09,0.0
15928,2020-07-07,0.0
15952,2019-05-22,0.0
15973,2014-06-30,0.0
15978,2015-04-10,0.0
15982,2013-06-30,0.0
15987,2015-06-30,0.0
15988,2010-12-21,0.0
16079,2012-01-15,0.0
16099,2014-10-31,0.0
16100,2011-11-04,0.0
16112,2008-06-25,0.0
16114,2011-11-30,0.0
16122,2018-02-01,0.0
16124,2014-09-09,0.0
16132,2017-04-19,0.0
16173,2013-01-31,0.0
16264,2013-01-01,0.0
16265,2005-12-31,0.0
16316,2008-01-28,0.0
16329,2015-06-30,0.0
16497,2010-07-26,0.0
16510,2010-12-21,0.0
16548,2011-03-24,0.0
16577,2010-08-11,0.0
16588,2010-03-30,0.0
16614,2009-08-05,0.0
16622,2007-11-18,0.0
16628,2016-06-30,0.0
16635,2021-02-28,0.0
16638,2018-09-08,0.0
16682,2018-07-01,0.0
16692,2013-09-12,0.0
16716,2021-12-31,0.0
16743,2018-06-21,0.0
16746,2020-02-14,0.0
16797,2008-06-09,0.0
16814,2013-06-30,0.0
16816,2019-06-30,0.0
16821,2010-10-31,0.0
16830,2017-01-30,0.0
16836,2022-04-07,0.0
16845,2013-06-30,0.0
16880,2011-04-23,0.0
16882,2005-06-30,0.0
16894,2012-06-30,0.0
16918,2019-06-30,0.0
16961,2017-02-02,0.0
16968,2021-03-04,0.0
16969,2016-01-03,0.0
16989,2015-06-30,0.0
17025,2019-06-30,0.0
17080,2008-01-28,0.0
17082,2013-05-09,0.0
17084,2022-06-30,0.0
17102,2011-08-28,0.0
17112,2014-12-31,0.0
17136,2019-06-15,0.0
17209,2009-12-02,0.0
17295,2017-07-25,0.0
17302,2021-10-04,0.0
17331,2016-08-18,0.0
17352,2019-06-30,0.0
17353,2013-12-28,0.0
17362,2019-12-31,0.0
17368,2010-12-31,0.0
17412,2008-02-05,0.0
17417,2016-03-25,0.0
17423,2014-02-13,0.0
17451,2013-01-14,0.0
17682,2013-06-30,0.0
17693,2019-09-09,0.0
17720,2007-06-30,0.0
17734,2017-09-21,0.0
17872,2024-03-28,0.0
17885,2018-06-30,0.0
17902,2018-08-22,0.0
17950,2007-02-12,0.0
17965,2025-06-04,1000000.0
17995,2013-06-30,0.0
17999,2015-06-30,0.0
18011,2014-08-10,0.0
18012,2021-06-30,0.0
18014,2013-06-30,0.0
18021,2020-06-30,0.0
18090,2017-12-31,0.0
18136,2016-06-30,0.0
18146,2013-09-12,0.0
18227,2024-08-01,0.0
18240,2010-07-01,0.0
18248,2018-06-30,0.0
18249,2015-01-12,0.0
18261,2007-08-15,0.0
18298,2016-06-30,0.0
18306,2013-06-30,0.0
18379,2016-10-11,0.0
18428,2009-12-18,0.0
18539,2017-06-30,0.0
18545,2012-06-30,0.0
18564,2014-05-04,0.0
18655,2014-10-21,0.0
18673,2021-04-08,0.0
18684,2023-06-30,0.0
18698,2013-01-22,0.0
18707,2014-03-11,0.0
18730,2018-05-21,0.0
18734,2011-09-28,0.0
18748,2010-04-19,0.0
18752,2007-03-08,0.0
18755,2011-03-06,0.0
18757,2008-09-17,0.0
18789,2013-06-30,0.0
18825,2016-06-05,0.0
18831,2020-01-19,0.0
18856,2014-07-30,0.0
18871,2022-01-27,0.0
18878,2015-06-30,0.0
18894,2015-06-30,0.0
18909,2022-09-06,0.0
18913,2024-09-07,0.0
18934,2025-06-30,0.0
18935,2020-06-30,0.0
18940,2025-06-01,100000.0
18975,2019-04-25,0.0
19082,2019-09-07,0.0
19194,2022-06-12,0.0
19221,2008-11-08,0.0
19228,2012-12-31,0.0
19283,2014-06-30,0.0
19285,2011-02-21,0.0
19319,2014-03-20,0.0
19356,2019-06-30,0.0
19363,2017-06-30,0.0
19375,2020-06-30,0.0
19379,2012-06-30,0.0
19389,2014-06-30,0.0
19407,2022-10-03,0.0
19409,2022-06-07,0.0
19474,2011-06-30,0.0
19502,2014-12-31,0.0
19530,2009-06-30,0.0
19531,2013-06-30,0.0
19639,2009-01-31,0.0
19664,2016-12-31,0.0
19678,2016-07-15,0.0
19689,2010-07-06,0.0
19695,2017-12-15,0.0
19699,2012-06-30,0.0
19736,2024-06-30,0.0
19817,2011-08-29,0.0
19878,2018-01-07,0.0
19894,2009-06-30,0.0
19896,2022-06-30,0.0
19909,2011-10-17,0.0
19922,2014-06-30,0.0
19932,2011-06-29,0.0
19971,2016-06-30,0.0
19979,2021-12-31,0.0
19990,2015-01-12,0.0
19992,2025-06-26,50000.0
20003,2022-06-30,0.0
20044,2017-06-30,0.0
20077,2008-11-08,0.0
20103,2016-06-30,0.0
20104,2018-06-30,0.0
20145,2014-08-10,0.0
20156,2008-06-30,0.0
20159,2011-04-20,0.0
20178,2017-06-30,0.0
20198,2013-06-30,0.0
20211,2008-02-07,0.0
20222,2018-01-07,0.0
20247,2009-06-30,0.0
20250,2009-06-30,0.0
20258,2017-07-09,0.0
20288,2013-07-24,0.0
20298,2015-06-30,0.0
20318,2014-03-10,0.0
20346,2023-06-28,0.0
20351,2020-01-25,0.0
20381,2021-06-30,0.0
20392,2013-08-12,0.0
20405,2018-04-23,0.0
20407,2011-09-03,0.0
20454,2008-11-08,0.0
20578,2015-06-30,0.0
20585,2014-12-01,0.0
20676,2020-11-01,0.0
20681,2021-10-19,0.0
20778,2024-06-30,0.0
20953,2017-06-30,0.0
20969,2020-06-30,0.0
20977,2009-06-30,0.0
20978,2022-06-30,0.0
21038,2018-05-09,0.0
21078,2011-07-18,0.0
21081,2020-05-17,0.0
21096,2020-12-26,0.0
21114,2022-06-21,0.0
21181,2008-05-03,0.0
21194,2013-06-30,0.0
21211,2011-03-13,0.0
21253,2012-12-31,0.0
21254,2019-05-11,0.0
21306,2024-07-06,0.0
21323,2016-06-30,0.0
21398,2018-06-30,0.0
21419,2023-06-25,0.0
21447,2018-08-31,0.0
21454,2013-03-06,0.0
21471,2017-02-02,0.0
21476,2015-06-30,0.0
21482,2017-06-30,0.0
21506,2014-04-14,0.0
21507,2014-08-10,0.0
21509,2015-06-30,0.0
21518,2014-10-29,0.0
21522,2015-06-30,0.0
21527,2014-04-22,0.0
21599,2008-06-30,0.0
21604,2014-06-30,0.0
21608,2006-06-30,0.0
21613,2014-08-10,0.0
21620,2017-06-30,0.0
21622,2011-04-20,0.0
21628,2010-08-31,0.0
21680,2014-06-30,0.0
21703,2022-11-14,0.0
21708,2018-11-13,0.0
21726,2022-06-30,0.0
21755,2011-08-29,0.0
21782,2020-06-30,0.0
21845,2010-09-24,0.0
21851,2013-12-25,0.0
21871,2020-03-02,0.0
21905,2022-06-30,0.0
21975,2015-01-20,0.0
22012,2022-07-26,0.0
22060,2022-06-21,0.0
22087,2011-01-31,0.0
22088,2018-03-31,0.0
22108,2014-11-30,0.0
22149,2021-06-30,0.0
22150,2010-08-13,0.0
22162,2018-05-17,0.0
22211,2015-12-31,0.0
22231,2020-11-16,0.0
22362,2013-06-30,0.0
22381,2010-01-23,0.0
22390,2020-07-29,0.0
22398,2010-01-29,0.0
22403,2014-08-14,0.0
22415,2025-06-05,100000.0
22452,2024-06-30,0.0
22536,2010-06-30,0.0
22554,2013-06-30,0.0
22577,2016-06-30,0.0
22609,2019-06-30,0.0
22613,2017-10-18,0.0
22626,2010-06-30,0.0
22627,2019-01-09,0.0
22631,2007-02-22,0.0
22639,2016-06-30,0.0
22643,2016-03-29,0.0
22723,2017-06-30,0.0
22805,2024-06-30,0.0
22849,2012-12-31,0.0
22943,2018-12-31,0.0
22948,2022-12-16,0.0
22952,2022-10-03,0.0
23013,2011-10-08,0.0
23062,2011-08-07,0.0
23102,2015-09-07,0.0
23114,2010-02-19,0.0
23196,2010-08-11,0.0
23199,2015-06-30,0.0
23206,2011-03-20,0.0
23209,2019-06-30,0.0
23211,2016-06-30,0.0
23220,2017-04-19,0.0
23345,2020-02-28,0.0
23360,2019-11-30,0.0
23553,2025-06-03,500000.0
23817,2021-06-30,0.0
23848,2016-08-04,50000.0
23890,2019-06-03,0.0
23892,2023-03-06,0.0
23905,2012-03-31,0.0
23914,2019-02-07,0.0
23928,2010-02-06,0.0
23931,2014-12-01,0.0
23960,2022-10-03,0.0
23962,2010-09-07,0.0
23970,2016-03-31,0.0
23984,2011-04-30,0.0
24008,2022-06-30,0.0
24081,2018-12-29,0.0
24174,2016-06-30,0.0
24195,2014-07-29,0.0
24204,2012-11-30,0.0
24205,2017-09-26,0.0
24227,2011-07-28,0.0
24339,2011-07-06,0.0
24463,2015-06-30,0.0
24570,2016-03-07,0.0
24635,2020-01-05,0.0
24715,2013-10-02,0.0
24718,2009-01-08,0.0
24731,2013-06-30,0.0
24741,2012-06-30,0.0
24769,2012-06-30,0.0
24788,2014-12-03,0.0
24819,2018-12-31,0.0
24828,2013-06-30,0.0
24832,2018-01-07,0.0
24843,2015-05-31,0.0
24847,2014-06-30,0.0
24877,2016-06-30,0.0
24936,2007-06-19,0.0
24941,2018-06-30,0.0
24942,2011-07-07,0.0
24950,2013-02-09,0.0
24985,2014-09-15,0.0
25010,2015-06-30,0.0
25040,2013-06-30,0.0
25089,2011-12-27,0.0
25101,2017-04-03,0.0
25160,2017-06-30,0.0
25176,2007-06-19,0.0
25177,2012-07-01,0.0
25186,2025-06-17,25000.0
25201,2023-10-18,0.0
25219,2015-03-31,0.0
25231,2015-03-31,0.0
25248,2019-09-19,0.0
25249,2017-05-27,0.0
25316,2023-06-30,0.0
25319,2019-06-30,0.0
25322,2011-08-04,0.0
25380,2018-09-03,0.0
25397,2018-10-29,0.0
25414,2015-09-07,0.0
25419,2012-06-30,0.0
25435,2008-11-08,0.0
25443,2017-06-30,0.0
25446,2018-01-07,0.0
25457,2013-06-30,0.0
25473,2004-10-03,150000.0
25477,2007-09-19,0.0
25502,2017-09-07,0.0
25504,2009-02-01,0.0
25520,2025-05-27,150000.0
25563,2013-06-30,0.0
25791,2011-06-30,0.0
25905,2019-12-27,0.0
25950,2022-06-30,0.0
26056,2018-06-30,0.0
26062,2017-04-20,0.0
26098,2011-07-17,0.0
26137,2010-03-03,0.0
26150,2009-10-06,0.0
26208,2018-12-31,0.0
26228,2013-05-22,0.0
26238,2015-12-31,0.0
26244,2021-05-31,0.0
26249,2018-06-30,0.0
26266,2019-09-09,0.0
26269,2023-12-31,0.0
26270,2020-07-07,0.0
26328,2019-06-30,0.0
26368,2012-02-01,0.0
26369,2013-01-02,0.0
26412,2018-07-26,0.0
26435,2013-06-30,0.0
26437,2015-06-30,0.0
26441,2018-06-30,0.0
26456,2025-01-09,0.0
26459,2019-06-30,0.0
26460,2025-05-21,10000.0
26461,2017-06-30,0.0
26471,2013-12-31,0.0
26482,2017-11-30,0.0
26727,2021-06-30,0.0
26731,2020-06-30,0.0
26735,2020-01-11,0.0
26741,2019-04-14,0.0
26762,2020-06-27,0.0
26774,2013-06-30,0.0
26793,2012-08-07,0.0
26802,2021-09-30,0.0
26823,2016-02-27,0.0
26826,2013-03-30,0.0
26829,2016-01-25,0.0
26842,2009-04-29,0.0
26845,2011-02-03,0.0
26861,2008-12-07,0.0
26864,2010-11-15,0.0
26874,2011-08-06,0.0
26878,2019-03-17,0.0
26884,2017-06-30,0.0
26918,2013-12-31,0.0
26936,2020-06-30,0.0
27003,2007-02-28,0.0
27006,2015-12-08,0.0
27084,2019-04-19,0.0
27116,2016-06-05,0.0
27167,2016-11-30,0.0
27292,2022-12-31,0.0
27321,2010-12-31,0.0
27358,2013-04-11,0.0
27371,2019-12-01,0.0
27386,2011-05-11,0.0
27389,2025-03-15,0.0
27390,2014-06-30,0.0
27396,2011-05-09,0.0
27408,2024-01-04,0.0
27410,2022-10-03,0.0
27424,2011-04-24,0.0
27425,2013-12-31,0.0
27430,2017-06-30,0.0
27439,2022-01-31,0.0
27444,2015-06-30,0.0
27488,2020-06-28,0.0
27493,2025-06-08,100000.0
27517,2011-12-31,0.0
27519,2015-02-17,0.0
27564,2013-06-30,0.0
27614,2019-10-28,0.0
27621,2018-12-20,0.0
27644,2017-04-30,0.0
27664,2012-09-09,0.0
27665,2010-01-10,0.0
27667,2020-06-28,0.0
27668,2012-09-27,0.0
27673,2015-07-02,0.0
27687,2010-08-14,0.0
27695,2009-09-07,0.0
27700,2024-09-26,0.0
27701,2012-06-30,0.0
27735,2014-12-31,0.0
27757,2015-01-18,0.0
27778,2018-12-31,0.0
27791,2014-12-31,0.0
27797,2017-12-31,0.0
27798,2011-12-31,0.0
27814,2012-06-29,0.0
27838,2014-06-30,0.0
27877,2010-06-30,0.0
27889,2013-08-30,0.0
27914,2017-04-19,0.0
27927,2010-07-31,0.0
27947,2014-12-31,0.0
27961,2020-05-29,0.0
27981,2013-06-30,0.0
28040,2010-11-12,0.0
28045,2015-04-27,0.0
28052,2015-07-03,0.0
28086,2017-04-19,0.0
28110,2016-12-31,0.0
28140,2025-04-03,400000.0
28194,2011-05-17,0.0
28260,2017-06-30,0.0
28280,2013-06-30,0.0
28290,2012-12-07,0.0
28311,2016-03-26,0.0
28321,2008-10-12,0.0
28323,2008-07-01,0.0
28336,2019-06-30,0.0
28347,2017-10-29,0.0
28436,2020-09-08,0.0
28443,2017-09-22,0.0
28491,2019-01-14,0.0
28498,2011-02-21,0.0
28536,2019-06-30,0.0
28537,2014-08-31,0.0
28802,2021-12-31,0.0
28837,2012-01-04,0.0
28890,2016-06-30,0.0
28959,2017-01-09,0.0
28984,2023-01-26,0.0
29007,2022-10-03,0.0
29008,2019-05-27,0.0
29016,2018-06-30,0.0
29023,2021-10-07,0.0
29051,2024-06-13,0.0
29055,2018-06-30,0.0
29056,2019-02-13,0.0
29058,2013-06-30,0.0
29066,2015-06-30,0.0
29085,2009-09-07,0.0
29100,2014-11-30,0.0
29110,2008-08-05,0.0
29123,2017-12-25,0.0
29138,2008-05-08,0.0
29147,2012-11-13,0.0
29162,2009-09-07,0.0
29176,2008-09-07,0.0
29178,2021-06-30,0.0
29179,2008-07-25,0.0
29182,2015-07-02,0.0
29212,2012-06-08,0.0
29241,2025-06-05,700000.0
29249,2012-07-27,0.0
29287,2015-01-31,0.0
29289,2012-06-22,0.0
29293,2011-09-04,0.0
29351,2019-10-09,0.0
29364,2025-05-29,600000.0
29375,2017-06-30,0.0
29382,2008-02-07,0.0
29388,2015-07-02,0.0
29403,2014-11-21,0.0
29404,2010-07-24,0.0
29419,2022-06-30,0.0
29456,2021-12-31,0.0
29510,2010-04-10,0.0
29518,2013-05-31,0.0
29561,2015-06-28,0.0
29574,2025-05-25,25000.0
29581,2014-06-30,0.0
29585,2008-01-28,0.0
29586,2025-06-30,0.0
29625,2013-06-30,0.0
29631,2021-01-25,0.0
29673,2010-01-01,0.0
29865,2018-06-04,0.0
29900,2013-01-30,0.0
29933,2018-09-17,0.0
30059,2021-06-30,0.0
30122,2015-06-30,0.0
30365,2018-12-31,0.0
30388,2012-07-25,0.0
30392,2008-06-11,0.0
30401,2013-12-31,0.0
30407,2010-06-30,0.0
30408,2008-02-29,0.0
30410,2013-01-03,0.0
30411,2013-12-31,0.0
30434,2016-11-15,0.0
30476,2019-12-16,0.0
30549,2010-06-30,0.0
30579,2016-06-30,0.0
30591,2005-12-31,0.0
30608,2010-09-10,0.0
30616,2012-01-04,0.0
30654,2016-06-30,0.0
30685,2023-06-28,0.0
30688,2022-12-31,0.0
30696,2014-08-09,0.0
30735,2013-04-24,0.0
30739,2022-09-26,0.0
30747,2020-06-28,0.0
30749,2021-10-19,0.0
30772,2014-12-31,0.0
30779,2018-06-30,0.0
30788,2024-06-30,0.0
30794,2018-12-31,0.0
30809,2023-11-12,0.0
30818,2015-12-31,0.0
30820,2021-12-31,0.0
30825,2024-12-31,0.0
30854,2024-03-06,0.0
30862,2015-12-31,0.0
30864,2015-06-30,0.0
30889,2019-12-31,0.0
30891,2015-12-31,0.0
31027,2022-06-30,0.0
31034,2007-06-30,0.0
31055,2011-09-08,0.0
31074,2011-02-08,0.0
31089,2014-06-30,0.0
31095,2021-10-17,0.0
31119,2021-06-30,0.0
31123,2018-11-29,0.0
31125,2009-07-02,0.0
31152,2015-03-12,0.0
31156,2013-07-10,0.0
31159,2020-10-04,0.0
31169,2022-05-31,0.0
31170,2011-09-30,0.0
31219,2016-03-26,0.0
31292,2022-06-30,0.0
31350,2014-07-14,0.0
31353,2019-06-26,0.0
31393,2014-05-05,0.0
31436,2015-06-30,0.0
31438,2016-12-15,0.0
31451,2017-07-31,0.0
31502,2014-01-31,0.0
31535,2023-06-30,0.0
31556,2019-06-30,0.0
31567,2020-09-26,0.0
31648,2016-06-30,0.0
31649,2017-06-30,0.0
31655,2009-07-14,0.0
31682,2011-06-29,0.0
31685,2019-06-30,0.0
31698,2024-03-06,0.0
31705,2017-07-21,0.0
31821,2020-06-08,0.0
31831,2012-01-04,0.0
31883,2017-06-30,0.0
31897,2007-03-08,0.0
31910,2021-07-19,0.0
31912,2015-06-30,0.0
31968,2025-06-22,100000.0
31982,2011-10-17,0.0
32076,2013-06-30,0.0
32167,2018-06-30,0.0
32439,2018-04-24,0.0
32441,2017-10-27,0.0
32458,2014-06-30,0.0
32476,2021-06-30,0.0
32514,2010-06-30,0.0
32564,2021-06-30,0.0
32620,2017-07-02,0.0
32644,2016-11-09,0.0
32652,2018-06-30,0.0
32677,2024-01-23,0.0
32704,2023-06-30,0.0
32713,2020-06-30,0.0
32732,2018-06-30,0.0
32779,2025-06-23,50000.0
32798,2022-06-30,0.0
32804,2023-10-31,0.0
32816,2022-06-30,0.0
32873,2015-12-31,0.0
32891,2016-12-31,0.0
32898,2012-01-02,0.0
32912,2019-12-30,0.0
33022,2018-06-30,0.0
33078,2023-01-26,0.0
33132,2019-01-25,0.0
33171,2019-06-30,0.0
33237,2020-02-19,0.0
33247,2014-08-03,0.0
33344,2011-06-29,0.0
33348,2018-12-30,0.0
33351,2020-06-30,0.0
33353,2020-03-02,0.0
33439,2019-12-31,0.0
33448,2022-12-31,0.0
33503,2015-11-30,0.0
33509,2014-12-31,0.0
33510,2008-11-08,0.0
33516,2019-07-03,0.0
33530,2018-11-08,0.0
33544,2021-05-11,0.0
33566,2011-12-18,0.0
33570,2015-11-24,0.0
33623,2008-02-07,0.0
33648,2021-06-30,0.0
33649,2008-06-30,0.0
33654,2010-07-01,0.0
33718,2022-06-30,0.0
33754,2024-01-21,0.0
33785,2019-06-30,0.0
33800,2013-06-30,0.0
33821,2021-11-03,0.0
33824,2014-08-10,0.0
33829,2025-05-29,100000.0
33903,2014-10-16,0.0
33913,2012-12-15,0.0
33924,2015-06-30,0.0
33930,2011-06-29,0.0
33935,2013-05-02,0.0
33950,2020-06-30,0.0
33951,2020-01-31,0.0
33957,2013-06-30,0.0
33971,2011-06-30,0.0
34007,2017-06-30,0.0
34012,2008-06-30,0.0
34086,2016-06-30,0.0
34091,2019-06-30,0.0
34118,2013-04-15,0.0
34130,2025-05-29,200000.0
34136,2016-09-10,0.0
34151,2010-09-30,0.0
34165,2012-11-14,0.0
34171,2016-06-30,0.0
34204,2024-09-24,0.0
34227,2011-05-11,0.0
34344,2025-06-19,50000.0
34359,2020-01-15,0.0
34361,2015-12-31,0.0
34377,2016-06-30,0.0
34408,2011-12-14,0.0
34525,2017-09-21,0.0
34538,2018-12-31,0.0
34540,2016-06-30,0.0
34546,2023-06-30,0.0
34548,2019-05-12,0.0
34559,2020-06-30,0.0
34564,2024-01-28,0.0
34565,2008-01-28,0.0
34606,2013-03-29,0.0
34706,2017-09-26,0.0
34713,2018-12-31,0.0
34733,2015-03-12,0.0
34763,2022-06-30,0.0
34779,2017-12-29,0.0
34789,2014-08-10,0.0
34828,2016-06-30,0.0
34913,2025-04-23,75000.0
34924,2009-06-30,0.0
34937,2022-03-22,0.0
34962,2011-06-15,0.0
34978,2016-06-30,0.0
34984,2011-10-25,0.0
35003,2011-08-29,0.0
35007,2015-06-30,0.0
35100,2015-12-31,0.0
35102,2013-11-30,0.0
35104,2012-09-22,0.0
35168,2014-06-30,0.0
35178,2023-06-19,0.0
35184,2019-08-14,0.0
35203,2015-06-30,0.0
35207,2025-06-04,2000000.0
35208,2022-06-30,0.0
35246,2018-06-30,0.0
35261,2018-06-30,0.0
35315,2017-06-29,0.0
35345,2019-06-30,0.0
35358,2018-01-30,0.0
35412,2007-02-17,0.0
35413,2024-09-23,0.0
35416,2025-06-29,50000.0
35454,2020-11-10,0.0
35509,2024-07-07,0.0
35518,2023-07-26,0.0
35519,2016-06-30,0.0
35529,2025-04-03,100000.0
35540,2024-03-18,0.0
35541,2024-06-30,0.0
35547,2022-06-30,0.0
35556,2019-06-30,0.0
35583,2021-06-24,0.0
35586,2012-08-15,0.0
35600,2019-06-30,0.0
35628,2016-06-30,0.0
35646,2015-01-31,0.0
35650,2019-09-07,0.0
35711,2020-05-17,0.0
35715,2016-12-31,0.0
35718,2017-02-20,0.0
35732,2018-12-31,0.0
35764,2018-12-20,0.0
35773,2025-05-26,0.0
35838,2011-09-30,0.0
35872,2025-06-22,100000.0
35939,2021-07-15,0.0
35962,2010-05-27,0.0
36207,2023-06-30,0.0
36221,2016-12-31,0.0
36293,2023-06-30,0.0
36339,2009-11-30,0.0
36385,2013-09-27,0.0
36410,2018-12-29,0.0
36527,2020-08-14,0.0
36590,2009-06-20,75000.0
36591,2014-06-30,0.0
36632,2024-07-23,0.0
36655,2013-03-06,0.0
36720,2021-01-30,0.0
36872,2012-04-28,0.0
36874,2014-06-30,0.0
36889,2017-12-10,0.0
36890,2023-06-30,0.0
36904,2018-06-28,0.0
37010,2023-08-09,0.0
37012,2016-11-04,0.0
37095,2014-06-30,0.0
37138,2019-08-16,0.0
37140,2016-06-21,0.0
37149,2014-06-30,0.0
37151,2011-06-30,0.0
37152,2021-08-18,0.0
37154,2010-09-07,0.0
37156,2010-06-30,0.0
37158,2010-09-06,0.0
37210,2017-01-25,0.0
37216,2025-06-19,10000.0
37236,2020-07-31,0.0
37446,2012-06-30,0.0
37450,2018-11-30,0.0
37457,2021-06-30,0.0
37516,2016-06-30,0.0
37560,2020-12-31,0.0
37621,2017-05-31,0.0
37623,2019-12-20,0.0
37648,2020-08-31,0.0
37658,2012-01-29,0.0
37674,2018-12-01,0.0
37700,2024-09-24,0.0
37738,2020-02-16,0.0
37754,2013-01-18,0.0
37757,2015-03-31,0.0
37786,2011-06-30,0.0
37810,2012-02-11,0.0
37838,2025-05-22,600000.0
37851,2017-06-30,0.0
37875,2017-04-19,0.0
37880,2015-01-12,0.0
37912,2015-06-30,0.0
37934,2025-06-19,50000.0
37945,2020-05-10,0.0
38003,2025-06-08,100000.0
38007,2023-12-31,0.0
38024,2023-12-31,0.0
38040,2018-06-30,0.0
38090,2017-03-22,0.0
38094,2024-11-25,0.0
38099,2009-08-22,0.0
38125,2018-06-30,0.0
38127,2023-07-06,0.0
38184,2014-06-30,0.0
38220,2012-11-01,0.0
38224,2017-12-31,0.0
38264,2015-10-28,0.0
38346,2023-06-30,0.0
38356,2021-08-01,0.0
38360,2022-08-29,0.0
38378,2023-06-30,0.0
38383,2021-03-04,0.0
38392,2021-07-13,0.0
38400,2016-06-30,0.0
38409,2024-06-30,0.0
38414,2023-06-30,0.0
38415,2022-05-31,0.0
38439,2021-06-30,0.0
38501,2013-02-07,0.0
38513,2022-10-06,0.0
38590,2011-02-20,0.0
38591,2020-06-30,0.0
38629,2020-07-07,0.0
38662,2021-10-07,0.0
38763,2020-12-31,0.0
38772,2010-11-02,0.0
38773,2015-10-31,0.0
38800,2023-08-31,0.0
38803,2022-06-30,0.0
38817,2025-05-28,275000.0
38862,2011-09-20,0.0
38962,2016-06-30,0.0
39000,2012-06-30,0.0
39010,2023-01-09,0.0
39015,2025-06-18,200000.0
39017,2014-10-21,0.0
39071,2014-08-24,0.0
39090,2021-07-09,0.0
39095,2023-12-31,0.0
39097,2017-06-30,0.0
39107,2015-01-12,0.0
39125,2025-06-08,800000.0
39240,2023-06-30,0.0
39247,2024-06-07,0.0
39262,2018-09-24,0.0
39302,2016-12-31,0.0
39303,2011-12-31,0.0
39304,2023-06-13,0.0
39306,2024-03-14,0.0
39310,2022-08-04,0.0
39323,2015-06-30,0.0
39340,2023-03-06,0.0
39357,2017-11-30,0.0
39370,2013-05-24,0.0
39384,2009-06-30,0.0
39389,2014-03-07,0.0
39392,2017-06-06,0.0
32177,2015-11-30,0.0
32182,2016-11-30,0.0
32204,2019-11-29,0.0
32343,2018-06-30,0.0
32381,2010-01-19,0.0
32384,2015-06-30,0.0
32444,2020-08-17,0.0
32446,2019-01-25,0.0
32522,2022-06-30,0.0
32525,2011-03-27,0.0
32528,2018-06-30,0.0
32542,2024-06-30,0.0
32574,2023-06-30,0.0
32617,2019-07-25,0.0
32622,2023-09-29,0.0
32648,2016-01-18,0.0
32803,2012-02-17,0.0
32844,2020-11-30,0.0
32882,2018-03-05,0.0
32893,2014-11-01,0.0
32899,2024-12-31,0.0
32900,2010-12-16,0.0
32910,2021-12-31,0.0
32965,2010-10-04,0.0
33026,2011-09-28,0.0
33042,2021-10-04,0.0
33047,2008-02-07,0.0
33088,2011-11-27,0.0
33090,2011-11-20,0.0
33109,2010-06-30,0.0
33111,2011-11-26,0.0
33125,2015-06-30,0.0
33128,2014-03-12,0.0
33189,2017-12-31,0.0
33226,2012-03-30,0.0
33236,2010-06-30,0.0
33260,2016-12-31,0.0
33315,2024-02-09,0.0
33336,2015-12-17,0.0
33343,2021-06-30,0.0
33357,2023-01-10,0.0
33393,2022-07-04,0.0
33416,2023-06-30,0.0
33447,2019-01-27,0.0
33480,2024-09-19,0.0
33491,2018-06-30,0.0
33508,2022-06-30,0.0
33523,2008-01-28,0.0
33533,2011-08-27,0.0
33534,2015-06-30,0.0
33550,2018-01-30,0.0
33552,2013-06-30,0.0
33554,2015-08-19,0.0
33567,2014-01-16,0.0
33568,2013-02-12,0.0
33597,2013-11-01,0.0
33630,2012-12-07,0.0
33651,2024-06-06,0.0
33664,2013-06-30,0.0
33669,2013-06-30,0.0
33706,2024-12-07,0.0
33707,2023-05-29,0.0
33765,2008-11-08,0.0
33783,2020-06-03,0.0
33786,2016-11-04,0.0
33796,2017-01-26,0.0
33799,2018-06-30,0.0
33802,2016-06-30,0.0
33809,2017-06-30,0.0
33811,2013-09-24,0.0
33833,2017-09-14,0.0
33837,2025-06-30,0.0
33866,2021-05-10,0.0
33871,2006-07-31,0.0
33914,2019-06-30,0.0
33915,2007-06-24,0.0
33918,2012-07-04,0.0
33922,2016-05-21,0.0
33923,2022-12-31,0.0
33925,2023-08-13,0.0
33933,2009-07-21,0.0
33934,2024-12-31,0.0
33956,2018-06-30,0.0
33960,2014-09-03,0.0
33963,2021-06-30,0.0
33965,2013-11-17,0.0
33997,2013-02-13,0.0
34009,2014-06-30,0.0
34024,2015-07-30,0.0
34077,2021-10-07,0.0
34156,2025-04-03,50000.0
34161,2022-08-25,0.0
34167,2010-01-03,0.0
34170,2009-06-30,0.0
34179,2014-02-13,0.0
34282,2014-06-30,0.0
34337,2020-03-22,0.0
34340,2018-06-30,0.0
34349,2023-10-18,0.0
34413,2016-03-31,0.0
34497,2013-09-12,0.0
34532,2023-03-06,0.0
34542,2025-06-16,75000.0
34552,2013-09-29,0.0
34554,2020-01-02,0.0
34556,2022-06-30,0.0
34561,2021-06-30,0.0
34572,2021-06-30,0.0
34574,2015-09-03,0.0
34579,2016-07-12,0.0
34592,2012-04-21,0.0
34593,2021-10-27,0.0
34626,2017-06-30,0.0
34851,2019-11-30,0.0
34915,2009-06-30,0.0
34916,2020-03-23,0.0
34922,2013-06-30,0.0
34956,2010-05-02,0.0
34963,2009-06-30,0.0
34967,2008-04-06,0.0
34987,2023-06-30,0.0
35001,2009-08-05,0.0
35012,2019-06-30,0.0
35029,2019-09-29,0.0
35037,2013-06-30,0.0
35041,2009-10-08,0.0
35044,2015-10-14,0.0
35047,2025-06-08,2000000.0
35159,2009-06-30,0.0
35166,2020-03-06,0.0
35185,2019-03-30,0.0
35189,2014-11-30,0.0
35190,2022-10-20,0.0
35195,2016-06-30,0.0
35241,2016-12-31,0.0
35242,2022-04-14,0.0
35270,2014-09-07,0.0
35276,2014-01-29,0.0
35281,2013-06-30,0.0
35348,2007-08-12,0.0
35411,2020-07-07,0.0
35494,2019-02-20,0.0
35515,2014-06-30,0.0
35522,2010-03-28,0.0
35530,2024-03-18,0.0
35534,2018-12-25,0.0
35535,2019-06-13,0.0
35539,2019-06-30,0.0
35543,2020-06-30,0.0
35546,2014-08-06,0.0
35548,2020-11-06,0.0
35552,2017-06-30,0.0
35562,2017-08-21,0.0
35563,2016-12-31,0.0
35567,2024-06-30,0.0
35569,2020-08-23,0.0
35571,2017-09-05,0.0
35576,2011-02-27,0.0
35656,2017-06-30,0.0
35669,2014-06-30,0.0
35695,2018-12-31,0.0
35771,2016-12-31,0.0
35778,2017-10-23,0.0
35783,2009-07-09,0.0
35813,2025-06-04,50000.0
35833,2020-06-30,0.0
35875,2022-06-30,0.0
35951,2013-03-09,0.0
35961,2015-12-31,0.0
36090,2013-10-17,0.0
36185,2007-09-03,0.0
36230,2015-06-30,0.0
36253,2016-12-03,0.0
36291,2024-03-05,0.0
36331,2010-09-10,0.0
36350,2022-06-30,0.0
36355,2024-03-28,0.0
36369,2016-08-18,0.0
36375,2019-08-05,0.0
36392,2017-12-31,0.0
36422,2017-12-19,0.0
36532,2011-09-18,0.0
36534,2022-06-30,0.0
36539,2020-05-12,0.0
36633,2023-10-18,0.0
36638,2015-09-16,0.0
36657,2022-09-24,0.0
36691,2016-12-31,0.0
36709,2025-06-16,50000.0
36735,2014-09-22,0.0
36764,2018-11-30,0.0
36793,2018-06-30,0.0
36866,2021-06-30,0.0
36898,2025-06-30,0.0
36923,2021-06-30,0.0
36928,2020-01-25,0.0
36977,2019-05-18,0.0
36993,2019-05-04,0.0
37007,2010-06-30,0.0
37013,2020-10-20,0.0
37080,2021-04-12,0.0
37085,2015-10-08,0.0
37102,2016-06-30,0.0
37135,2015-05-02,0.0
37148,2019-03-26,0.0
37150,2021-10-14,0.0
37171,2020-06-30,0.0
37219,2013-07-22,0.0
37232,2016-08-31,50000.0
37453,2009-06-30,0.0
37458,2019-02-02,0.0
37501,2018-08-28,0.0
37511,2019-06-30,0.0
37522,2018-01-07,0.0
37574,2020-06-28,0.0
37579,2024-12-31,0.0
37598,2018-12-30,0.0
37653,2016-03-09,0.0
37670,2007-09-15,0.0
37796,2017-05-31,0.0
37834,2025-06-15,100000.0
37858,2016-01-27,0.0
37899,2023-03-06,0.0
37906,2016-06-30,0.0
37917,2023-03-06,0.0
37944,2022-06-30,0.0
37950,2017-06-30,0.0
37954,2018-04-22,0.0
37979,2022-09-13,0.0
38035,2009-12-31,0.0
38037,2011-07-10,0.0
38051,2020-03-26,0.0
38058,2018-05-27,0.0
38065,2018-02-04,50000.0
38091,2022-10-03,0.0
38097,2017-06-30,0.0
38100,2023-06-30,0.0
38120,2025-06-22,75000.0
38145,2024-09-26,0.0
38150,2012-02-05,0.0
38158,2019-01-02,0.0
38192,2024-06-30,0.0
38205,2010-01-03,0.0
38207,2013-01-02,0.0
38267,2022-09-20,0.0
38270,2020-11-01,0.0
38347,2013-08-06,0.0
38369,2020-05-24,0.0
38371,2017-06-30,0.0
38387,2018-06-30,0.0
38390,2018-01-07,0.0
38410,2024-01-31,0.0
38446,2008-11-30,0.0
38586,2020-06-30,0.0
38588,2009-10-09,0.0
38592,2025-06-30,0.0
38608,2019-08-24,0.0
38743,2014-06-30,0.0
38783,2016-03-07,0.0
38785,2013-02-02,0.0
38857,2025-06-26,10000.0
38887,2015-08-23,0.0
39004,2022-06-30,0.0
39034,2011-04-08,0.0
39037,2022-10-03,0.0
39041,2016-06-30,0.0
39049,2025-06-04,50000.0
39142,2010-09-07,0.0
39143,2018-05-23,0.0
39152,2025-06-19,150000.0
39190,2023-06-26,0.0
39198,2017-06-30,0.0
39222,2010-06-30,0.0
39231,2013-07-15,0.0
39259,2024-06-30,0.0
39267,2011-09-08,0.0
39273,2013-02-27,0.0
39275,2012-02-29,0.0
39286,2019-11-30,0.0
39301,2010-03-10,0.0
39325,2011-06-29,0.0
39373,2024-06-30,0.0
3467,2017-11-30,0.0
3468,2008-04-10,0.0
3475,2008-08-02,0.0
3484,2010-11-15,0.0
3489,2011-07-13,0.0
3505,2008-10-20,0.0
3521,2008-07-27,0.0
3532,2012-02-20,0.0
3545,2011-06-30,0.0
3547,2019-12-31,0.0
3552,2007-06-19,0.0
3555,2016-06-30,0.0
3568,2019-04-04,0.0
3570,2013-08-06,0.0
3572,2010-03-19,0.0
3575,2014-08-09,0.0
3582,2017-06-30,0.0
3592,2016-06-29,0.0
3608,2011-11-07,0.0
3614,2016-06-30,0.0
3622,2009-09-23,0.0
3626,2013-09-04,0.0
3650,2012-12-22,0.0
3658,2015-06-30,0.0
3662,2018-08-26,0.0
3664,2008-01-21,0.0
3665,2012-09-27,0.0
3671,2005-06-30,0.0
3672,2013-01-19,0.0
3675,2019-06-30,0.0
3686,2014-01-08,0.0
3701,2016-03-25,0.0
3702,2015-06-30,0.0
3706,2006-06-30,0.0
3708,2008-07-01,0.0
3712,2011-07-09,0.0
3714,2011-06-29,0.0
3755,2025-06-04,100000.0
3758,2007-07-11,0.0
3763,2008-07-23,0.0
3772,2011-02-25,0.0
3788,2014-12-02,0.0
3799,2012-08-09,0.0
3804,2014-06-30,0.0
3812,2017-06-30,0.0
3829,2004-12-31,0.0
3838,2019-09-04,0.0
3854,2015-01-25,0.0
3857,2014-08-09,0.0
3865,2017-04-30,0.0
3867,2007-02-12,0.0
3869,2019-09-01,0.0
3872,2013-08-16,0.0
3881,2019-01-20,0.0
3894,2009-06-30,0.0
3907,2012-11-03,0.0
3930,2022-06-30,0.0
3931,2011-03-13,0.0
3936,2010-03-30,0.0
10003,2021-06-30,0.0
10010,2007-06-24,0.0
10033,2019-06-30,0.0
10051,2012-03-28,0.0
10060,2020-01-05,0.0
10067,2015-09-30,0.0
10070,2009-06-30,0.0
10076,2018-10-22,0.0
10081,2010-06-18,0.0
10120,2010-02-28,0.0
10135,2014-06-30,0.0
10138,2013-09-12,0.0
10139,2017-06-30,0.0
10141,2014-06-30,0.0
10183,2018-09-30,0.0
10197,2008-04-10,0.0
10244,2013-06-30,0.0
10248,2018-10-22,0.0
10261,2011-06-29,0.0
10387,2019-06-30,0.0
10409,2009-06-30,0.0
10421,2018-06-30,0.0
10598,2017-06-30,0.0
11047,2012-07-01,0.0
11111,2025-06-01,125000.0
11288,2018-12-31,0.0
11320,2008-06-30,0.0
11358,2013-11-07,0.0
11360,2016-06-30,0.0
11365,2017-07-06,0.0
11366,2012-09-22,0.0
11507,2008-02-07,0.0
11585,2008-07-01,0.0
11686,2023-10-18,0.0
11689,2011-10-10,0.0
11692,2018-11-04,0.0
11756,2020-03-05,0.0
11765,2020-06-30,0.0
12019,2012-08-26,0.0
12029,2025-06-02,100000.0
12030,2019-12-31,0.0
12069,2011-08-29,0.0
12094,2016-03-26,0.0
12099,2016-06-30,0.0
12106,2018-10-03,0.0
12107,2013-08-03,0.0
12115,2018-12-31,0.0
12141,2019-06-30,0.0
12148,2017-06-30,0.0
12149,2017-04-07,0.0
12150,2011-05-15,0.0
12404,2013-07-02,0.0
12505,2013-09-04,0.0
12507,2014-06-30,0.0
12556,2020-12-31,0.0
12567,2008-09-24,0.0
12578,2012-01-25,0.0
12582,2018-02-22,0.0
12589,2025-06-16,50000.0
12616,2008-07-01,0.0
12619,2010-08-04,0.0
12620,2010-10-27,0.0
12663,2018-01-30,0.0
12683,2016-06-30,0.0
12689,2012-04-30,0.0
12693,2022-06-30,0.0
12704,2021-06-30,0.0
12713,2017-02-22,0.0
12728,2011-05-06,0.0
12730,2011-11-11,0.0
12733,2008-04-10,0.0
12736,2013-10-07,0.0
12737,2015-06-30,0.0
12739,2013-03-08,0.0
12765,2015-06-30,0.0
12773,2023-01-03,0.0
12788,2012-09-26,0.0
12803,2011-07-18,0.0
12804,2016-06-30,0.0
12805,2013-06-30,0.0
12817,2018-06-30,0.0
12827,2005-10-03,0.0
12828,2013-03-08,0.0
12829,2014-12-15,0.0
12836,2015-08-21,0.0
12837,2011-10-17,0.0
12844,2015-12-30,0.0
12863,2011-12-05,0.0
12877,2012-09-22,0.0
12915,2010-08-27,0.0
12937,2008-07-01,0.0
12955,2009-09-22,0.0
12998,2013-08-13,0.0
13017,2015-12-31,0.0
13038,2017-02-17,0.0
13047,2013-06-30,0.0
13058,2016-03-30,0.0
13063,2016-06-30,0.0
13073,2019-09-09,0.0
13084,2008-03-08,0.0
13086,2014-06-30,0.0
13101,2012-03-01,0.0
13105,2019-06-30,0.0
13111,2018-06-30,0.0
13126,2009-07-07,0.0
13138,2011-06-29,0.0
13140,2012-09-08,0.0
13153,2009-04-04,0.0
13173,2009-03-31,0.0
13177,2008-02-05,0.0
13178,2015-07-30,0.0
13179,2012-09-19,0.0
13186,2015-06-30,0.0
13198,2010-06-02,0.0
13199,2018-04-22,0.0
13210,2009-05-18,0.0
13213,2013-07-03,0.0
13217,2021-06-30,0.0
13222,2020-01-05,0.0
13239,2019-07-24,0.0
13242,2016-07-08,0.0
13243,2013-09-30,0.0
13248,2008-08-12,0.0
13252,2012-07-13,0.0
13264,2019-06-30,0.0
13273,2014-06-06,0.0
13289,2015-06-30,0.0
13292,2018-11-09,0.0
13295,2009-09-22,0.0
13301,2010-01-26,0.0
13315,2014-06-30,0.0
13332,2006-06-30,0.0
13367,2012-06-30,0.0
13370,2016-08-29,0.0
13384,2013-05-31,0.0
13389,2017-08-03,0.0
13391,2009-06-30,0.0
13397,2015-06-30,0.0
13398,2017-06-30,0.0
13410,2019-06-30,0.0
13413,2015-06-30,0.0
13416,2013-04-18,0.0
13422,2015-06-30,0.0
13425,2010-08-22,0.0
13432,2009-03-26,0.0
13438,2009-01-28,0.0
13452,2020-06-30,0.0
13453,2012-09-18,0.0
13459,2010-06-30,0.0
13460,2022-06-30,0.0
13471,2013-06-30,0.0
13501,2021-06-30,0.0
13509,2017-09-15,0.0
13513,2011-06-30,0.0
13526,2013-06-30,0.0
13531,2009-07-23,0.0
13543,2016-12-31,0.0
13544,2019-06-30,0.0
13556,2019-03-27,0.0
13569,2015-06-30,0.0
13571,2016-02-02,0.0
13574,2015-11-30,0.0
13586,2023-06-19,0.0
13589,2019-05-04,0.0
13592,2014-03-05,0.0
13605,2015-12-31,0.0
13611,2014-08-05,0.0
13615,2009-04-12,0.0
13642,2011-07-17,0.0
13716,2009-01-13,0.0
13721,2018-07-01,0.0
13722,2012-11-29,0.0
13725,2019-09-26,0.0
13733,2011-03-08,0.0
13735,2010-07-03,0.0
13742,2017-07-01,0.0
13744,2011-05-06,0.0
13755,2013-07-18,0.0
13788,2021-12-31,0.0
13793,2009-04-18,0.0
13794,2009-03-10,0.0
13800,2015-01-29,0.0
13801,2008-04-10,0.0
13834,2013-06-30,0.0
13835,2023-12-31,0.0
13845,2014-06-30,0.0
13864,2012-03-27,0.0
13867,2014-06-30,0.0
13894,2013-12-31,0.0
13909,2012-07-03,0.0
13922,2014-01-05,0.0
13943,2025-06-09,25000.0
13971,2010-11-25,0.0
13981,2018-06-30,0.0
13987,2006-03-04,0.0
13988,2009-12-15,0.0
14000,2007-07-28,0.0
14003,2021-06-30,0.0
14010,2011-06-29,0.0
14012,2006-06-30,0.0
14042,2012-07-29,0.0
14044,2025-08-19,0.0
14055,2012-04-28,0.0
14056,2011-06-30,0.0
14068,2010-07-01,0.0
14081,2022-08-08,0.0
14086,2025-05-29,500000.0
14110,2018-10-04,0.0
14117,2010-01-10,0.0
14118,2014-08-31,0.0
14132,2024-08-07,0.0
14133,2006-06-30,0.0
14135,2011-04-07,0.0
14138,2008-05-08,0.0
14161,2014-06-30,0.0
14167,2010-04-26,0.0
14174,2014-12-31,0.0
14176,2011-06-30,0.0
14177,2021-11-01,0.0
14223,2015-06-30,0.0
14270,2019-06-30,0.0
14281,2015-06-30,0.0
14321,2010-01-10,0.0
14372,2010-06-30,0.0
14378,2010-06-29,0.0
14393,2008-03-03,0.0
14395,2010-06-30,0.0
14513,2021-06-06,0.0
14520,2014-06-30,0.0
14555,2025-05-29,100000.0
14661,2014-02-09,0.0
14669,2013-03-28,0.0
14709,2009-05-22,0.0
14715,2017-10-18,0.0
14768,2024-10-03,0.0
14784,2008-06-30,0.0
14792,2019-06-30,0.0
14799,2009-07-11,0.0
14820,2010-10-20,0.0
14862,2014-03-12,0.0
14863,2017-06-30,0.0
14865,2017-02-02,0.0
14868,2007-10-07,0.0
14871,2014-08-10,0.0
14951,2020-06-09,0.0
14958,2012-07-01,0.0
15013,2011-07-18,0.0
15057,2014-06-26,0.0
15175,2024-09-24,0.0
15209,2014-12-31,0.0
15277,2014-12-31,0.0
15310,2015-07-15,0.0
15347,2016-06-30,0.0
15411,2008-06-30,0.0
15415,2012-12-31,0.0
15420,2016-12-18,0.0
15434,2009-02-09,0.0
15448,2015-11-30,0.0
15454,2016-03-07,0.0
15473,2012-03-01,0.0
15488,2010-06-07,0.0
15496,2005-12-31,0.0
15499,2022-10-03,0.0
15511,2020-10-15,0.0
15568,2025-05-28,50000.0
15614,2015-06-30,0.0
15699,2017-07-17,0.0
15721,2013-06-30,0.0
15760,2021-01-31,0.0
15761,2017-08-21,0.0
15766,2009-08-05,0.0
15783,2019-06-20,0.0
15790,2021-06-30,0.0
15792,2016-06-14,0.0
15796,2016-12-07,0.0
15797,2010-08-11,0.0
15827,2014-11-09,0.0
15829,2014-12-31,0.0
15838,2021-06-30,0.0
15839,2014-06-30,0.0
15870,2010-09-30,0.0
15901,2011-10-28,0.0
15904,2022-01-20,0.0
15923,2011-03-24,0.0
15955,2015-06-30,0.0
15956,2024-12-31,0.0
16003,2012-07-18,0.0
16038,2013-06-30,0.0
16071,2012-10-07,0.0
16074,2013-11-17,0.0
16080,2018-12-29,0.0
16090,2022-10-03,0.0
16093,2009-06-30,0.0
16111,2007-02-12,0.0
16116,2017-05-03,0.0
16118,2016-12-31,0.0
16131,2017-08-21,0.0
16136,2025-06-02,500000.0
16139,2021-01-31,0.0
16150,2013-07-18,0.0
16202,2010-09-09,0.0
16234,2012-03-30,0.0
16251,2012-06-30,0.0
16303,2016-06-30,0.0
16306,2025-05-29,10000000.0
16315,2020-07-31,0.0
16320,2017-06-30,0.0
16474,2023-03-06,0.0
16481,2007-07-11,0.0
16501,2013-07-21,0.0
16506,2014-12-31,0.0
16520,2020-06-30,0.0
16580,2007-11-18,0.0
16584,2014-04-16,0.0
16589,2018-12-31,0.0
16590,2015-06-30,0.0
16616,2014-11-30,0.0
16617,2023-06-30,0.0
16660,2022-10-04,0.0
16661,2009-12-31,0.0
16675,2016-11-30,0.0
16688,2009-12-02,0.0
16704,2004-11-30,0.0
16731,2020-01-02,0.0
16841,2006-08-11,0.0
16881,2022-10-03,0.0
16913,2017-06-30,0.0
16916,2011-05-30,0.0
16921,2016-01-31,0.0
16937,2011-07-06,0.0
16988,2011-06-29,0.0
17029,2017-12-31,0.0
17045,2007-07-17,0.0
17057,2023-06-30,0.0
17072,2015-06-30,0.0
17074,2017-06-30,0.0
17094,2017-07-15,0.0
17100,2014-01-13,0.0
17105,2015-02-04,0.0
17113,2012-07-08,0.0
17122,2014-08-09,0.0
17244,2014-07-02,0.0
17252,2021-12-31,0.0
17285,2017-06-30,0.0
17292,2014-12-31,0.0
17332,2018-01-07,0.0
17370,2017-06-30,0.0
17373,2014-12-31,0.0
17406,2015-07-11,0.0
17407,2010-07-10,0.0
17409,2011-09-24,0.0
17414,2013-09-04,0.0
17415,2012-03-27,0.0
17432,2016-06-30,0.0
17434,2016-04-08,0.0
17443,2023-02-21,0.0
17600,2010-10-17,0.0
17617,2014-06-30,0.0
17658,2014-12-30,0.0
17735,2019-01-25,0.0
17883,2016-04-17,0.0
17884,2011-02-11,0.0
17895,2016-08-01,0.0
17898,2010-07-15,0.0
17904,2010-09-30,0.0
18091,2017-06-30,0.0
18100,2016-12-14,0.0
18114,2008-07-08,0.0
18243,2015-12-17,0.0
18296,2019-12-31,0.0
18297,2024-03-02,0.0
18301,2017-12-31,0.0
18372,2008-08-31,0.0
18415,2013-07-19,0.0
18497,2006-09-17,0.0
18510,2015-06-30,0.0
18514,2016-06-30,0.0
18529,2008-06-30,0.0
18534,2014-08-27,0.0
18608,2006-09-02,0.0
18644,2024-06-30,0.0
18646,2020-07-15,0.0
18712,2011-05-12,0.0
18784,2018-06-30,0.0
18829,2025-06-03,0.0
18833,2020-07-14,0.0
18876,2012-06-30,0.0
18904,2011-09-06,0.0
18907,2016-05-21,0.0
18944,2022-12-31,0.0
18953,2012-01-15,0.0
19010,2012-01-11,0.0
19015,2005-06-30,0.0
19042,2019-07-03,0.0
19049,2013-06-30,0.0
19051,2013-09-04,0.0
19053,2009-06-30,0.0
19068,2010-07-03,0.0
19072,2024-06-30,0.0
19083,2018-05-31,0.0
19104,2023-07-21,0.0
19193,2007-07-31,0.0
19195,2012-04-10,0.0
19281,2017-06-30,0.0
19282,2016-06-30,0.0
19300,2010-01-19,0.0
19310,2012-07-01,0.0
19314,2007-06-30,0.0
19334,2015-05-27,0.0
19335,2018-06-30,0.0
19361,2015-06-30,0.0
19381,2012-06-30,0.0
19384,2015-06-30,0.0
19390,2014-05-07,0.0
19396,2010-06-30,0.0
19399,2014-10-21,0.0
19410,2015-03-02,0.0
19418,2015-03-12,0.0
19426,2015-06-30,0.0
19437,2013-07-10,0.0
19457,2015-07-06,0.0
19483,2025-06-18,600000.0
19549,2018-07-04,0.0
19663,2015-06-30,0.0
19683,2010-11-15,0.0
19684,2011-09-13,0.0
19728,2010-08-19,0.0
19739,2009-03-01,0.0
19743,2018-01-07,0.0
19791,2010-11-29,0.0
19801,2021-08-30,0.0
19851,2010-10-17,0.0
19891,2008-07-31,0.0
19892,2018-09-02,0.0
19904,2007-06-30,0.0
19917,2018-07-21,0.0
19931,2011-11-28,0.0
19947,2022-12-31,0.0
19972,2019-06-30,0.0
19981,2020-11-15,0.0
19984,2021-02-14,0.0
19998,2020-06-30,0.0
20000,2020-03-15,0.0
20004,2011-12-31,0.0
20038,2013-06-30,0.0
20043,2012-07-12,0.0
20060,2017-06-30,0.0
20078,2010-12-02,0.0
20082,2010-07-05,0.0
20091,2010-12-02,0.0
20093,2019-06-30,0.0
20122,2018-06-30,0.0
20127,2010-03-31,0.0
20129,2019-12-31,0.0
20153,2013-06-30,0.0
20173,2015-11-30,0.0
20187,2013-10-06,0.0
20215,2014-08-09,0.0
20264,2019-06-30,0.0
20265,2019-06-30,0.0
20290,2015-06-30,0.0
20296,2020-06-30,0.0
20306,2015-06-30,0.0
20361,2011-06-30,0.0
20394,2018-08-30,0.0
20400,2024-04-21,0.0
20402,2019-01-31,0.0
20406,2016-09-11,0.0
20446,2019-06-16,0.0
20463,2025-05-25,400000.0
20487,2008-06-30,0.0
20499,2014-06-30,0.0
20506,2025-06-30,0.0
20580,2019-06-30,0.0
20751,2014-06-30,0.0
20754,2018-06-30,0.0
20795,2017-06-30,0.0
20801,2010-01-10,0.0
20875,2012-12-03,0.0
20903,2018-06-30,0.0
20905,2016-12-31,0.0
20950,2010-11-30,0.0
20962,2014-01-29,0.0
20963,2014-07-01,0.0
20965,2012-05-06,0.0
20968,2014-06-30,0.0
20975,2019-07-31,0.0
20980,2019-11-18,0.0
20985,2012-06-30,0.0
20987,2017-09-07,0.0
21001,2014-09-28,0.0
21006,2017-12-31,0.0
21025,2013-06-30,0.0
21044,2015-11-30,0.0
21060,2017-06-30,0.0
21064,2014-12-31,0.0
21171,2016-03-26,0.0
21173,2014-06-30,0.0
21224,2017-07-25,0.0
21226,2014-06-30,0.0
21229,2012-07-17,0.0
21296,2017-10-18,0.0
21330,2022-10-03,0.0
21381,2015-06-30,0.0
21387,2019-06-30,0.0
21395,2008-06-30,0.0
21404,2014-08-10,0.0
21409,2022-03-30,0.0
21449,2018-09-03,0.0
21462,2018-06-30,0.0
21479,2011-06-30,0.0
21480,2018-05-31,0.0
21485,2006-06-30,0.0
21493,2014-06-30,0.0
21494,2017-10-29,100000.0
21503,2007-09-21,0.0
21508,2012-07-18,0.0
21516,2011-04-20,0.0
21532,2014-04-14,0.0
21681,2006-06-30,0.0
21704,2008-10-25,0.0
21707,2016-01-14,0.0
21713,2011-09-21,0.0
21750,2019-11-27,0.0
21823,2016-03-29,0.0
21838,2011-06-30,0.0
21984,2015-06-30,0.0
22000,2011-12-11,0.0
22031,2012-12-31,0.0
22048,2015-04-19,0.0
22142,2015-06-30,0.0
22151,2008-01-28,0.0
22165,2016-09-28,0.0
22187,2015-06-30,0.0
22261,2007-01-19,0.0
22291,2012-09-13,0.0
22298,2011-06-30,0.0
22311,2024-03-06,0.0
22367,2016-06-30,0.0
22385,2013-09-21,0.0
22386,2024-06-30,0.0
22419,2021-12-31,0.0
22542,2020-06-30,0.0
22545,2012-06-30,0.0
22546,2015-06-30,0.0
22550,2017-06-30,0.0
22551,2018-06-30,0.0
22566,2013-07-30,0.0
22569,2009-03-16,0.0
22573,2008-01-29,0.0
22583,2008-01-28,0.0
22633,2011-05-15,0.0
22638,2009-12-20,0.0
22644,2007-08-23,0.0
22722,2019-06-30,0.0
22750,2018-10-05,0.0
22779,2017-09-26,0.0
22802,2019-04-06,0.0
22820,2019-05-07,0.0
22853,2017-03-14,0.0
22944,2017-07-31,0.0
22960,2018-06-30,0.0
22969,2020-06-30,0.0
23219,2008-01-28,0.0
23247,2013-07-22,0.0
23307,2018-06-30,0.0
23330,2009-08-05,0.0
23340,2015-06-30,0.0
23344,2012-03-30,0.0
23365,2024-09-24,0.0
23659,2016-03-02,0.0
23885,2013-07-02,0.0
23923,2018-06-30,0.0
23932,2019-06-30,0.0
23934,2022-06-30,0.0
23944,2018-05-07,0.0
23973,2011-07-17,0.0
24048,2013-07-31,0.0
24072,2010-11-07,0.0
24105,2018-06-30,0.0
24113,2024-12-31,0.0
24162,2012-12-15,0.0
24170,2013-12-02,0.0
24202,2025-06-22,25000.0
24384,2015-12-31,0.0
24441,2016-04-17,0.0
24444,2008-11-08,0.0
24523,2023-03-06,0.0
24619,2016-06-30,0.0
24622,2015-12-05,0.0
24665,2017-04-14,0.0
24712,2011-06-30,0.0
24732,2011-05-20,0.0
24824,2016-05-23,0.0
24846,2025-05-29,100000.0
24875,2016-06-30,0.0
24876,2013-11-30,0.0
24887,2014-06-30,0.0
24943,2018-02-16,0.0
25020,2018-06-30,0.0
25025,2013-06-30,0.0
25064,2015-12-31,0.0
25416,2015-08-05,0.0
25433,2010-08-19,0.0
25444,2018-01-07,0.0
25451,2011-06-30,0.0
25461,2019-06-30,0.0
25464,2014-06-30,0.0
25476,2014-06-30,0.0
25497,2010-09-30,0.0
25523,2022-01-30,0.0
25550,2019-06-30,0.0
25677,2012-06-26,0.0
25744,2011-07-10,0.0
25776,2008-07-02,0.0
25822,2014-05-13,0.0
25825,2018-09-25,0.0
25834,2024-08-31,0.0
26007,2014-06-30,0.0
26016,2019-09-17,0.0
26017,2017-10-04,0.0
26023,2010-12-31,0.0
26057,2015-06-30,0.0
26061,2024-08-14,0.0
26148,2019-06-30,0.0
26149,2014-06-30,0.0
26152,2017-08-21,0.0
26171,2023-06-30,0.0
26181,2014-07-01,0.0
26192,2010-07-31,0.0
26194,2021-10-19,0.0
26197,2020-02-07,0.0
26227,2013-11-27,0.0
26251,2011-06-14,0.0
26262,2014-12-31,0.0
26268,2023-12-17,0.0
26276,2020-07-26,0.0
26277,2017-12-31,0.0
26290,2008-01-03,0.0
26371,2024-09-24,0.0
26375,2014-06-30,0.0
26393,2017-12-31,0.0
26403,2015-12-31,0.0
26432,2020-02-16,0.0
26444,2014-06-30,0.0
26455,2013-07-14,0.0
26462,2017-12-31,0.0
26476,2020-06-30,0.0
26483,2019-06-30,0.0
26517,2010-09-26,0.0
26574,2023-05-23,0.0
26611,2019-06-30,0.0
26740,2020-02-16,0.0
26748,2021-12-31,0.0
26749,2011-08-29,0.0
26763,2017-06-30,0.0
26780,2014-06-30,0.0
26798,2022-06-28,0.0
26828,2011-08-28,0.0
26860,2012-11-29,0.0
26873,2016-06-30,0.0
26892,2017-06-30,0.0
26899,2018-01-07,0.0
26916,2017-09-21,0.0
26937,2015-11-30,0.0
26990,2012-04-03,0.0
27004,2004-12-31,0.0
27036,2021-10-07,0.0
27037,2011-03-03,0.0
27114,2019-06-30,0.0
27136,2013-12-31,0.0
27244,2017-06-30,0.0
27303,2023-10-24,0.0
27343,2012-12-31,0.0
27346,2022-12-31,0.0
27349,2025-01-29,0.0
27350,2011-04-16,0.0
27359,2011-04-24,0.0
27364,2018-12-31,0.0
27366,2015-12-27,0.0
27370,2017-06-30,0.0
27374,2024-12-31,0.0
27393,2009-12-12,0.0
27395,2019-01-31,0.0
27402,2016-12-31,0.0
27403,2013-03-19,0.0
27407,2013-03-19,0.0
27423,2011-02-21,0.0
27446,2010-11-03,0.0
27448,2020-06-30,0.0
27453,2018-06-30,0.0
27464,2018-01-07,0.0
27476,2012-08-21,0.0
27513,2024-01-31,0.0
27522,2018-12-31,0.0
27549,2016-08-22,0.0
27565,2017-06-29,0.0
27615,2012-06-30,0.0
27658,2012-09-22,0.0
27677,2010-07-03,0.0
27710,2019-06-30,0.0
27756,2013-02-26,0.0
27765,2022-01-31,0.0
27775,2017-12-31,0.0
27783,2023-01-05,0.0
27805,2023-02-18,0.0
27828,2017-07-18,0.0
27886,2016-09-10,0.0
27893,2011-08-31,0.0
27912,2017-12-31,0.0
27963,2014-06-30,0.0
27969,2024-02-23,0.0
28002,2016-06-30,0.0
28005,2020-11-05,0.0
28012,2008-06-14,0.0
28041,2022-04-26,0.0
28099,2025-05-07,75000.0
28114,2012-11-03,0.0
28157,2014-12-31,0.0
28171,2023-12-27,0.0
28172,2011-06-30,0.0
28244,2018-01-27,0.0
28261,2020-09-30,0.0
28262,2016-12-31,0.0
28283,2014-06-30,0.0
28285,2025-06-05,200000.0
28289,2017-04-19,0.0
28314,2017-06-30,0.0
28335,2020-06-30,0.0
28340,2011-09-08,0.0
28374,2014-03-06,0.0
28481,2024-05-05,0.0
28502,2022-12-31,0.0
28535,2016-06-30,0.0
28719,2018-06-30,0.0
28759,2014-12-30,0.0
28800,2016-12-30,0.0
28810,2020-12-31,0.0
28854,2016-03-26,0.0
28878,2013-01-30,0.0
28919,2007-07-11,0.0
28932,2009-06-30,0.0
28935,2023-06-27,0.0
28953,2022-10-03,0.0
28990,2022-09-20,0.0
28991,2019-10-10,0.0
29004,2021-03-09,0.0
29039,2021-06-30,0.0
29050,2017-04-19,0.0
29067,2009-10-09,0.0
29068,2019-06-30,0.0
29081,2007-11-18,0.0
29087,2010-07-01,0.0
29091,2025-06-05,150000.0
29104,2017-06-30,0.0
29111,2008-07-01,0.0
29115,2022-05-30,0.0
29117,2019-02-24,0.0
29118,2017-06-30,0.0
29139,2010-07-01,0.0
29152,2021-02-02,0.0
29158,2019-06-30,0.0
29167,2010-08-11,0.0
29168,2009-09-07,0.0
29170,2013-08-21,0.0
29190,2009-09-07,0.0
29198,2011-10-28,0.0
29199,2022-10-03,0.0
29278,2012-07-24,0.0
29282,2008-04-10,0.0
29311,2020-06-27,0.0
29343,2007-03-08,0.0
29346,2005-06-30,0.0
29387,2017-06-30,0.0
29412,2020-02-13,0.0
29424,2019-01-31,0.0
29429,2020-06-30,0.0
29434,2021-02-18,0.0
29450,2013-06-29,0.0
29451,2017-01-31,0.0
29528,2009-07-08,0.0
29557,2012-11-06,0.0
29560,2019-06-30,0.0
29564,2019-02-14,0.0
29566,2019-06-20,0.0
29570,2016-06-30,0.0
29573,2010-11-24,0.0
29579,2013-01-20,0.0
29589,2019-09-27,0.0
29627,2020-05-07,0.0
29636,2019-06-30,0.0
29642,2016-11-21,0.0
29823,2013-06-30,0.0
29864,2016-06-30,0.0
29894,2022-06-30,0.0
29915,2013-06-30,0.0
29972,2019-06-30,0.0
29975,2021-07-30,0.0
30070,2019-06-30,0.0
30083,2012-02-24,0.0
30189,2012-05-09,0.0
30283,2009-06-30,0.0
30306,2016-06-30,0.0
30383,2013-02-04,0.0
30385,2016-06-30,0.0
30390,2014-12-31,0.0
30391,2020-03-06,0.0
30431,2025-06-19,50000.0
30459,2016-02-06,0.0
30545,2012-02-07,0.0
30614,2016-06-30,0.0
30672,2016-06-30,0.0
30690,2025-06-01,200000.0
30695,2008-01-03,0.0
30748,2011-01-07,0.0
30755,2016-12-31,0.0
30758,2022-06-30,0.0
30785,2024-03-06,0.0
30790,2020-06-02,0.0
30802,2020-06-28,0.0
30803,2018-06-30,0.0
30805,2009-10-18,0.0
30827,2010-09-13,0.0
30846,2021-12-31,0.0
30853,2022-11-04,0.0
30876,2015-11-01,0.0
30879,2012-06-30,0.0
30882,2024-02-19,0.0
30883,2019-04-27,0.0
30910,2019-06-30,0.0
30912,2013-02-06,0.0
30946,2019-12-31,0.0
30947,2018-12-31,0.0
30982,2024-12-31,0.0
31050,2019-06-30,0.0
31067,2025-06-30,0.0
31069,2016-06-30,0.0
31072,2019-05-10,0.0
31082,2014-08-10,0.0
31108,2022-05-05,0.0
31111,2024-03-06,0.0
31131,2024-06-30,0.0
31189,2019-07-04,0.0
31313,2013-06-30,0.0
31315,2021-02-28,0.0
31347,2007-05-19,0.0
31373,2010-07-18,0.0
31422,2010-09-30,0.0
31430,2017-06-30,0.0
31434,2019-12-31,0.0
31437,2017-06-30,0.0
31454,2021-09-02,0.0
31493,2019-06-30,0.0
31555,2016-06-30,0.0
31570,2019-06-30,0.0
31585,2007-09-03,0.0
31587,2017-05-04,0.0
31610,2019-06-30,0.0
31645,2019-09-19,0.0
31646,2016-02-17,0.0
31653,2025-06-04,300000.0
31680,2016-06-30,0.0
31694,2011-06-26,0.0
31703,2010-06-30,0.0
31769,2010-09-07,0.0
31773,2021-06-30,0.0
31774,2021-01-06,0.0
31776,2017-10-17,0.0
32111,2018-03-04,0.0
32187,2011-04-24,0.0
32207,2023-10-26,0.0
32213,2020-09-29,0.0
32217,2014-08-09,0.0
100001,2025-06-01,200000.0
100101,2019-08-20,0.0
100376,2013-06-14,0.0
100428,2025-04-03,0.0
100696,2013-06-26,0.0
100722,2025-06-23,200000.0
100852,2017-06-30,0.0
101031,2025-06-15,300000.0
101192,2019-06-28,0.0
101209,2010-09-30,0.0
101321,2014-05-14,0.0
101465,2023-03-06,0.0
101504,2022-10-03,0.0
101531,2025-03-20,0.0
101542,2024-04-21,0.0
101562,2012-07-31,0.0
101667,2025-01-29,0.0
101682,2025-06-17,100000.0
101723,2024-03-06,0.0
101785,2024-01-17,0.0
101842,2020-06-28,0.0
102198,2019-10-29,0.0
102215,2011-01-30,0.0
102227,2025-06-29,100000.0
102398,2011-10-29,0.0
102471,2023-10-26,0.0
102565,2020-06-30,0.0
102648,2024-06-02,0.0
102663,2023-03-06,0.0
102695,2016-12-31,0.0
102715,2010-06-08,0.0
102815,2011-09-20,0.0
102870,2023-07-12,0.0
102979,2019-05-10,0.0
102998,2025-06-30,0.0
103060,2022-10-03,0.0
103284,2025-06-24,125000.0
103318,2010-06-30,0.0
103370,2023-06-26,0.0
103381,2025-09-04,1200000.0
103382,2010-03-04,0.0
103391,2017-02-07,0.0
103405,2025-06-17,175000.0
103454,2011-06-30,0.0
103555,2025-06-25,200000.0
103565,2025-06-02,1000000.0
103598,2025-06-25,400000.0
103605,2020-09-01,0.0
103622,2014-10-26,0.0
103826,2025-04-03,0.0
103889,2025-04-03,50000.0
103916,2025-06-04,200000.0
104220,2025-09-03,750000.0
104324,2023-11-12,0.0
104400,2019-06-30,0.0
104430,2018-10-29,0.0
104536,2012-09-22,0.0
104540,2025-07-16,0.0
104541,2023-11-26,0.0
104597,2025-05-27,300000.0
104677,2019-09-27,0.0
104741,2020-06-23,0.0
104850,2020-02-29,0.0
105075,2024-03-18,0.0
105337,2022-10-03,0.0
105373,2010-01-02,0.0
105379,2019-12-02,0.0
105586,2022-10-03,0.0
105653,2025-06-17,300000.0
105691,2021-09-29,0.0
105728,2024-03-18,0.0
105899,2025-03-01,0.0
105976,2016-12-31,0.0
105989,2012-07-17,0.0
105997,2022-11-17,0.0
106014,2025-06-22,50000.0
106035,2025-01-31,0.0
106066,2010-10-04,0.0
106073,2020-01-31,0.0
106082,2016-04-30,0.0
106094,2020-07-07,0.0
106095,2016-12-14,0.0
106265,2025-06-10,200000.0
106268,2023-03-06,0.0
106334,2013-12-31,0.0
106347,2025-08-25,10000.0
106350,2015-12-31,0.0
106351,2011-07-13,0.0
106380,2019-01-04,0.0
106404,2025-06-01,150000.0
106405,2025-06-04,1500000.0
106433,2011-08-29,0.0
106449,2018-06-18,0.0
106644,2025-06-16,100000.0
106862,2025-06-30,0.0
106994,2010-09-30,0.0
107008,2017-11-25,0.0
107259,2024-04-21,0.0
107350,2023-06-25,0.0
107387,2025-02-12,0.0
107500,2024-03-18,0.0
107503,2025-05-25,600000.0
107514,2011-08-29,0.0
107525,2024-12-31,0.0
107529,2025-05-07,125000.0
107550,2021-03-24,0.0
107574,2025-06-18,1000000.0
107612,2025-05-22,200000.0
107618,2023-07-12,0.0
107997,2015-07-15,0.0
108581,2025-05-14,25000.0
108601,2025-05-27,75000.0
108611,2023-10-31,0.0
108733,2018-12-16,0.0
108806,2019-05-23,0.0
108910,2016-01-02,0.0
109038,2025-04-03,300000.0
109057,2016-12-31,0.0
109196,2025-04-30,0.0
109274,2018-01-07,0.0
109307,2019-06-30,0.0
109436,2024-06-30,0.0
109658,2015-06-30,0.0
109664,2015-05-28,0.0
109717,2020-02-27,0.0
109720,2025-02-01,0.0
109729,2022-08-21,0.0
109751,2025-05-26,500000.0
109792,2024-06-29,0.0
109843,2022-10-03,0.0
109920,2016-06-30,0.0
109923,2012-02-14,0.0
110184,2013-09-12,0.0
110309,2023-10-25,0.0
110356,2023-10-18,0.0
110495,2021-12-31,0.0
110660,2025-06-24,250000.0
110668,2025-01-09,0.0
110676,2023-03-06,0.0
110689,2025-06-16,75000.0
110720,2015-06-30,0.0
110723,2016-10-27,0.0
110727,2025-03-17,0.0
110755,2019-02-01,0.0
110822,2025-06-11,600000.0
110858,2025-04-03,600000.0
110863,2015-06-21,0.0
110865,2018-05-19,0.0
110866,2024-03-06,0.0
110867,2025-06-17,175000.0
110906,2025-06-30,0.0
110941,2020-05-10,0.0
110947,2017-05-19,0.0
110963,2010-09-07,0.0
110968,2015-12-17,0.0
111026,2025-05-25,200000.0
111038,2025-06-02,800000.0
111040,2025-06-02,200000.0
111048,2023-06-30,0.0
111051,2025-06-02,1800000.0
111052,2023-04-05,0.0
111063,2025-06-24,75000.0
111069,2013-06-30,0.0
111071,2020-11-19,0.0
111082,2025-05-25,500000.0
111180,2025-06-17,500000.0
111183,2025-06-08,200000.0
111200,2024-07-08,0.0
111344,2017-11-30,0.0
111376,2025-06-11,300000.0
111417,2025-05-01,100000.0
111431,2021-09-28,0.0
111432,2024-12-02,125000.0
111433,2025-06-01,200000.0
111453,2024-09-26,0.0
111502,2020-03-30,0.0
111503,2011-01-21,0.0
111509,2014-03-01,0.0
111524,2025-06-23,1200000.0
111525,2015-12-31,0.0
111527,2018-06-30,0.0
111536,2020-06-16,0.0
111828,2025-08-04,0.0
111830,2025-06-16,125000.0
111872,2014-01-31,0.0
111961,2025-06-08,1500000.0
112008,2025-06-12,150000.0
112060,2022-12-31,0.0
112062,2024-04-21,0.0
112238,2022-10-03,0.0
112302,2025-05-22,1000000.0
112465,2025-06-05,1700000.0
112478,2022-10-03,0.0
112515,2025-06-08,1500000.0
112534,2022-04-20,0.0
112599,2019-04-15,0.0
112617,2025-06-10,200000.0
112641,2018-04-22,0.0
112915,2015-05-30,0.0
112985,2017-05-13,0.0
112988,2025-06-05,1000000.0
112990,2023-03-06,0.0
113052,2025-06-24,50000.0
113053,2014-03-30,0.0
113125,2025-06-30,0.0
113129,2025-05-21,75000.0
113133,2025-06-01,1800000.0
113204,2014-08-10,0.0
113242,2013-06-30,0.0
113514,2025-05-07,50000.0
113539,2023-11-12,0.0
113559,2013-12-31,0.0
113617,2010-08-19,0.0
113620,2016-06-29,0.0
113712,2025-05-28,50000.0
113928,2022-10-03,0.0
113944,2024-09-26,0.0
114028,2023-03-06,0.0
114058,2025-06-24,50000.0
114062,2022-10-03,0.0
114141,2017-01-18,0.0
114163,2011-02-01,0.0
114175,2013-01-02,0.0
114187,2025-05-28,50000.0
114209,2019-05-27,0.0
114259,2023-01-31,0.0
114279,2025-06-25,0.0
114340,2023-10-18,0.0
114394,2015-06-30,0.0
114430,2022-10-03,0.0
114513,2015-08-30,0.0
114514,2025-05-28,300000.0
114691,2024-03-06,0.0
114700,2016-08-18,0.0
114704,2014-07-21,0.0
114791,2025-07-17,175000.0
114803,2025-08-12,0.0
114814,2025-06-22,50000.0
114859,2018-09-06,0.0
114871,2025-04-03,50000.0
114935,2022-06-30,0.0
114940,2025-07-24,0.0
114956,2016-01-13,0.0
115072,2022-12-31,0.0
115133,2025-04-03,125000.0
115185,2011-06-30,0.0
115197,2013-12-31,0.0
115502,2012-10-30,0.0
115574,2018-01-22,0.0
115733,2025-03-26,0.0
115768,2023-01-31,0.0
115883,2011-06-30,0.0
115887,2022-07-06,0.0
115981,2011-05-08,0.0
116034,2020-02-16,0.0
116088,2025-06-04,2500000.0
116093,2014-06-30,0.0
116118,2011-07-31,0.0
116163,2025-06-01,125000.0
116171,2016-12-31,0.0
116272,2021-06-30,0.0
116598,2025-06-15,3000000.0
116608,2016-08-18,0.0
116611,2025-06-24,150000.0
116648,2025-05-29,600000.0
116653,2024-11-14,0.0
116655,2016-02-26,0.0
116727,2020-11-30,0.0
116792,2023-06-30,0.0
116831,2011-07-19,0.0
116925,2020-07-07,0.0
116937,2013-06-05,0.0
116944,2025-06-17,75000.0
117159,2022-10-03,0.0
117316,2017-12-31,0.0
117317,2017-01-31,0.0
117328,2014-04-02,0.0
117484,2023-06-30,0.0
117549,2025-06-24,150000.0
117624,2018-01-07,0.0
117994,2023-07-20,0.0
118006,2020-09-16,0.0
118055,2016-06-05,0.0
118128,2020-02-16,0.0
118196,2025-09-07,0.0
118306,2022-10-03,0.0
118328,2017-09-07,0.0
118349,2010-06-30,0.0
118413,2025-05-15,100000.0
118457,2012-07-07,0.0
118487,2025-05-28,175000.0
118489,2025-01-31,0.0
118493,2025-01-31,0.0
118714,2025-01-17,0.0
118732,2025-05-21,75000.0
119060,2020-10-09,0.0
119061,2025-06-08,100000.0
119131,2022-10-03,0.0
119162,2022-10-03,0.0
119213,2025-06-03,150000.0
119229,2025-03-13,0.0
119235,2025-06-19,100000.0
119277,2025-06-04,2500000.0
119291,2025-04-03,0.0
119555,2019-06-30,0.0
119560,2020-06-30,0.0
119625,2025-03-17,0.0
119862,2025-06-16,150000.0
120070,2025-06-16,100000.0
120093,2025-06-19,50000.0
120202,2025-06-05,225000.0
120301,2025-07-07,0.0
120504,2025-06-17,125000.0
120551,2025-06-29,225000.0
120599,2019-07-25,0.0
120742,2011-06-30,0.0
121045,2011-09-01,0.0
121077,2019-09-08,0.0
121137,2025-06-16,100000.0
121166,2025-05-25,300000.0
121217,2010-12-31,0.0
121230,2025-05-07,150000.0
121327,2018-12-31,0.0
121328,2015-11-14,0.0
121351,2019-12-31,0.0
121355,2013-09-04,0.0
121402,2025-06-01,350000.0
121406,2022-10-04,0.0
121423,2025-03-13,0.0
121476,2011-07-29,0.0
121577,2024-12-31,0.0
121773,2025-05-26,100000.0
121774,2019-05-04,0.0
121807,2023-10-18,0.0
121831,2025-06-29,75000.0
121876,2010-06-30,0.0
121880,2010-12-31,0.0
122018,2011-05-11,0.0
122031,2011-03-05,0.0
122223,2025-06-17,75000.0
122271,2014-12-31,0.0
122514,2024-08-27,0.0
122537,2025-05-12,100000.0
122538,2025-07-22,0.0
122637,2025-05-14,100000.0
122726,2012-02-01,0.0
122768,2020-06-29,0.0
122844,2023-10-31,0.0
122942,2019-03-21,0.0
123145,2020-11-30,0.0
123202,2015-06-30,0.0
123298,2020-09-07,0.0
123336,2015-04-20,0.0
123405,2014-08-19,0.0
123503,2025-06-18,300000.0
123513,2018-02-13,0.0
123551,2025-05-29,500000.0
123562,2024-06-30,0.0
123675,2018-04-24,0.0
123682,2025-05-29,8000000.0
123758,2019-06-30,0.0
124055,2019-07-02,0.0
124084,2025-06-23,50000.0
124198,2022-10-03,0.0
124412,2018-01-07,0.0
124416,2025-06-10,225000.0
124456,2020-03-22,0.0
124568,2025-06-18,300000.0
124628,2025-06-11,150000.0
124701,2025-04-03,125000.0
124717,2024-08-14,0.0
124732,2025-06-18,500000.0
124774,2025-03-13,0.0
124832,2025-05-25,50000.0
124872,2019-03-18,0.0
124895,2025-05-22,800000.0
124901,2025-06-01,150000.0
124904,2025-05-21,125000.0
124927,2016-08-18,0.0
124947,2025-05-21,10000.0
124997,2024-06-29,0.0
125013,2015-08-05,0.0
125018,2023-10-18,0.0
125020,2025-06-16,700000.0
125104,2025-05-25,800000.0
125130,2011-04-24,0.0
125165,2025-05-25,2000000.0
125544,2025-05-21,25000.0
125561,2025-06-16,50000.0
125674,2014-06-30,0.0
125695,2022-10-03,0.0
125698,2025-04-03,50000.0
125714,2025-05-29,10000000.0
125735,2025-04-03,50000.0
125775,2022-12-31,0.0
125868,2024-08-30,0.0
125899,2025-06-29,100000.0
125903,2025-06-25,100000.0
126114,2025-06-05,200000.0
126164,2025-06-01,50000.0
126225,2025-06-29,75000.0
126235,2011-01-21,0.0
126402,2013-08-11,0.0
126426,2016-06-30,0.0
126500,2016-06-05,0.0
126528,2023-11-12,0.0
126534,2024-03-06,0.0
126552,2025-06-24,1200000.0
126651,2022-10-03,0.0
126665,2025-05-29,1500000.0
126683,2025-06-01,50000.0
126692,2016-07-28,0.0
126693,2022-10-03,0.0
126695,2022-10-03,0.0
126704,2017-07-25,0.0
126710,2025-05-29,1000000.0
126719,2025-06-08,2000000.0
126723,2023-06-28,0.0
126729,2025-06-16,2500000.0
126731,2022-10-03,0.0
126739,2022-10-03,0.0
126745,2022-10-03,0.0
126782,2020-06-27,0.0
126875,2024-09-26,0.0
126887,2012-07-20,0.0
126924,2019-06-30,0.0
127048,2025-06-08,1500000.0
127061,2012-06-14,0.0
127066,2022-10-03,0.0
127076,2025-06-04,800000.0
127160,2025-06-01,400000.0
127169,2025-06-24,125000.0
127177,2024-09-26,0.0
127179,2022-10-03,0.0
127182,2025-06-01,250000.0
127193,2014-01-03,0.0
127263,2011-05-14,0.0
127552,2024-06-29,0.0
127672,2022-10-03,0.0
127680,2025-07-22,0.0
127837,2022-11-07,0.0
127910,2024-12-19,0.0
127996,2018-06-30,0.0
128223,2025-06-17,11000000.0
128227,2025-04-03,0.0
128262,2025-06-02,250000.0
128273,2025-06-29,125000.0
128287,2025-06-04,400000.0
128447,2025-06-02,150000.0
128453,2020-05-10,0.0
128455,2025-06-24,50000.0
128456,2025-04-03,0.0
128476,2024-02-05,0.0
128488,2024-12-31,0.0
128672,2024-03-06,0.0
128676,2025-06-24,25000.0
128820,2014-06-30,0.0
128828,2025-06-29,100000.0
128855,2025-03-30,0.0
128898,2025-06-17,125000.0
128901,2025-05-29,2200000.0
128906,2024-08-24,0.0
128909,2025-05-26,700000.0
128930,2017-02-28,0.0
129031,2025-05-25,500000.0
129068,2022-11-30,0.0
129097,2014-12-31,0.0
129236,2025-06-25,200000.0
129374,2025-06-23,250000.0
129399,2025-04-03,50000.0
129483,2025-03-13,0.0
129554,2025-05-27,3500000.0
129557,2020-06-08,0.0
129578,2023-03-06,0.0
129579,2025-04-23,200000.0
129580,2025-04-23,250000.0
129585,2025-04-23,250000.0
129591,2016-08-28,0.0
129595,2018-07-01,0.0
129609,2025-04-03,50000.0
129627,2024-09-26,0.0
129654,2025-06-22,50000.0
129667,2021-05-04,0.0
129670,2024-09-24,0.0
129698,2024-02-27,0.0
129724,2025-06-11,550000.0
129744,2023-03-06,0.0
129768,2025-06-24,100000.0
129776,2017-08-21,0.0
129796,2016-10-21,0.0
129868,2025-06-18,300000.0
129893,2023-02-06,0.0
129953,2020-07-07,0.0
129967,2021-10-07,0.0
129971,2018-01-06,0.0
129973,2025-01-23,0.0
129984,2025-03-20,0.0
129990,2023-03-06,0.0
130164,2025-05-29,18000000.0
130223,2018-01-07,0.0
130535,2017-09-26,0.0
130548,2016-06-30,0.0
130616,2024-07-19,0.0
130622,2024-03-06,0.0
130626,2021-10-31,0.0
130666,2022-06-28,0.0
130668,2023-03-06,0.0
130745,2025-05-29,200000.0
130756,2025-04-03,50000.0
130759,2015-02-21,0.0
130841,2021-09-28,0.0
131014,2024-09-26,0.0
131051,2025-03-20,0.0
131102,2025-05-27,600000.0
131113,2025-05-29,650000.0
131114,2025-06-09,700000.0
131119,2025-05-18,150000.0
131140,2018-07-07,0.0
131161,2025-06-30,0.0
131177,2025-05-07,150000.0
131225,2025-06-02,6000000.0
131231,2025-05-27,400000.0
131275,2025-05-25,1000000.0
131303,2025-06-08,100000.0
131505,2025-05-27,3500000.0
131563,2025-06-25,0.0
131593,2016-11-04,0.0
131784,2013-03-08,0.0
131877,2014-12-31,0.0
131899,2021-11-30,0.0
131901,2012-01-22,0.0
132014,2025-08-23,0.0
132098,2025-06-04,75000000.0
132208,2022-09-21,0.0
132398,2020-03-14,0.0
132400,2020-05-29,0.0
132527,2025-06-02,300000.0
132532,2025-06-02,650000.0
132533,2023-12-31,0.0
132536,2025-06-02,100000.0
132568,2022-10-03,0.0
132846,2020-07-31,0.0
132852,2019-05-23,0.0
132859,2011-10-23,0.0
132919,2025-08-27,0.0
133078,2024-06-30,0.0
133372,2025-03-20,0.0
133397,2025-06-29,75000.0
133668,2024-03-05,0.0
133675,2025-07-24,0.0
133731,2025-06-04,3000000.0
133742,2025-06-24,25000.0
133814,2019-01-31,0.0
133949,2018-07-28,0.0
133957,2023-11-12,0.0
134031,2012-09-27,0.0
134120,2023-03-06,0.0
134277,2025-06-17,400000.0
134371,2023-03-06,0.0
134417,2023-03-06,0.0
134426,2025-06-17,200000.0
134484,2019-06-30,0.0
134564,2025-01-07,0.0
134636,2025-06-23,75000.0
135056,2018-01-02,0.0
135061,2025-05-13,375000.0
135186,2022-04-07,0.0
135343,2025-05-29,7000000.0
135510,2025-05-07,125000.0
135553,2024-09-26,0.0
135732,2025-05-21,175000.0
135822,2022-10-03,0.0
135850,2024-02-01,0.0
135883,2025-06-03,10000.0
100090,2016-04-30,0.0
100136,2023-04-04,0.0
100219,2015-06-30,0.0
100220,2022-12-27,0.0
100310,2018-03-31,0.0
100329,2022-10-03,0.0
100507,2025-05-26,25000.0
100508,2013-06-30,0.0
100589,2013-10-12,0.0
100669,2015-11-14,0.0
100750,2019-06-22,0.0
100907,2025-06-29,10000.0
100986,2025-06-02,2000000.0
101057,2010-05-23,0.0
101201,2025-06-30,0.0
101213,2025-06-01,450000.0
101235,2011-04-24,0.0
101250,2018-10-22,0.0
101294,2025-01-08,0.0
101449,2021-06-29,0.0
101500,2025-06-16,800000.0
101506,2025-06-05,250000.0
101523,2010-06-10,0.0
101532,2018-07-31,0.0
101658,2019-05-31,0.0
101817,2013-06-30,0.0
101875,2025-05-21,25000.0
102226,2025-06-11,2500000.0
102343,2024-03-06,0.0
102409,2025-06-30,0.0
102423,2025-06-08,1000000.0
102574,2025-06-05,500000.0
102740,2025-04-03,700000.0
102744,2025-06-30,0.0
102779,2017-05-19,0.0
102958,2025-05-25,100000.0
103054,2019-06-30,0.0
103096,2022-10-03,0.0
103131,2012-12-31,0.0
103146,2025-06-26,200000.0
103147,2024-04-21,0.0
103278,2022-11-01,0.0
103310,2025-05-28,400000.0
103312,2023-01-31,0.0
103349,2018-08-23,0.0
103393,2019-12-31,0.0
103426,2020-07-07,0.0
103563,2023-06-30,0.0
103577,2025-04-03,50000.0
103616,2025-06-16,25000.0
103617,2018-12-31,0.0
103628,2011-04-27,0.0
103630,2025-06-17,100000.0
103631,2017-12-31,0.0
103819,2025-06-16,150000.0
103864,2020-04-20,0.0
103993,2020-07-21,0.0
104006,2025-06-29,300000.0
104124,2025-05-29,700000.0
104167,2025-09-09,0.0
104234,2025-06-24,100000.0
104330,2023-11-12,0.0
104495,2025-08-06,0.0
104586,2022-10-04,0.0
104914,2020-01-29,0.0
104916,2023-10-09,0.0
105209,2018-01-07,0.0
105324,2025-06-17,50000.0
105456,2025-05-28,500000.0
105517,2021-02-16,0.0
105599,2023-06-30,0.0
105677,2020-07-05,0.0
105723,2021-08-04,0.0
105891,2018-05-19,0.0
105892,2025-06-01,200000.0
105981,2025-05-14,100000.0
105995,2016-12-31,0.0
106039,2025-04-03,0.0
106052,2025-01-31,0.0
106069,2018-12-31,0.0
106076,2023-04-23,0.0
106270,2025-06-18,1700000.0
106335,2014-01-07,0.0
106336,2014-02-01,0.0
106338,2013-01-28,0.0
106343,2012-08-31,0.0
106348,2019-01-04,0.0
106359,2016-11-04,0.0
106370,2012-04-18,0.0
106386,2022-01-31,0.0
106393,2025-06-25,75000.0
106437,2025-06-17,100000.0
106528,2011-04-24,0.0
106632,2025-03-13,0.0
106641,2025-06-29,75000.0
106643,2025-06-17,125000.0
106676,2025-06-29,100000.0
106866,2024-12-31,0.0
107126,2020-01-31,0.0
107136,2025-04-03,150000.0
107205,2025-06-18,400000.0
107316,2025-05-12,50000.0
107377,2025-06-18,400000.0
107641,2018-07-17,0.0
107686,2015-09-20,0.0
107722,2022-10-03,0.0
107787,2020-07-30,0.0
107790,2024-03-06,0.0
107879,2012-11-06,0.0
107992,2012-05-04,0.0
108007,2025-06-16,150000.0
108106,2016-04-30,0.0
108337,2023-06-30,0.0
108347,2018-12-31,0.0
108382,2022-06-30,0.0
108537,2023-06-30,0.0
108644,2015-08-31,0.0
108650,2025-05-28,600000.0
108652,2015-08-31,0.0
108654,2020-06-27,0.0
108725,2025-05-29,10000000.0
108807,2021-10-07,0.0
108825,2024-12-10,0.0
108830,2024-06-26,0.0
108880,2025-05-26,4500000.0
109060,2015-12-20,0.0
109092,2015-12-17,0.0
109131,2025-06-22,25000.0
109217,2025-06-17,1200000.0
109305,2017-12-31,0.0
109519,2014-08-13,0.0
109576,2015-02-25,0.0
109599,2016-08-01,0.0
109617,2017-06-30,0.0
109715,2022-10-03,0.0
109830,2025-06-08,200000.0
109949,2016-04-23,0.0
109965,2024-09-24,0.0
110222,2014-06-30,0.0
110233,2025-05-07,50000.0
110366,2025-09-11,250000.0
110682,2023-08-25,0.0
110695,2025-06-17,350000.0
110859,2015-12-31,0.0
110860,2025-06-29,125000.0
110864,2025-05-29,6000000.0
110879,2014-06-30,0.0
110885,2025-06-18,225000.0
110915,2019-09-27,0.0
110950,2025-07-03,10000.0
111011,2022-02-04,0.0
111025,2022-09-14,0.0
111058,2025-09-11,300000.0
111060,2017-06-30,0.0
111073,2025-06-17,1000000.0
111127,2023-03-06,0.0
111129,2016-05-09,0.0
111419,2025-03-17,0.0
111420,2022-10-03,0.0
111489,2013-04-21,0.0
111495,2013-08-29,0.0
111510,2013-06-30,0.0
111513,2015-06-30,0.0
111530,2018-05-18,0.0
111630,2025-08-13,0.0
111783,2025-06-04,100000.0
111786,2018-12-31,0.0
111811,2025-06-02,300000.0
111837,2022-12-31,0.0
111877,2015-06-30,0.0
111879,2025-05-01,75000.0
111881,2025-05-28,550000.0
111900,2023-06-06,0.0
111995,2023-01-05,0.0
112129,2022-10-03,0.0
112239,2024-04-21,0.0
112375,2010-09-30,0.0
112467,2016-06-30,0.0
112581,2016-12-14,0.0
112624,2021-11-09,0.0
112628,2011-04-02,0.0
113044,2023-03-06,0.0
113073,2011-04-24,0.0
113130,2025-06-01,400000.0
113131,2025-03-13,0.0
113134,2014-08-15,0.0
113238,2011-02-28,0.0
113359,2012-12-06,0.0
113389,2024-12-31,0.0
113447,2013-06-30,0.0
113525,2025-06-22,75000.0
113550,2023-11-12,0.0
113597,2022-10-03,0.0
113621,2024-09-26,0.0
113686,2020-06-08,0.0
113703,2024-09-26,0.0
113707,2025-06-02,2500000.0
113747,2021-01-07,0.0
113890,2025-06-16,25000.0
113906,2024-03-18,0.0
113938,2020-06-03,0.0
113961,2018-06-18,0.0
114144,2024-06-04,0.0
114184,2017-12-31,0.0
114202,2022-06-27,150000.0
114217,2016-05-31,0.0
114414,2011-02-21,0.0
114432,2014-09-30,0.0
114441,2025-06-18,225000.0
114491,2025-06-24,75000.0
114697,2011-01-31,0.0
114736,2016-06-30,0.0
114840,2014-03-04,0.0
115171,2010-10-04,0.0
115210,2025-06-18,200000.0
115284,2024-09-24,0.0
115374,2021-06-30,0.0
115382,2025-05-27,1000000.0
115396,2023-03-06,0.0
115482,2011-09-13,0.0
115552,2017-10-24,0.0
115659,2025-06-30,0.0
115712,2015-06-30,0.0
115769,2015-12-31,0.0
116053,2020-06-28,0.0
116057,2022-10-03,0.0
116084,2022-10-03,0.0
116182,2024-03-06,0.0
116420,2023-08-04,0.0
116471,2025-05-27,200000.0
116614,2025-06-17,350000.0
116634,2023-03-06,0.0
116900,2025-06-17,700000.0
116928,2013-06-05,0.0
116947,2018-12-31,0.0
117095,2019-12-31,0.0
117227,2012-01-05,0.0
117311,2022-06-30,0.0
117329,2022-01-31,0.0
117432,2025-06-04,1000000.0
117482,2025-06-23,75000.0
117544,2018-06-30,0.0
117574,2022-10-03,0.0
117590,2018-06-30,0.0
117787,2019-06-30,0.0
117804,2016-06-30,0.0
117874,2025-06-19,250000.0
117966,2022-10-03,0.0
117976,2019-08-31,0.0
118017,2025-06-24,100000.0
118244,2025-06-16,10000.0
118267,2011-08-31,0.0
118275,2024-09-26,0.0
118330,2023-09-20,0.0
118460,2020-01-30,0.0
118488,2022-06-27,0.0
118567,2020-07-07,0.0
118841,2025-07-28,0.0
118847,2025-06-04,3500000.0
119022,2020-01-02,0.0
119037,2025-06-04,1000000.0
119094,2019-04-26,0.0
119103,2025-06-16,300000.0
119120,2025-06-18,350000.0
119150,2025-05-28,1300000.0
119169,2025-06-24,175000.0
119194,2020-06-30,0.0
119228,2025-06-04,1200000.0
119234,2025-06-05,800000.0
119245,2023-07-04,0.0
119248,2015-08-15,0.0
119250,2023-10-18,0.0
119286,2025-06-10,400000.0
119292,2025-06-10,200000.0
119295,2024-01-29,0.0
119296,2025-06-04,7000000.0
119302,2018-01-31,0.0
119434,2025-06-26,150000.0
119543,2025-06-22,125000.0
119549,2025-06-05,150000.0
119563,2023-11-12,0.0
119572,2025-06-10,200000.0
119574,2025-06-16,150000.0
119581,2025-06-18,1500000.0
119627,2024-12-22,0.0
119640,2019-06-30,0.0
119645,2017-06-30,0.0
119646,2024-03-18,0.0
119679,2016-06-30,0.0
119684,2020-06-30,0.0
119687,2020-04-07,0.0
119722,2025-04-02,0.0
119863,2015-06-30,0.0
119878,2023-03-19,0.0
119905,2025-05-22,800000.0
119988,2025-06-26,125000.0
120095,2025-06-08,900000.0
120189,2025-06-24,550000.0
120300,2025-06-22,100000.0
120384,2010-06-30,0.0
120443,2025-06-05,2000000.0
120577,2012-12-30,0.0
120597,2020-07-31,0.0
120629,2025-05-29,9000000.0
120697,2024-06-30,0.0
120705,2025-06-08,100000.0
120706,2025-04-03,0.0
120710,2025-06-08,100000.0
120760,2020-04-20,0.0
120772,2018-07-02,0.0
120967,2015-11-22,0.0
120980,2025-06-16,25000.0
121236,2020-07-07,0.0
121238,2025-03-20,0.0
121276,2025-06-04,800000.0
121279,2025-06-17,100000.0
121312,2018-05-05,0.0
121387,2025-06-17,50000.0
121395,2025-06-17,700000.0
121408,2010-09-24,0.0
121411,2025-07-20,125000.0
121416,2017-06-30,0.0
121454,2025-06-18,450000.0
121463,2025-06-22,50000.0
121612,2025-06-17,175000.0
121903,2025-09-08,0.0
122004,2012-02-13,0.0
122016,2024-09-24,0.0
122077,2025-06-26,1000000.0
122115,2025-06-01,200000.0
122116,2025-06-01,150000.0
122194,2025-06-22,75000.0
122237,2012-12-31,0.0
122243,2025-06-29,75000.0
122421,2025-05-26,1000000.0
122498,2017-09-29,0.0
122676,2025-06-05,900000.0
122694,2025-06-17,100000.0
122721,2025-06-18,200000.0
122797,2025-09-09,0.0
122834,2022-10-03,0.0
122835,2021-06-30,0.0
122840,2025-06-02,700000.0
122843,2025-06-24,100000.0
122917,2012-10-11,0.0
123147,2025-06-09,100000.0
123238,2016-06-29,0.0
123329,2011-05-15,0.0
123334,2024-09-26,0.0
123384,2025-06-29,50000.0
123395,2023-06-30,0.0
123397,2021-12-31,0.0
123455,2023-06-30,0.0
123497,2025-05-21,10000.0
123521,2024-07-17,0.0
123527,2025-06-24,50000.0
123538,2012-12-31,0.0
123539,2019-06-30,0.0
123552,2011-07-29,0.0
123690,2013-12-22,0.0
123742,2025-06-09,100000.0
124025,2025-07-06,125000.0
124058,2025-06-19,50000.0
124125,2024-07-18,0.0
124153,2017-02-02,0.0
124172,2025-06-17,100000.0
124402,2025-05-29,150000.0
124405,2020-06-30,0.0
124410,2025-06-04,2500000.0
124422,2025-06-17,600000.0
124441,2025-06-10,125000.0
124465,2014-12-31,0.0
124507,2025-06-23,150000.0
124546,2023-04-03,0.0
124550,2025-06-23,325000.0
124634,2015-12-31,0.0
124705,2024-09-15,0.0
124743,2018-07-24,0.0
124760,2020-02-16,0.0
124780,2025-06-02,150000.0
124800,2017-05-05,0.0
124814,2021-06-30,0.0
124866,2025-06-15,0.0
124868,2011-07-17,0.0
124873,2025-06-24,100000.0
124879,2015-06-30,0.0
124883,2022-06-30,0.0
124884,2025-06-02,3000000.0
124891,2023-11-21,0.0
125004,2025-06-26,250000.0
125019,2025-05-12,400000.0
125023,2025-05-18,300000.0
125080,2023-03-06,0.0
125103,2025-06-04,6000000.0
125128,2025-05-21,10000.0
125131,2024-03-06,0.0
125140,2025-01-31,0.0
125172,2023-11-08,0.0
125184,2025-05-21,10000.0
125250,2025-05-12,50000.0
125281,2025-06-16,50000.0
125314,2025-06-17,750000.0
125350,2025-05-25,100000.0
125440,2025-06-29,25000.0
125505,2025-06-29,100000.0
125513,2025-06-26,200000.0
125516,2011-04-21,0.0
125797,2012-03-28,0.0
125858,2025-06-17,2300000.0
125875,2023-09-12,0.0
125906,2025-06-01,125000.0
125919,2022-09-21,0.0
125920,2024-03-06,0.0
125938,2017-06-30,0.0
126013,2022-10-03,0.0
126014,2025-05-27,300000.0
126015,2019-08-12,0.0
126018,2009-12-31,0.0
126208,2018-09-08,0.0
126231,2017-06-30,0.0
126249,2016-11-04,0.0
126254,2020-05-14,0.0
126262,2025-08-27,0.0
126289,2025-06-30,0.0
126365,2025-06-24,100000.0
126372,2019-05-10,0.0
126398,2015-11-29,0.0
126412,2023-03-06,0.0
126417,2025-06-19,0.0
126422,2025-06-05,2000000.0
126503,2025-06-09,50000.0
126557,2025-06-02,4000000.0
126561,2020-03-20,0.0
126624,2015-06-30,0.0
126669,2018-06-05,0.0
126681,2024-06-13,0.0
126697,2019-09-27,0.0
126700,2020-04-05,0.0
126705,2025-05-25,200000.0
126711,2025-04-03,100000.0
126716,2025-05-28,3000000.0
126746,2025-06-23,300000.0
126748,2025-06-09,150000.0
126755,2016-06-30,0.0
126767,2024-01-29,0.0
126798,2023-03-06,0.0
126879,2020-08-03,0.0
126914,2020-06-27,0.0
127031,2024-03-06,0.0
127038,2023-01-16,0.0
127051,2025-04-03,0.0
127053,2020-07-07,0.0
127073,2021-10-04,0.0
127075,2022-06-30,0.0
127140,2019-06-30,0.0
127151,2017-06-30,0.0
127186,2019-06-30,0.0
127189,2025-06-02,7000000.0
127191,2025-05-25,200000.0
127205,2019-04-19,0.0
127340,2011-05-14,0.0
127457,2025-02-02,0.0
127554,2025-06-23,200000.0
127589,2025-08-04,0.0
127604,2020-06-28,0.0
127706,2019-06-30,0.0
127744,2024-03-28,0.0
127785,2014-07-11,0.0
127812,2025-05-12,25000.0
127822,2025-05-12,400000.0
127984,2021-09-28,0.0
127987,2025-06-04,2500000.0
127989,2020-06-28,0.0
128036,2025-05-14,10000.0
128044,2022-10-03,0.0
128049,2014-02-13,0.0
128052,2011-09-20,0.0
128054,2022-02-06,0.0
128063,2020-07-07,0.0
128298,2025-06-24,50000.0
128313,2016-12-14,0.0
128376,2025-06-02,150000.0
128420,2024-06-30,0.0
128452,2024-06-29,0.0
128472,2015-12-17,0.0
128648,2024-03-06,0.0
128710,2020-06-28,0.0
128817,2024-03-18,0.0
128840,2020-07-31,0.0
128897,2025-05-26,25000.0
128900,2025-05-26,800000.0
128910,2020-12-21,0.0
128932,2024-04-21,0.0
128973,2022-12-31,0.0
129021,2025-06-29,75000.0
129049,2025-05-26,200000.0
129067,2023-10-18,0.0
129078,2025-05-26,1500000.0
129224,2024-07-15,0.0
129376,2023-07-04,0.0
129386,2024-08-20,0.0
129448,2023-03-06,0.0
129495,2020-09-27,0.0
129509,2010-09-30,0.0
129588,2025-06-11,2500000.0
129596,2013-06-30,0.0
129597,2015-06-30,0.0
129603,2013-04-21,0.0
129671,2010-08-19,0.0
129676,2021-10-04,0.0
129687,2025-06-25,25000.0
129725,2025-06-15,500000.0
129769,2024-09-26,0.0
129800,2012-09-16,0.0
129964,2011-10-31,0.0
130163,2011-07-29,0.0
130229,2025-06-17,100000.0
130230,2023-10-18,0.0
130395,2025-06-17,100000.0
130417,2015-06-30,0.0
130421,2024-09-15,0.0
130452,2025-06-17,50000.0
130687,2020-12-23,0.0
130729,2024-09-26,0.0
130755,2023-03-06,0.0
130765,2025-05-26,800000.0
130938,2020-03-30,0.0
130964,2024-03-18,0.0
131023,2017-09-26,0.0
131028,2025-01-09,0.0
131066,2025-04-03,250000.0
131093,2025-05-25,1300000.0
131095,2025-06-01,250000.0
131109,2025-06-04,1200000.0
32331,2011-12-12,0.0
32348,2009-12-02,0.0
32387,2016-07-15,0.0
32467,2025-07-01,0.0
32479,2018-11-30,0.0
32526,2025-06-29,50000.0
32556,2014-06-29,0.0
32568,2024-12-31,0.0
32615,2017-06-30,0.0
32621,2014-12-31,0.0
32625,2021-06-30,0.0
32660,2021-06-30,0.0
32711,2024-06-30,0.0
32725,2016-10-21,0.0
32733,2010-08-19,0.0
32736,2010-06-30,0.0
32760,2016-06-30,0.0
32766,2018-06-30,0.0
32802,2019-06-27,0.0
32845,2025-06-22,125000.0
33027,2025-05-26,250000.0
33054,2010-08-19,0.0
33058,2010-11-29,0.0
33062,2009-08-25,0.0
33065,2016-06-30,0.0
33070,2024-03-28,0.0
33087,2009-08-22,0.0
33101,2011-09-08,0.0
33108,2017-06-30,0.0
33118,2020-03-10,0.0
33255,2018-06-29,0.0
33263,2016-06-30,0.0
33273,2019-01-25,0.0
33317,2020-06-30,0.0
33332,2024-09-26,0.0
33333,2017-11-30,0.0
33337,2021-12-31,0.0
33341,2010-05-29,0.0
33347,2021-06-30,0.0
33356,2019-06-30,0.0
33361,2014-08-10,0.0
33458,2016-03-26,0.0
33518,2008-02-07,0.0
33528,2018-01-23,0.0
33538,2017-12-25,0.0
33549,2023-03-06,0.0
33562,2012-01-22,0.0
33564,2011-01-19,0.0
33569,2014-08-09,0.0
33620,2011-10-17,0.0
33639,2023-08-31,0.0
33640,2019-05-15,0.0
33643,2011-08-28,0.0
33647,2019-06-30,0.0
33659,2008-06-30,0.0
33663,2007-01-15,0.0
33708,2014-12-31,0.0
33710,2023-03-06,0.0
33739,2013-12-31,0.0
33750,2016-07-15,0.0
33756,2022-06-30,0.0
33771,2022-10-03,0.0
33797,2020-02-14,0.0
33798,2012-03-07,0.0
33812,2015-06-30,0.0
33862,2025-06-17,150000.0
33869,2015-06-30,0.0
33882,2013-06-30,0.0
33895,2020-06-30,0.0
33908,2009-01-04,0.0
33916,2018-08-15,0.0
33926,2018-11-30,0.0
33927,2019-06-30,0.0
33947,2025-04-07,0.0
33949,2010-07-01,0.0
33952,2024-03-28,0.0
33961,2018-08-28,0.0
33984,2017-12-03,0.0
33999,2015-02-15,0.0
34060,2022-11-22,0.0
34076,2020-07-05,0.0
34080,2015-08-10,0.0
34129,2015-12-31,0.0
34146,2016-06-30,0.0
34160,2019-06-30,0.0
34169,2015-07-29,0.0
34175,2014-04-30,0.0
34197,2014-12-31,0.0
34207,2021-10-07,0.0
34210,2012-05-28,0.0
34234,2012-07-06,0.0
34258,2019-06-30,0.0
34274,2017-12-25,0.0
34332,2020-03-31,0.0
34353,2016-03-17,0.0
34357,2021-02-03,0.0
34370,2023-12-27,0.0
34375,2016-10-03,0.0
34380,2017-03-19,0.0
34398,2022-01-15,0.0
34440,2020-08-13,0.0
34443,2015-06-30,0.0
34470,2020-06-30,0.0
34475,2014-08-31,0.0
34494,2013-06-30,0.0
34515,2019-06-30,0.0
34534,2016-06-30,0.0
34562,2014-06-30,0.0
34566,2022-06-30,0.0
34601,2024-06-30,0.0
34629,2023-10-18,0.0
34731,2016-06-30,0.0
34823,2015-06-30,0.0
34844,2011-04-24,0.0
34854,2017-07-01,0.0
34870,2023-08-02,0.0
34888,2015-12-17,0.0
34959,2012-06-30,0.0
34983,2014-06-30,0.0
34986,2015-06-30,0.0
34991,2016-06-30,0.0
35009,2020-01-05,0.0
35034,2009-06-30,0.0
35040,2012-06-30,0.0
35054,2010-08-24,0.0
35140,2014-07-17,0.0
35205,2025-06-22,25000.0
35250,2023-03-06,0.0
35265,2017-08-02,0.0
35318,2016-07-31,0.0
35451,2016-06-30,0.0
35511,2024-12-31,0.0
35512,2017-09-22,0.0
35517,2013-02-09,0.0
35520,2018-09-30,0.0
35527,2022-01-01,0.0
35536,2017-07-31,0.0
35549,2008-01-28,0.0
35559,2009-07-10,0.0
35560,2023-06-30,0.0
35561,2023-06-30,0.0
35564,2023-02-15,0.0
35566,2011-09-02,0.0
35572,2018-09-30,0.0
35575,2014-11-20,0.0
35630,2014-02-09,0.0
35641,2021-01-13,0.0
35660,2016-01-31,0.0
35661,2018-06-30,0.0
35664,2023-03-21,0.0
35675,2011-05-23,0.0
35682,2014-06-30,0.0
35686,2022-10-03,0.0
35754,2011-11-13,0.0
35787,2013-08-19,0.0
35796,2012-06-23,0.0
35799,2013-09-11,0.0
35817,2016-10-20,0.0
35840,2016-12-31,0.0
35855,2024-09-24,0.0
35867,2017-08-07,0.0
35871,2022-12-31,0.0
35887,2009-01-28,0.0
35950,2017-04-16,0.0
35960,2008-02-07,0.0
36208,2017-12-31,0.0
36237,2021-12-31,0.0
36244,2015-07-14,0.0
36277,2014-08-15,0.0
36284,2024-06-30,0.0
36295,2014-07-21,0.0
36299,2016-06-21,0.0
36302,2016-06-21,0.0
36319,2012-12-31,0.0
36336,2016-08-18,0.0
36342,2018-12-31,0.0
36358,2012-04-02,0.0
36371,2024-06-30,0.0
36391,2020-12-31,0.0
36524,2021-09-28,0.0
36529,2025-06-17,50000.0
36559,2017-12-31,0.0
36562,2010-06-30,0.0
36565,2017-12-31,0.0
36608,2023-06-30,0.0
36640,2012-09-09,0.0
36656,2016-06-21,0.0
36689,2018-11-02,0.0
36710,2013-06-30,0.0
36772,2018-09-03,0.0
36792,2012-10-21,0.0
36813,2015-08-04,0.0
36819,2015-07-30,0.0
36831,2018-06-17,0.0
36834,2017-10-18,0.0
36859,2023-09-28,0.0
36865,2013-06-30,0.0
36873,2015-05-21,0.0
36885,2016-06-30,0.0
36888,2014-06-30,0.0
36906,2009-03-06,0.0
37001,2017-12-31,0.0
37011,2021-07-29,0.0
37029,2012-06-30,0.0
37061,2020-12-31,0.0
37100,2012-09-30,0.0
37127,2018-06-30,0.0
37155,2013-08-26,0.0
37213,2013-06-04,0.0
37223,2015-12-31,0.0
37231,2013-09-05,0.0
37510,2011-09-20,0.0
37520,2017-12-31,0.0
37526,2022-06-30,0.0
37536,2023-06-11,0.0
37550,2019-08-01,0.0
37555,2010-01-10,0.0
37572,2015-03-31,0.0
37633,2023-11-11,0.0
37677,2017-10-18,0.0
37678,2021-06-30,0.0
37697,2019-06-15,0.0
37722,2024-03-18,0.0
37750,2018-03-25,0.0
37766,2013-11-30,0.0
37788,2023-06-30,0.0
37801,2015-07-05,0.0
37837,2022-09-21,0.0
37850,2021-06-30,0.0
37852,2016-06-30,0.0
37889,2019-10-23,0.0
37892,2017-06-30,0.0
37896,2015-06-30,0.0
37930,2016-06-30,0.0
37943,2015-06-30,0.0
37947,2023-03-06,0.0
37951,2022-09-07,0.0
37952,2017-09-06,0.0
37967,2024-08-29,0.0
37976,2019-06-30,0.0
38000,2021-06-30,0.0
38049,2007-02-12,0.0
38068,2013-05-31,0.0
38072,2021-04-08,0.0
38168,2024-09-20,0.0
38195,2025-01-01,0.0
38210,2021-09-15,0.0
38214,2015-05-09,0.0
38215,2019-12-31,0.0
38240,2009-09-07,0.0
38266,2019-06-30,0.0
38349,2017-12-31,0.0
38380,2018-01-07,0.0
38412,2022-06-27,0.0
38434,2020-10-21,0.0
38449,2024-06-30,0.0
38450,2014-09-25,0.0
38497,2024-06-30,0.0
38670,2014-08-09,0.0
38693,2015-11-30,0.0
38746,2025-06-05,150000.0
38751,2016-06-30,0.0
38788,2008-06-18,0.0
38916,2015-06-30,0.0
38978,2025-04-23,75000.0
39035,2008-06-30,0.0
39057,2012-12-31,0.0
39083,2023-12-26,0.0
39087,2019-02-09,0.0
39091,2013-09-12,0.0
39093,2018-06-30,0.0
39094,2021-06-30,0.0
39096,2025-06-10,125000.0
39102,2021-09-26,0.0
39115,2022-10-03,0.0
39153,2022-12-31,0.0
39194,2017-06-30,0.0
39263,2010-11-02,0.0
39270,2011-12-31,0.0
39277,2017-11-08,0.0
39280,2021-01-15,0.0
39285,2014-12-31,0.0
39298,2011-09-13,0.0
39319,2018-06-30,0.0
39326,2016-06-30,0.0
39333,2025-06-17,125000.0
39354,2022-07-23,0.0
39372,2025-06-30,0.0
39378,2024-09-26,0.0
39383,2012-01-10,0.0
39386,2021-12-25,0.0
100122,2023-10-06,0.0
100127,2025-06-22,25000.0
100211,2010-08-24,0.0
100557,2012-11-12,0.0
100784,2012-07-31,0.0
100988,2025-06-17,150000.0
101168,2025-06-23,100000.0
101191,2011-04-24,0.0
101193,2016-12-14,0.0
101247,2017-12-31,0.0
101468,2010-10-04,0.0
101469,2025-06-05,200000.0
101473,2018-12-31,0.0
101501,2011-02-21,0.0
101657,2025-04-03,100000.0
101692,2023-10-31,0.0
101844,2018-10-03,0.0
101913,2023-08-22,0.0
101927,2016-06-27,0.0
102146,2025-06-23,600000.0
102249,2025-04-03,250000.0
102399,2014-04-04,0.0
102404,2017-06-29,0.0
102432,2020-04-07,4000000.0
102608,2018-04-04,0.0
102679,2024-06-30,0.0
102714,2021-10-07,0.0
103049,2019-05-03,0.0
103254,2016-10-22,0.0
103306,2025-01-19,0.0
103309,2019-01-04,0.0
103311,2014-12-31,0.0
103338,2024-06-19,0.0
103402,2022-12-31,0.0
103583,2013-06-30,0.0
103588,2025-04-08,0.0
103606,2018-04-04,0.0
103608,2011-08-30,0.0
103613,2015-12-31,0.0
103627,2023-12-31,0.0
103677,2022-10-03,0.0
103792,2016-12-31,0.0
104127,2021-12-31,0.0
104205,2017-06-30,0.0
104223,2025-05-27,1500000.0
104248,2012-05-24,0.0
104293,2022-06-30,0.0
104414,2025-01-30,0.0
104427,2016-09-27,0.0
104544,2025-04-03,0.0
104555,2025-05-18,100000.0
104564,2025-06-29,75000.0
104686,2025-06-30,0.0
104725,2019-10-17,0.0
104750,2018-02-08,0.0
104871,2021-06-30,0.0
105159,2012-09-05,0.0
105185,2025-06-17,75000.0
105290,2016-01-09,0.0
105318,2022-09-11,0.0
105352,2023-04-18,0.0
105370,2024-09-23,0.0
105400,2023-06-30,0.0
105466,2020-07-07,0.0
105486,2015-08-08,0.0
105650,2019-12-31,0.0
105663,2011-06-28,0.0
105895,2010-03-23,0.0
105973,2021-11-30,0.0
105977,2020-01-02,0.0
106032,2025-06-05,1200000.0
106056,2024-01-31,0.0
106071,2025-01-31,0.0
106171,2025-01-23,0.0
106225,2022-10-03,0.0
106229,2017-05-19,0.0
106281,2025-06-23,550000.0
106329,2015-11-30,0.0
106331,2009-12-31,0.0
106333,2015-12-31,0.0
106374,2016-01-03,0.0
106375,2023-01-05,0.0
106389,2017-12-31,0.0
106397,2012-02-01,0.0
106470,2018-05-05,0.0
106851,2025-05-29,300000.0
106869,2025-06-30,0.0
106872,2025-06-04,3500000.0
106987,2025-06-04,8000000.0
107022,2012-09-17,0.0
107219,2025-06-18,1500000.0
107318,2025-05-12,250000.0
107354,2025-06-24,25000.0
107427,2020-06-30,0.0
107481,2021-08-31,0.0
107493,2015-12-17,0.0
107541,2025-06-17,75000.0
107662,2025-06-25,275000.0
107779,2025-06-24,50000.0
107939,2024-09-26,0.0
107989,2017-06-30,0.0
108021,2023-10-18,0.0
108305,2018-11-30,0.0
108344,2019-12-31,0.0
108354,2025-05-29,2500000.0
108390,2025-06-08,20000000.0
108391,2025-06-30,0.0
108418,2023-12-31,0.0
108528,2013-06-30,0.0
108587,2023-03-06,0.0
108630,2010-12-08,0.0
108745,2025-06-17,100000.0
108935,2011-04-27,0.0
109623,2013-05-09,0.0
109648,2012-04-22,0.0
109652,2025-03-12,0.0
109728,2021-12-31,0.0
109730,2015-06-25,0.0
109972,2020-09-05,0.0
110004,2015-12-17,0.0
110130,2025-01-27,0.0
110292,2025-06-11,500000.0
110320,2025-05-21,10000.0
110622,2025-04-03,250000.0
110650,2023-10-31,0.0
110671,2022-10-03,0.0
110690,2024-09-24,0.0
110708,2025-06-17,600000.0
110797,2025-04-23,150000.0
110812,2022-10-03,0.0
110862,2022-10-03,0.0
110868,2025-06-02,100000.0
110871,2025-04-03,150000.0
110877,2025-06-25,0.0
110914,2014-06-30,0.0
111054,2019-01-25,0.0
111057,2023-10-18,0.0
111185,2023-08-15,0.0
111195,2025-05-29,4000000.0
111196,2025-06-16,5000000.0
111209,2019-06-14,0.0
111266,2025-06-30,0.0
111275,2025-05-22,1000000.0
111277,2025-05-15,250000.0
111418,2020-01-05,0.0
111426,2025-06-16,650000.0
111455,2025-06-04,12000000.0
111500,2012-05-28,0.0
111504,2023-03-06,0.0
111507,2016-12-14,0.0
111511,2022-06-30,0.0
111559,2016-07-25,0.0
111621,2025-06-23,1200000.0
111627,2025-06-24,450000.0
111829,2024-09-26,0.0
111875,2020-07-31,0.0
112031,2015-12-21,0.0
112052,2025-05-27,650000.0
112061,2016-05-26,1250000.0
112146,2012-02-01,0.0
112237,2023-10-31,0.0
112416,2013-06-30,0.0
112493,2010-10-04,0.0
112513,2019-09-01,0.0
112516,2015-08-31,0.0
112565,2022-12-31,0.0
112589,2024-12-09,25000.0
112594,2011-01-31,0.0
112601,2013-05-13,0.0
112606,2024-09-26,0.0
112611,2020-07-07,0.0
112618,2016-06-30,0.0
112823,2012-05-05,0.0
112824,2010-06-30,0.0
112908,2022-10-03,0.0
112930,2025-06-11,2000000.0
112940,2023-02-24,0.0
112962,2024-04-21,0.0
113022,2022-10-03,0.0
113025,2025-06-23,50000.0
113034,2023-10-18,0.0
113035,2009-10-06,0.0
113094,2023-07-04,0.0
113267,2022-12-31,0.0
113303,2020-07-07,0.0
113336,2024-04-21,0.0
113358,2025-05-27,1000000.0
113552,2024-02-26,0.0
113586,2025-06-05,200000.0
113630,2024-01-31,0.0
113657,2025-05-28,150000.0
113719,2018-08-26,0.0
113725,2017-06-30,0.0
113785,2025-06-25,0.0
113872,2025-07-09,0.0
113926,2017-06-30,0.0
114126,2019-01-30,0.0
114139,2023-06-19,0.0
114143,2024-09-26,0.0
114178,2017-12-31,0.0
114198,2025-01-31,0.0
114262,2015-12-31,0.0
114264,2020-07-17,0.0
114265,2021-01-31,0.0
114269,2019-12-31,0.0
114278,2018-12-31,0.0
114282,2024-10-15,0.0
114396,2014-09-30,0.0
114399,2017-10-12,0.0
114400,2025-06-19,10000.0
114407,2023-10-18,0.0
114422,2025-06-17,500000.0
114496,2013-01-23,0.0
114699,2017-10-09,0.0
114705,2014-03-30,0.0
114854,2011-07-07,0.0
114870,2019-06-30,0.0
114937,2025-06-05,2000000.0
115090,2018-04-04,0.0
115166,2017-03-27,0.0
115199,2024-02-07,0.0
115333,2025-06-08,600000.0
115387,2025-03-12,0.0
115447,2025-06-12,200000.0
115608,2018-06-03,0.0
115676,2017-06-29,0.0
115713,2022-06-30,0.0
115793,2022-10-03,0.0
115979,2025-06-04,400000.0
116092,2024-03-06,0.0
116473,2018-06-30,0.0
116644,2017-06-30,0.0
116662,2013-11-30,0.0
116688,2014-12-31,0.0
116893,2011-04-20,0.0
116919,2015-02-25,0.0
116955,2022-06-27,0.0
116956,2021-04-05,0.0
117013,2025-05-28,25000.0
117063,2022-10-03,0.0
117312,2022-10-03,0.0
117321,2013-06-05,0.0
117478,2025-06-04,1200000.0
117586,2025-06-24,50000.0
117671,2021-06-30,0.0
117995,2011-08-19,0.0
118007,2025-06-26,100000.0
118096,2014-06-30,0.0
118265,2025-04-03,0.0
118278,2025-06-01,300000.0
118283,2025-05-21,100000.0
118284,2025-06-02,2000000.0
118287,2025-06-17,800000.0
118303,2025-04-03,300000.0
118319,2024-07-04,0.0
118320,2017-06-29,0.0
118375,2025-06-01,75000.0
118397,2025-06-05,700000.0
118492,2025-06-25,500000.0
118520,2023-03-06,0.0
118536,2020-06-30,0.0
118564,2025-06-29,50000.0
118920,2015-07-06,0.0
118998,2025-06-19,200000.0
119044,2025-06-18,400000.0
119081,2024-01-30,0.0
119085,2025-06-09,300000.0
119104,2024-06-30,0.0
119143,2022-10-03,0.0
119197,2024-10-15,0.0
119301,2024-03-06,0.0
119367,2022-10-03,0.0
119544,2013-03-08,0.0
119564,2014-10-15,0.0
119650,2017-12-31,0.0
119659,2022-09-14,0.0
120062,2020-11-09,0.0
120186,2025-05-26,1400000.0
120192,2025-06-03,300000.0
120199,2022-12-31,0.0
120290,2015-07-05,0.0
120306,2024-03-06,0.0
120372,2024-07-18,0.0
120427,2024-09-23,0.0
120565,2025-06-24,600000.0
120582,2025-04-03,50000.0
120651,2024-01-29,0.0
120754,2024-01-31,0.0
120834,2025-06-10,175000.0
120878,2016-09-18,0.0
120884,2025-06-18,200000.0
120917,2025-06-18,200000.0
120977,2025-06-16,5000000.0
121078,2018-05-18,0.0
121214,2017-12-31,0.0
121250,2025-05-26,1000000.0
121260,2025-06-29,100000.0
121264,2023-07-31,0.0
121265,2025-06-17,100000.0
121280,2025-06-24,350000.0
121333,2025-06-17,200000.0
121340,2012-07-05,0.0
121378,2018-02-16,0.0
121385,2025-06-17,600000.0
121388,2021-11-18,0.0
121391,2025-04-03,0.0
121398,2025-02-04,0.0
121400,2016-09-21,200000.0
121401,2025-04-03,50000.0
121404,2025-01-26,0.0
121413,2021-04-14,0.0
121414,2018-04-24,0.0
121415,2023-07-28,0.0
121477,2025-05-29,1500000.0
121753,2020-04-26,0.0
121940,2018-08-15,0.0
121983,2012-06-17,0.0
121988,2025-02-07,0.0
122028,2021-01-27,0.0
122043,2025-05-25,1000000.0
122155,2025-06-05,1800000.0
122536,2020-12-27,0.0
122635,2025-05-28,250000.0
122675,2025-06-19,500000.0
122704,2016-12-11,0.0
122727,2017-06-30,0.0
122781,2025-06-30,0.0
122827,2025-06-22,125000.0
122833,2023-07-17,0.0
122836,2011-09-13,0.0
123015,2025-06-01,200000.0
123129,2018-04-11,0.0
123140,2024-07-31,0.0
123158,2025-06-03,200000.0
123160,2022-10-03,0.0
123198,2023-10-18,0.0
123204,2017-06-30,0.0
123275,2025-05-29,1500000.0
123300,2020-06-27,0.0
123349,2025-06-18,550000.0
123520,2022-06-30,0.0
123550,2025-06-29,50000.0
123672,2024-10-03,0.0
123674,2016-08-29,0.0
123957,2019-05-18,0.0
124028,2025-06-02,1200000.0
124178,2012-02-01,0.0
124186,2014-06-30,0.0
124216,2012-09-11,0.0
124229,2012-04-29,200000.0
124260,2025-05-28,150000.0
124313,2013-02-11,0.0
124338,2023-09-21,0.0
124384,2025-06-22,50000.0
124419,2025-05-29,5000000.0
124482,2023-01-10,0.0
124502,2025-06-04,7000000.0
124541,2018-03-06,0.0
124577,2025-06-16,150000.0
124666,2012-08-01,0.0
124669,2020-11-10,0.0
124673,2025-05-22,150000.0
124677,2025-05-07,150000.0
124682,2021-04-05,0.0
124785,2020-06-30,0.0
124856,2015-07-30,0.0
124902,2025-06-24,150000.0
125001,2022-10-03,0.0
125063,2023-03-06,0.0
125069,2025-06-15,50000.0
125107,2025-06-09,50000.0
125119,2025-03-17,0.0
125143,2010-11-12,0.0
125185,2012-07-23,0.0
125308,2023-03-06,0.0
125409,2025-05-26,300000.0
125417,2019-02-04,0.0
125435,2013-06-30,0.0
125677,2016-09-20,0.0
125685,2025-06-17,300000.0
125746,2025-04-03,0.0
125751,2025-05-29,50000.0
125786,2025-06-29,75000.0
125843,2022-06-30,0.0
125850,2025-01-30,0.0
125895,2022-01-31,0.0
125926,2016-06-30,0.0
125931,2024-03-05,0.0
126012,2016-06-30,0.0
126093,2016-06-30,0.0
126193,2013-06-30,0.0
126194,2025-06-17,150000.0
126239,2025-06-05,500000.0
126252,2019-06-30,0.0
126258,2025-06-17,550000.0
126321,2025-06-29,100000.0
126322,2022-01-30,0.0
126368,2016-06-05,0.0
126383,2023-06-27,0.0
126387,2025-08-25,10000.0
126401,2022-06-27,0.0
126424,2025-06-10,275000.0
126439,2012-06-17,0.0
126461,2023-03-06,0.0
126471,2014-06-30,0.0
126509,2025-06-23,250000.0
126538,2015-01-12,0.0
126540,2025-06-02,1500000.0
126550,2016-05-21,0.0
126600,2025-05-26,600000.0
126630,2025-06-04,400000.0
126656,2025-04-03,200000.0
126664,2025-05-29,10000000.0
126673,2025-04-03,800000.0
126675,2022-10-03,0.0
126679,2020-06-30,0.0
126699,2025-06-01,200000.0
126737,2025-06-08,2000000.0
126751,2025-06-08,3000000.0
126770,2023-06-30,0.0
126796,2025-06-24,150000.0
126872,2025-05-29,100000.0
126888,2025-06-19,50000.0
126909,2020-06-24,0.0
126922,2019-05-10,0.0
126964,2025-06-22,100000.0
127044,2023-10-18,0.0
127088,2022-10-03,0.0
127108,2025-06-08,2500000.0
127142,2025-06-02,600000.0
127156,2025-06-02,2500000.0
127188,2025-06-02,900000.0
127195,2016-06-05,0.0
127204,2019-09-27,0.0
127213,2020-07-07,0.0
127215,2019-10-27,0.0
127216,2016-01-31,0.0
127250,2011-01-16,0.0
127264,2025-05-14,10000.0
127468,2025-06-09,25000.0
127470,2020-12-27,0.0
127784,2019-06-13,0.0
127792,2017-08-21,0.0
127828,2025-06-09,75000.0
127838,2025-06-24,100000.0
127839,2024-09-26,0.0
127919,2025-04-03,0.0
127978,2017-09-26,0.0
128041,2025-06-17,300000.0
128048,2011-12-23,0.0
128070,2024-03-06,0.0
128096,2020-05-16,0.0
128105,2025-05-01,500000.0
128168,2017-06-30,0.0
128194,2019-01-18,0.0
128198,2014-10-25,0.0
128219,2024-03-05,0.0
128375,2025-06-02,200000.0
128412,2025-06-25,0.0
128459,2022-10-03,0.0
128464,2015-12-17,0.0
128899,2025-06-16,1500000.0
128904,2025-05-26,800000.0
128905,2025-05-26,150000.0
128907,2024-09-29,0.0
128947,2025-06-24,25000.0
129054,2024-09-26,0.0
129057,2020-05-29,0.0
129074,2024-03-06,0.0
129085,2025-06-30,0.0
129124,2016-09-13,0.0
129371,2024-09-26,0.0
129379,2018-10-09,0.0
129444,2025-06-08,1000000.0
129473,2025-04-03,2000000.0
129478,2025-06-23,400000.0
129552,2018-02-08,0.0
129581,2025-06-25,400000.0
129587,2016-06-30,0.0
129604,2025-05-26,1200000.0
129642,2025-06-09,25000.0
129653,2024-03-06,0.0
129660,2025-05-29,325000.0
129680,2024-09-26,0.0
129681,2023-03-06,0.0
129684,2025-05-29,500000.0
129694,2025-06-25,225000.0
129710,2025-03-17,0.0
129753,2024-08-21,0.0
129843,2022-10-03,0.0
130108,2025-06-09,200000.0
130110,2022-10-03,0.0
130173,2024-09-26,0.0
130221,2018-08-21,0.0
130427,2024-03-18,0.0
130521,2023-10-18,0.0
130635,2023-10-18,0.0
130650,2024-08-31,0.0
130768,2025-06-04,500000.0
130819,2023-10-18,0.0
131015,2025-05-28,25000.0
131077,2025-06-11,175000.0
131090,2025-05-25,800000.0
131141,2023-07-31,0.0
131182,2025-06-16,25000.0
131183,2022-10-25,0.0
131190,2025-05-19,0.0
100011,2023-10-31,0.0
100091,2025-06-26,200000.0
100092,2018-11-16,0.0
100124,2025-06-26,200000.0
100128,2024-07-18,0.0
100129,2017-02-23,0.0
100131,2025-06-08,1500000.0
100147,2012-04-23,0.0
100149,2024-03-28,0.0
100214,2017-06-30,0.0
100298,2022-10-03,0.0
100377,2019-05-17,0.0
100591,2025-08-10,0.0
100910,2017-12-11,0.0
100984,2024-03-26,0.0
100987,2021-12-31,0.0
101015,2018-06-30,0.0
101118,2025-05-29,500000.0
101151,2016-05-04,0.0
101206,2022-10-03,0.0
101253,2025-06-26,300000.0
101304,2025-04-03,0.0
101310,2020-01-27,0.0
101535,2012-02-07,0.0
101680,2020-01-31,0.0
101733,2025-06-24,100000.0
101738,2023-03-06,0.0
101742,2019-06-30,0.0
101833,2011-06-30,0.0
101912,2017-07-24,0.0
102017,2025-05-29,6000000.0
102053,2024-08-05,0.0
102192,2024-09-24,0.0
102258,2023-11-05,0.0
102271,2025-05-29,125000.0
102382,2021-07-24,0.0
102427,2025-06-09,800000.0
102452,2025-06-09,100000.0
102538,2016-12-22,0.0
102651,2018-06-26,0.0
102660,2025-06-08,125000.0
102667,2019-05-15,0.0
102687,2017-04-15,0.0
102699,2025-05-25,150000.0
102708,2025-05-25,500000.0
102897,2018-06-30,0.0
102923,2011-09-06,0.0
103001,2022-10-19,0.0
103004,2017-12-30,0.0
103061,2024-09-26,0.0
103064,2025-06-10,275000.0
103230,2014-10-30,0.0
103246,2025-05-26,250000.0
103319,2015-06-30,0.0
103376,2017-01-03,0.0
103385,2018-12-07,0.0
103427,2025-05-26,1500000.0
103485,2023-12-31,0.0
103567,2022-12-31,0.0
103601,2011-12-31,0.0
103607,2025-05-01,125000.0
103623,2016-09-13,0.0
103625,2013-08-29,0.0
103667,2019-06-30,0.0
103674,2025-04-03,300000.0
103743,2025-06-26,200000.0
103790,2023-05-27,0.0
103848,2024-06-30,0.0
103877,2021-06-30,0.0
103890,2025-06-01,300000.0
103892,2021-07-23,0.0
104178,2010-10-29,0.0
104267,2023-06-30,0.0
104303,2019-02-18,0.0
104326,2025-06-01,300000.0
104432,2025-04-03,100000.0
104454,2014-06-30,0.0
104505,2025-06-05,3000000.0
104509,2024-03-24,0.0
104543,2025-06-11,300000.0
104545,2024-06-30,0.0
104970,2020-07-31,0.0
105375,2016-12-31,0.0
105388,2023-05-18,0.0
105468,2020-05-03,0.0
105470,2025-05-29,20000000.0
105500,2017-02-14,0.0
105509,2016-09-15,0.0
105512,2023-04-05,0.0
105565,2020-07-07,0.0
105695,2025-06-16,200000.0
105888,2025-05-25,1500000.0
105979,2025-04-03,50000.0
105999,2018-12-31,0.0
106064,2023-01-31,0.0
106251,2019-06-30,0.0
106272,2022-06-27,0.0
106278,2022-01-31,0.0
106282,2025-04-03,150000.0
106314,2018-01-31,0.0
106325,2016-12-31,0.0
106383,2009-12-31,0.0
106691,2020-07-07,0.0
106708,2025-08-07,0.0
106721,2025-05-27,75000.0
106794,2011-01-17,0.0
106825,2023-06-30,0.0
106837,2025-06-23,100000.0
107184,2024-06-30,0.0
107378,2019-01-25,0.0
107403,2020-02-16,0.0
107444,2025-05-25,1000000.0
107516,2023-12-31,0.0
107534,2025-06-29,75000.0
107544,2025-06-16,200000.0
107548,2019-09-27,0.0
107676,2014-06-30,0.0
107703,2022-12-16,0.0
107833,2017-07-31,0.0
107894,2017-12-14,0.0
107963,2020-07-31,0.0
107972,2018-06-30,0.0
107973,2023-06-22,0.0
108108,2025-06-02,400000.0
108198,2025-06-18,400000.0
108334,2014-09-23,0.0
108353,2023-12-31,0.0
108392,2013-07-29,0.0
108484,2024-09-24,0.0
108693,2014-01-30,0.0
108820,2025-04-03,250000.0
108901,2011-11-09,0.0
109008,2016-01-29,0.0
109012,2023-01-04,0.0
109039,2021-06-30,0.0
109160,2017-11-25,0.0
109191,2024-03-18,0.0
109246,2019-05-23,0.0
109256,2025-05-28,2000000.0
109541,2024-09-26,0.0
109763,2025-06-30,0.0
109813,2019-05-15,0.0
109967,2017-07-12,0.0
109987,2023-06-30,0.0
110036,2025-06-18,800000.0
110058,2020-06-27,0.0
110078,2025-06-05,800000.0
110116,2023-10-18,0.0
110129,2023-10-18,0.0
110154,2022-10-03,0.0
110268,2019-06-30,0.0
110286,2023-05-30,0.0
110290,2023-11-12,0.0
110326,2022-10-03,0.0
110358,2025-06-09,25000.0
110670,2020-04-17,0.0
110696,2025-03-13,0.0
110697,2024-09-26,0.0
110852,2022-11-09,0.0
110861,2025-06-17,125000.0
110883,2018-01-07,0.0
110910,2017-01-31,0.0
110911,2024-01-31,0.0
110930,2022-10-03,0.0
111005,2023-03-06,0.0
111018,2022-10-03,0.0
111023,2020-06-27,0.0
111027,2022-10-03,0.0
111039,2025-06-11,350000.0
111041,2025-06-01,150000.0
111053,2025-07-22,0.0
111059,2016-12-31,0.0
111078,2025-06-04,3000000.0
111216,2023-06-30,0.0
111283,2020-06-30,0.0
111422,2025-05-28,500000.0
111423,2025-06-30,0.0
111428,2025-05-07,125000.0
111430,2025-06-09,100000.0
111465,2025-05-29,250000.0
111485,2022-10-03,0.0
111508,2025-06-08,300000.0
111528,2025-06-01,50000.0
111667,2021-09-16,0.0
111749,2022-06-30,0.0
111819,2025-05-29,1500000.0
111873,2025-05-29,20000000.0
111874,2023-01-31,0.0
111952,2018-06-30,0.0
112022,2025-04-03,50000.0
112096,2013-11-30,0.0
112189,2016-06-30,0.0
112336,2025-06-25,100000.0
112482,2011-06-23,0.0
112582,2010-09-28,0.0
112595,2022-10-03,0.0
112609,2022-03-31,0.0
112822,2025-06-02,300000.0
112935,2025-06-30,0.0
113036,2025-06-17,150000.0
113039,2025-06-17,200000.0
113045,2025-05-22,200000.0
113159,2024-03-10,0.0
113314,2023-03-06,0.0
113575,2025-04-03,50000.0
113593,2024-03-06,0.0
113651,2025-03-13,0.0
113791,2020-07-30,0.0
114060,2025-06-23,200000.0
114121,2016-06-30,0.0
114138,2014-09-11,0.0
114205,2025-05-28,175000.0
114248,2023-01-31,0.0
114261,2023-01-31,0.0
114266,2021-04-05,0.0
114272,2014-12-31,0.0
114365,2025-06-02,375000.0
114495,2023-10-18,0.0
114507,2020-01-30,0.0
114675,2025-06-17,250000.0
114703,2014-07-26,0.0
114713,2014-07-21,0.0
114718,2018-01-07,0.0
114739,2016-01-21,0.0
114776,2023-10-18,0.0
114863,2020-01-30,0.0
114931,2019-06-29,0.0
114979,2019-03-07,0.0
115089,2020-01-30,0.0
115165,2025-01-19,0.0
115188,2025-06-09,50000.0
115298,2011-12-04,0.0
115386,2025-06-30,0.0
115507,2025-06-01,600000.0
115547,2017-06-30,0.0
115763,2025-06-17,700000.0
115765,2025-05-28,75000.0
115774,2025-03-17,0.0
115989,2025-06-05,600000.0
116103,2020-06-28,0.0
116160,2019-01-04,0.0
116174,2020-06-30,0.0
116390,2023-10-18,0.0
116498,2010-12-07,0.0
116596,2025-04-03,200000.0
116615,2025-06-17,75000.0
116636,2022-10-03,0.0
116829,2021-04-07,0.0
116890,2011-02-20,0.0
116959,2015-12-31,0.0
117149,2025-05-14,50000.0
117315,2020-01-31,0.0
117325,2017-01-31,0.0
117476,2025-06-24,50000.0
117513,2025-05-22,50000.0
117625,2022-08-21,0.0
117674,2025-06-04,5000000.0
117720,2025-06-10,150000.0
117724,2018-01-23,0.0
117996,2024-03-07,0.0
117997,2025-06-29,75000.0
118012,2025-06-25,25000.0
118046,2012-03-28,0.0
118131,2016-12-31,0.0
118282,2017-06-02,0.0
118294,2022-10-03,0.0
118300,2024-09-26,0.0
118304,2020-01-31,0.0
118309,2020-09-12,0.0
118318,2021-05-19,0.0
118407,2011-10-28,0.0
118490,2010-01-26,0.0
118491,2022-06-27,0.0
118517,2016-12-31,0.0
118530,2016-03-25,0.0
118534,2025-05-29,5000000.0
118535,2025-05-26,600000.0
118537,2023-12-31,0.0
118654,2025-06-18,100000.0
118756,2025-06-11,225000.0
118779,2025-05-26,200000.0
118997,2025-06-08,700000.0
119031,2025-06-17,4000000.0
119032,2025-06-10,225000.0
119034,2025-06-10,175000.0
119066,2025-06-08,250000.0
119095,2016-06-30,0.0
119105,2011-04-20,0.0
119123,2023-10-18,0.0
119159,2020-06-23,0.0
119164,2025-06-09,25000.0
119183,2025-06-17,100000.0
119211,2025-06-04,5000000.0
119231,2024-06-30,0.0
119300,2015-06-30,0.0
119333,2025-06-05,2500000.0
119408,2011-04-06,0.0
119472,2025-06-16,200000.0
119553,2025-06-17,250000.0
119557,2025-06-18,2500000.0
119569,2025-06-16,200000.0
119573,2019-08-21,0.0
119622,2025-01-06,0.0
119666,2017-10-28,0.0
119670,2020-06-26,0.0
119680,2017-12-31,0.0
119766,2025-04-03,0.0
119785,2019-06-30,0.0
119938,2023-03-06,0.0
120050,2024-09-26,0.0
120091,2024-12-07,0.0
120205,2025-06-04,3000000.0
120237,2024-11-26,0.0
120239,2018-05-31,0.0
120296,2025-06-10,275000.0
120619,2023-11-12,0.0
120732,2022-01-24,0.0
120788,2016-07-19,0.0
120976,2025-06-29,75000.0
121032,2025-06-16,25000.0
121046,2019-07-31,0.0
121068,2014-10-26,0.0
121072,2023-10-18,0.0
121209,2018-10-31,0.0
121223,2023-10-18,0.0
121253,2017-10-18,0.0
121254,2025-05-26,350000.0
121257,2025-05-26,250000.0
121320,2011-11-12,0.0
121352,2025-05-26,600000.0
121369,2019-07-16,0.0
121386,2017-04-08,0.0
121410,2022-04-07,0.0
121422,2023-06-30,0.0
121475,2013-06-30,0.0
121528,2025-06-24,50000.0
121791,2025-06-26,50000.0
121801,2025-05-28,50000.0
121985,2025-06-16,1500000.0
121986,2025-06-05,250000.0
121987,2015-09-30,0.0
122011,2024-12-31,0.0
122037,2010-09-30,0.0
122153,2025-06-30,5000000.0
122722,2025-06-09,25000.0
122729,2016-06-30,0.0
122867,2024-03-18,0.0
122881,2023-10-18,0.0
122946,2023-03-06,0.0
122994,2025-04-23,250000.0
123021,2024-09-24,0.0
123189,2025-06-30,0.0
123508,2025-03-13,0.0
123536,2025-05-26,150000.0
123549,2011-07-29,0.0
123558,2025-04-03,125000.0
123590,2014-07-21,0.0
123604,2022-10-03,0.0
123609,2025-06-15,250000.0
123638,2025-05-26,100000.0
123708,2019-12-31,0.0
123711,2025-06-09,25000.0
123765,2023-10-18,0.0
123921,2023-03-06,0.0
123951,2023-06-30,0.0
124080,2025-06-04,175000.0
124187,2025-05-28,225000.0
124203,2021-06-16,0.0
124223,2023-06-08,0.0
124244,2025-06-11,350000.0
124352,2024-03-05,0.0
124517,2025-06-05,300000.0
124548,2025-06-22,75000.0
124549,2011-05-08,0.0
124556,2025-06-16,100000.0
124559,2025-08-28,0.0
124571,2025-03-13,0.0
124668,2021-12-31,0.0
124788,2025-05-25,350000.0
124845,2025-06-29,75000.0
124863,2025-06-24,150000.0
124870,2023-02-26,0.0
124885,2025-05-14,150000.0
124888,2025-04-03,175000.0
124889,2025-07-09,0.0
124911,2025-05-14,50000.0
124937,2024-09-24,0.0
124941,2020-01-19,0.0
125099,2020-06-30,0.0
125117,2021-07-19,0.0
125142,2021-10-19,0.0
125158,2025-06-16,50000.0
125215,2021-10-07,0.0
125275,2025-05-25,75000.0
125464,2022-10-03,0.0
125467,2017-01-19,0.0
125481,2025-03-17,0.0
125689,2022-10-03,0.0
125692,2017-11-30,0.0
125696,2021-08-04,0.0
125697,2025-05-07,50000.0
125699,2017-11-30,0.0
125750,2025-05-21,10000.0
125754,2025-04-23,150000.0
125781,2025-06-08,18000000.0
125854,2022-03-03,0.0
125870,2025-06-24,25000.0
125918,2025-05-15,250000.0
125922,2011-06-30,0.0
126019,2025-06-03,100000.0
126088,2016-06-30,0.0
126102,2016-06-30,0.0
126204,2011-05-25,400000.0
126214,2025-06-02,400000.0
126281,2025-06-04,1000000.0
126308,2015-12-31,0.0
126318,2022-12-31,0.0
126385,2010-12-21,0.0
126390,2023-11-12,0.0
126393,2011-12-31,0.0
126413,2025-06-08,50000.0
126414,2025-06-16,30000000.0
126421,2024-11-27,150000.0
126514,2025-06-09,100000.0
126516,2025-06-09,150000.0
126530,2024-09-26,0.0
126558,2016-06-04,0.0
126625,2025-05-22,300000.0
126638,2025-06-02,450000.0
126639,2025-06-02,150000.0
126640,2025-06-02,350000.0
126641,2025-06-02,175000.0
126642,2025-06-02,150000.0
126659,2023-10-21,0.0
126687,2025-06-24,450000.0
126706,2019-05-10,0.0
126722,2025-06-24,200000.0
136834,2025-06-02,300000.0
136998,2011-07-17,0.0
137164,2012-02-01,0.0
137169,2018-10-22,0.0
137225,2018-08-31,0.0
137424,2015-05-22,0.0
137611,2024-09-26,0.0
137614,2025-06-19,10000.0
137616,2025-06-17,2600000.0
137624,2015-03-12,0.0
137683,2022-10-03,0.0
137684,2025-05-27,50000.0
137704,2025-06-24,150000.0
137719,2010-10-04,0.0
137723,2020-07-07,0.0
137726,2024-03-28,0.0
137745,2025-06-05,300000.0
137815,2018-01-07,0.0
138206,2011-06-30,0.0
138260,2025-05-28,100000.0
138265,2016-06-30,0.0
138320,2024-09-26,0.0
138331,2025-04-23,250000.0
138341,2025-06-19,25000.0
138418,2015-03-31,0.0
138529,2023-11-30,0.0
138588,2020-01-05,0.0
138679,2023-03-31,0.0
138804,2012-12-14,0.0
138828,2018-04-28,0.0
138831,2014-09-23,0.0
138927,2025-06-08,8000000.0
138935,2025-06-23,600000.0
139006,2023-10-31,0.0
139007,2015-01-06,0.0
139208,2025-05-29,23000000.0
139278,2025-06-10,200000.0
139339,2025-06-30,0.0
139394,2025-08-04,0.0
139434,2023-07-06,0.0
139496,2010-09-24,0.0
139576,2025-05-18,250000.0
139908,2010-12-27,0.0
139931,2025-04-03,75000.0
140092,2024-09-15,0.0
140126,2023-09-30,0.0
140160,2024-09-26,0.0
140163,2015-07-31,0.0
140191,2024-06-30,0.0
140214,2025-06-01,500000.0
140338,2019-04-04,0.0
140497,2024-07-24,0.0
140525,2012-06-30,0.0
140547,2025-04-03,0.0
140554,2025-06-16,700000.0
140664,2023-11-12,0.0
140757,2025-05-28,2000000.0
140776,2025-05-26,7000000.0
140799,2018-01-04,0.0
140804,2025-04-03,75000.0
140969,2011-04-24,0.0
141043,2015-03-31,0.0
141099,2025-06-16,125000.0
141113,2021-07-01,0.0
141209,2025-05-01,75000.0
141479,2025-06-25,75000.0
141563,2017-09-09,0.0
141568,2022-10-03,0.0
141573,2025-05-26,800000.0
141749,2025-01-31,0.0
141750,2021-01-31,0.0
141796,2024-09-23,0.0
141813,2025-06-29,1500000.0
141835,2024-07-24,0.0
142021,2025-06-08,4000000.0
142034,2025-06-18,125000.0
142136,2022-10-03,0.0
142177,2012-06-29,0.0
142194,2025-05-07,125000.0
142216,2025-06-19,50000.0
142281,2025-08-28,0.0
142340,2025-07-31,0.0
142389,2025-05-29,200000.0
142420,2025-06-24,100000.0
142424,2024-09-24,0.0
142929,2024-06-19,0.0
142977,2015-06-30,0.0
143090,2021-06-07,0.0
143105,2022-10-03,0.0
143370,2024-01-31,0.0
143402,2020-01-31,0.0
143439,2019-03-04,0.0
143775,2011-04-20,0.0
143798,2025-06-04,1700000.0
143812,2025-06-16,2000000.0
143817,2025-06-05,150000.0
144128,2025-06-23,200000.0
144323,2024-06-30,0.0
144341,2025-08-31,0.0
144379,2013-06-30,0.0
144446,2015-08-06,0.0
144456,2025-06-19,125000.0
144723,2024-03-06,0.0
144752,2023-11-12,0.0
144786,2020-06-06,0.0
145010,2025-05-29,125000.0
145114,2023-12-31,0.0
145117,2019-02-07,0.0
145411,2016-07-15,0.0
145416,2025-04-03,75000.0
145493,2023-12-04,0.0
145677,2012-02-24,0.0
145717,2021-08-26,0.0
145851,2018-02-23,0.0
145999,2010-06-30,0.0
146020,2025-02-19,0.0
146155,2025-06-04,6000000.0
146227,2025-06-08,800000.0
146258,2025-06-23,300000.0
146292,2025-06-11,150000.0
146329,2024-09-24,0.0
146542,2025-06-29,100000.0
146544,2017-11-30,0.0
146579,2018-06-30,0.0
146598,2022-06-30,0.0
146608,2025-06-01,25000.0
146693,2025-06-18,300000.0
146786,2023-06-30,0.0
147007,2014-06-30,0.0
147027,2025-06-09,100000.0
147031,2021-07-22,0.0
147048,2018-01-07,0.0
147128,2025-06-01,300000.0
147157,2025-05-25,200000.0
147266,2023-03-06,0.0
147318,2025-06-24,100000.0
147359,2025-06-18,550000.0
147366,2025-06-26,200000.0
147404,2023-10-31,0.0
147419,2025-06-03,450000.0
147485,2025-06-05,700000.0
147501,2025-06-09,200000.0
147555,2025-06-16,400000.0
147558,2025-06-09,1000000.0
147632,2024-07-12,0.0
147697,2025-05-27,100000.0
147712,2016-06-05,0.0
147846,2025-05-22,200000.0
147876,2024-09-15,0.0
147986,2025-05-27,100000.0
148135,2020-07-07,0.0
148197,2025-06-22,200000.0
148231,2025-06-05,300000.0
148252,2025-06-16,5000000.0
148307,2020-06-22,0.0
148396,2025-05-29,200000.0
148550,2024-03-06,0.0
148606,2021-04-08,0.0
148682,2019-12-31,0.0
148751,2025-04-01,0.0
148765,2025-06-05,600000.0
148789,2025-04-03,250000.0
148907,2025-06-19,75000.0
148908,2025-03-17,0.0
149123,2018-10-01,0.0
149144,2018-08-09,0.0
149251,2024-09-26,0.0
149267,2016-05-30,0.0
149393,2025-06-05,250000.0
149444,2024-03-05,0.0
149516,2025-06-24,250000.0
149593,2015-06-30,0.0
149594,2015-06-30,0.0
149668,2017-08-20,0.0
149683,2024-03-06,0.0
149716,2025-06-05,500000.0
149946,2022-10-03,0.0
150080,2025-06-10,125000.0
150085,2024-03-12,0.0
150212,2025-06-16,200000.0
150437,2020-06-28,0.0
150482,2025-05-26,800000.0
150492,2012-12-07,0.0
150697,2019-05-08,0.0
150884,2025-05-27,150000.0
150936,2018-09-30,0.0
150948,2025-04-03,0.0
151189,2025-06-17,50000.0
151567,2021-06-30,0.0
151636,2025-06-18,1000000.0
151669,2016-07-29,0.0
151791,2025-06-02,300000.0
152284,2025-05-28,125000.0
152421,2018-09-03,0.0
152435,2025-06-18,600000.0
152457,2025-04-03,75000.0
152542,2023-01-11,0.0
152776,2025-06-05,200000.0
152963,2025-06-18,400000.0
153084,2025-06-04,22000000.0
153190,2025-05-26,1500000.0
153236,2022-06-30,0.0
153387,2016-07-15,0.0
153454,2023-04-18,0.0
153628,2025-06-10,400000.0
153637,2025-06-05,1000000.0
153754,2025-06-24,200000.0
153812,2019-11-14,0.0
154140,2025-06-05,200000.0
154169,2019-03-20,0.0
154171,2022-06-30,0.0
154172,2016-02-06,0.0
154295,2024-09-26,0.0
154325,2016-10-02,0.0
154381,2025-06-10,50000.0
154396,2025-06-18,500000.0
154475,2025-06-09,50000.0
154635,2025-06-09,50000.0
154652,2020-06-06,0.0
154963,2020-08-13,0.0
155091,2018-05-18,0.0
155202,2025-04-23,400000.0
155406,2025-06-09,25000.0
155566,2021-01-24,0.0
155583,2016-12-31,0.0
155794,2019-05-10,0.0
155806,2025-06-08,275000.0
155886,2016-12-31,0.0
155998,2025-06-02,100000.0
156384,2025-04-03,50000.0
156442,2025-06-25,225000.0
156487,2021-07-31,0.0
156599,2020-01-05,0.0
156618,2025-06-01,300000.0
156730,2025-09-04,10000.0
156781,2016-06-30,0.0
156807,2021-10-06,0.0
156887,2025-06-24,200000.0
156895,2025-04-03,0.0
156929,2018-01-07,0.0
156936,2020-06-30,0.0
156941,2025-06-17,2800000.0
156965,2019-05-15,0.0
157036,2025-05-29,50000.0
157075,2022-10-03,0.0
157176,2025-06-19,125000.0
157206,2013-06-30,0.0
157228,2013-06-05,0.0
157245,2020-07-31,0.0
157385,2014-08-31,0.0
157506,2025-06-16,3000000.0
157509,2025-05-26,10000000.0
157588,2024-09-26,0.0
157707,2022-05-31,0.0
157884,2018-01-03,0.0
157907,2025-02-27,0.0
157927,2025-06-10,225000.0
157961,2022-10-03,0.0
158044,2025-06-30,0.0
158052,2025-06-10,75000.0
158120,2025-07-17,350000.0
158149,2021-01-21,0.0
158155,2025-05-29,150000.0
158360,2025-06-10,325000.0
158419,2025-06-17,25000.0
158527,2015-05-10,0.0
158530,2017-01-25,0.0
158623,2025-05-26,200000.0
158702,2025-06-29,100000.0
158704,2023-06-30,0.0
158713,2025-06-29,75000.0
158758,2024-09-26,0.0
158770,2025-06-11,125000.0
158776,2012-09-27,0.0
158843,2020-01-31,0.0
158851,2024-03-18,0.0
158926,2022-06-30,0.0
158940,2024-01-31,0.0
159079,2025-06-24,125000.0
159098,2025-06-11,500000.0
159131,2023-01-30,0.0
159197,2024-09-26,0.0
159299,2022-10-03,0.0
159372,2025-09-04,3000000.0
159471,2025-06-04,22000000.0
159581,2021-07-01,0.0
159582,2018-07-06,0.0
159644,2023-03-06,0.0
159653,2019-01-01,0.0
159692,2023-06-30,0.0
159697,2025-06-10,100000.0
159706,2025-06-30,0.0
159711,2015-12-17,0.0
159714,2023-10-18,0.0
159809,2018-07-08,0.0
159838,2025-05-26,1000000.0
159896,2025-06-08,175000.0
159907,2025-04-03,50000.0
159908,2025-06-17,1000000.0
159976,2014-06-30,0.0
160133,2025-05-12,75000.0
160188,2025-06-05,100000.0
160249,2025-09-04,75000.0
160252,2017-06-30,0.0
160346,2022-10-15,0.0
160376,2022-10-03,0.0
160438,2025-05-28,1800000.0
160501,2025-06-18,150000.0
160605,2019-12-31,0.0
160758,2015-07-31,0.0
160777,2016-01-14,0.0
160929,2025-06-18,2000000.0
160934,2019-06-30,0.0
160938,2025-06-16,3000000.0
160954,2025-06-04,400000.0
160968,2025-06-09,300000.0
160974,2020-07-31,0.0
160980,2025-06-18,400000.0
161056,2025-06-04,45000000.0
161062,2025-06-10,250000.0
161093,2020-01-05,0.0
161188,2025-06-26,450000.0
161255,2023-06-30,0.0
161434,2022-10-03,0.0
161682,2025-02-10,0.0
161869,2025-06-02,1000000.0
161936,2025-06-23,125000.0
162027,2025-06-23,700000.0
162044,2025-06-24,150000.0
162056,2025-06-23,1000000.0
162079,2025-06-23,400000.0
162792,2025-06-23,125000.0
162814,2025-06-30,0.0
162970,2013-05-22,0.0
163434,2021-02-12,0.0
163455,2015-11-21,0.0
163532,2024-09-26,0.0
163556,2025-05-28,275000.0
163816,2017-04-19,0.0
164044,2023-03-06,0.0
164145,2025-06-08,1300000.0
164147,2022-10-03,0.0
164264,2025-05-28,200000.0
164415,2022-12-31,0.0
164472,2023-09-20,0.0
164478,2024-03-28,0.0
164499,2025-05-26,500000.0
164548,2013-10-27,0.0
164559,2023-07-30,0.0
164575,2019-06-15,0.0
164646,2025-06-30,0.0
164658,2023-06-30,0.0
164674,2025-04-03,50000.0
164679,2025-01-22,0.0
164914,2023-10-18,0.0
164915,2025-06-01,400000.0
164933,2020-06-27,0.0
164997,2025-05-01,250000.0
165008,2025-04-03,200000.0
165307,2016-06-30,0.0
165409,2025-05-01,75000.0
165467,2025-06-08,2500000.0
165700,2020-09-03,0.0
165788,2025-06-25,200000.0
165801,2025-06-02,400000.0
165807,2019-02-24,0.0
165910,2018-01-07,0.0
166230,2025-06-24,250000.0
166237,2025-06-16,5000000.0
166281,2025-09-07,0.0
166292,2025-06-23,100000.0
166394,2020-01-05,0.0
166400,2024-10-15,0.0
166404,2025-06-09,50000.0
166607,2024-09-26,0.0
166661,2025-06-24,200000.0
166677,2025-06-08,1800000.0
166716,2022-03-23,0.0
166985,2025-06-08,400000.0
167190,2025-06-09,100000.0
167265,2025-06-17,325000.0
167350,2025-05-29,125000.0
167472,2025-06-01,200000.0
167552,2023-10-18,0.0
167729,2011-05-10,0.0
167754,2021-10-07,0.0
167825,2025-01-05,0.0
168186,2025-06-10,450000.0
168346,2025-06-18,150000.0
168414,2017-10-11,0.0
168423,2015-07-31,0.0
168437,2022-10-03,0.0
168477,2024-12-31,0.0
168672,2025-06-22,25000.0
168713,2024-12-31,0.0
168821,2021-06-30,0.0
168888,2016-06-30,0.0
168943,2025-06-05,200000.0
169046,2016-04-17,0.0
169052,2025-06-05,600000.0
169092,2025-06-24,500000.0
169179,2025-06-26,750000.0
169334,2025-06-30,0.0
169460,2025-05-29,200000.0
169497,2025-06-08,1500000.0
169633,2011-09-05,0.0
169688,2023-10-18,0.0
169813,2025-06-19,50000.0
169852,2019-02-13,0.0
169879,2023-03-06,0.0
169881,2014-06-30,0.0
169910,2013-09-09,0.0
169927,2025-06-19,50000.0
170057,2025-06-19,25000.0
170120,2025-06-17,25000.0
170220,2016-06-30,0.0
170239,2025-06-24,50000.0
170322,2025-06-29,125000.0
170359,2018-12-31,0.0
170366,2024-12-31,0.0
170422,2017-05-06,0.0
170465,2025-05-07,200000.0
170481,2025-06-16,500000.0
170497,2017-05-16,0.0
170504,2024-12-17,100000.0
170506,2025-06-01,250000.0
170509,2025-06-30,0.0
170525,2024-03-06,0.0
170544,2025-06-17,500000.0
170594,2025-06-19,150000.0
170644,2025-06-17,25000.0
170736,2022-10-03,0.0
170839,2016-06-30,0.0
170895,2025-06-17,500000.0
170904,2025-06-04,300000.0
170922,2025-06-18,75000.0
170927,2025-06-01,200000.0
170930,2019-03-01,0.0
170935,2014-04-12,0.0
170948,2014-09-30,0.0
170961,2025-06-02,600000.0
170975,2014-04-20,0.0
170979,2020-06-02,0.0
170982,2023-03-06,0.0
170994,2023-05-26,0.0
171179,2012-05-20,0.0
171307,2025-06-02,400000.0
171352,2025-06-10,275000.0
171392,2025-05-27,100000.0
171410,2023-03-06,0.0
171418,2025-05-28,250000.0
171439,2025-03-13,0.0
171690,2022-10-03,0.0
172007,2025-06-02,100000.0
172127,2025-05-28,125000.0
172128,2023-03-06,0.0
172142,2025-06-08,225000.0
172143,2023-06-30,0.0
172779,2025-05-28,500000.0
172857,2025-06-23,300000.0
172875,2016-07-06,0.0
172881,2014-10-12,0.0
172909,2019-11-21,0.0
173504,2025-05-29,9000000.0
173591,2025-05-29,1000000.0
173594,2020-01-15,0.0
173617,2025-02-17,0.0
173804,2025-08-27,0.0
173860,2017-06-21,0.0
174156,2020-03-23,0.0
174196,2025-06-02,2000000.0
174285,2024-06-30,0.0
174374,2020-07-07,0.0
174411,2023-11-12,0.0
174549,2025-01-31,0.0
174563,2023-03-06,0.0
174573,2021-04-01,0.0
174715,2023-02-12,0.0
174831,2018-12-04,0.0
174835,2024-04-21,0.0
174842,2025-05-26,150000.0
174852,2025-05-21,10000.0
174947,2025-06-25,0.0
174957,2017-05-26,0.0
174972,2025-06-24,25000.0
175179,2025-06-17,400000.0
175237,2018-03-06,0.0
175387,2024-06-30,0.0
175395,2024-04-21,0.0
175449,2025-06-08,2000000.0
175597,2023-11-12,0.0
175615,2025-06-04,200000.0
175673,2020-08-30,0.0
175828,2025-06-29,100000.0
175863,2025-03-31,0.0
175906,2025-06-24,50000.0
176067,2025-06-24,300000.0
176416,2025-06-19,150000.0
176485,2025-05-29,800000.0
176553,2025-05-26,15000000.0
176590,2018-06-30,0.0
176594,2022-10-03,0.0
176782,2015-12-31,0.0
176987,2019-09-28,0.0
177011,2025-05-01,300000.0
177138,2023-03-06,0.0
177452,2025-06-08,1200000.0
177476,2025-05-29,25000000.0
177491,2024-01-31,0.0
177547,2025-05-27,2500000.0
177560,2018-10-22,0.0
177776,2025-05-29,300000.0
177832,2024-03-06,0.0
177851,2023-03-06,0.0
177856,2022-06-30,0.0
177857,2024-09-26,0.0
177859,2025-05-25,150000.0
177860,2024-11-17,0.0
177901,2025-06-29,225000.0
178078,2025-04-03,175000.0
178187,2024-09-26,0.0
178217,2025-05-15,125000.0
178269,2020-07-30,0.0
178293,2025-02-06,0.0
178419,2024-09-26,0.0
178425,2025-05-22,900000.0
178468,2023-03-06,0.0
178469,2025-06-16,275000.0
178840,2016-12-14,0.0
178937,2022-08-11,0.0
178952,2023-10-31,0.0
178986,2025-05-01,100000.0
178987,2024-03-06,0.0
179179,2022-05-27,0.0
179236,2024-06-30,0.0
179240,2025-06-16,125000.0
179446,2013-09-25,0.0
179457,2014-05-29,0.0
179470,2020-02-29,0.0
179750,2023-03-06,0.0
179893,2024-06-30,0.0
179987,2025-05-25,400000.0
180131,2024-03-06,0.0
180167,2025-06-16,300000.0
180227,2025-06-25,0.0
180233,2012-06-10,0.0
180538,2025-06-16,125000.0
180558,2022-10-03,0.0
180704,2022-10-03,0.0
180752,2022-03-31,0.0
180754,2021-12-31,0.0
180767,2025-06-15,350000.0
181006,2025-05-15,400000.0
181373,2025-06-24,650000.0
181375,2025-05-27,3000000.0
181377,2019-05-10,0.0
181378,2025-06-02,6000000.0
181380,2025-06-17,3000000.0
181477,2025-05-15,350000.0
181498,2025-06-17,200000.0
181574,2025-08-25,50000.0
181677,2025-04-23,350000.0
181687,2025-05-29,400000.0
181772,2024-09-24,0.0
181791,2016-12-27,0.0
182079,2025-06-24,75000.0
182182,2025-04-10,0.0
182216,2024-04-21,0.0
182431,2016-06-30,0.0
182446,2025-06-23,700000.0
182463,2019-09-27,0.0
182574,2025-06-18,400000.0
182614,2025-06-16,150000.0
182753,2019-12-31,0.0
182758,2015-12-31,0.0
182811,2020-09-29,0.0
182814,2022-10-03,0.0
182816,2025-06-18,600000.0
182819,2017-07-12,0.0
182885,2025-05-27,500000.0
182889,2025-06-18,300000.0
182890,2024-09-24,0.0
182891,2025-05-27,900000.0
182893,2025-06-02,10000000.0
182895,2017-06-29,0.0
182903,2020-04-06,0.0
182906,2025-06-16,25000000.0
183021,2023-03-06,0.0
183107,2014-05-29,0.0
183111,2014-12-31,0.0
183194,2025-05-27,50000.0
183211,2023-10-18,0.0
183247,2023-03-06,0.0
183281,2017-04-18,0.0
183282,2020-06-30,0.0
183283,2025-06-17,150000.0
183321,2025-06-15,3500000.0
183440,2024-04-21,0.0
183446,2025-03-13,0.0
183447,2025-06-09,100000.0
183448,2025-06-09,100000.0
183600,2025-06-02,175000.0
183614,2025-02-10,0.0
183746,2025-03-13,0.0
183836,2025-06-05,600000.0
184131,2017-07-15,0.0
184133,2025-04-14,0.0
184212,2025-06-17,200000.0
184218,2023-03-06,0.0
184377,2021-01-06,0.0
184382,2025-06-18,400000.0
184473,2025-06-05,150000.0
184684,2024-09-29,0.0
184745,2025-06-17,100000.0
184779,2025-04-03,50000.0
184849,2025-08-08,0.0
184935,2025-06-01,200000.0
185012,2025-05-25,2500000.0
185208,2016-01-15,0.0
185352,2022-10-03,0.0
185387,2024-03-06,0.0
185427,2025-06-18,1000000.0
185608,2019-05-10,0.0
185636,2025-06-04,3500000.0
185764,2016-01-16,0.0
185795,2025-06-19,25000.0
185908,2024-09-26,0.0
185915,2019-01-30,0.0
185939,2018-04-09,0.0
186060,2014-08-07,0.0
186061,2013-01-07,0.0
186066,2017-06-30,0.0
186301,2018-08-28,0.0
186369,2022-12-31,0.0
186372,2024-07-14,0.0
186416,2025-03-13,0.0
186459,2020-12-01,0.0
186473,2024-03-06,0.0
186605,2022-10-03,0.0
186702,2025-06-22,150000.0
186768,2022-10-03,0.0
186796,2025-04-03,125000.0
186823,2023-08-04,0.0
186878,2021-09-28,0.0
186998,2015-06-30,0.0
187208,2025-06-26,500000.0
187210,2025-06-05,900000.0
187211,2025-06-08,450000.0
187212,2023-10-31,0.0
187217,2019-05-24,0.0
187245,2025-05-27,600000.0
187281,2020-06-26,0.0
187355,2025-06-02,250000.0
187359,2025-06-02,400000.0
187383,2021-06-30,0.0
187389,2017-01-31,0.0
187504,2013-06-30,0.0
187507,2025-06-08,650000.0
187555,2012-06-30,0.0
187591,2025-06-16,175000.0
187601,2024-03-12,0.0
187669,2025-06-05,200000.0
187718,2025-06-02,3500000.0
187958,2014-06-09,0.0
188061,2023-06-30,0.0
188113,2025-05-28,450000.0
188689,2016-06-30,0.0
188838,2025-04-03,0.0
188856,2025-06-24,150000.0
188888,2025-06-08,2500000.0
188910,2025-06-18,500000.0
188911,2025-05-28,650000.0
188912,2025-05-28,125000.0
188931,2023-06-30,0.0
189041,2025-06-25,175000.0
189098,2025-05-29,250000.0
189203,2025-05-21,75000.0
189266,2022-10-03,0.0
189435,2018-06-29,0.0
189448,2025-06-01,700000.0
189452,2025-06-09,400000.0
189458,2025-06-09,300000.0
189516,2025-08-24,0.0
189630,2025-06-16,125000.0
189682,2024-12-31,0.0
189744,2025-05-26,1800000.0
189982,2025-06-17,300000.0
189989,2024-12-31,0.0
190157,2023-06-30,0.0
190168,2023-06-26,0.0
190185,2025-05-29,100000.0
190220,2025-06-08,700000.0
190272,2025-06-03,50000.0
190284,2025-06-04,10000000.0
190303,2020-05-31,0.0
190333,2025-04-03,0.0
190346,2018-07-15,0.0
190366,2023-03-06,0.0
190722,2025-06-26,25000.0
190811,2025-05-26,50000.0
190914,2013-06-30,0.0
190924,2018-08-21,0.0
191188,2025-06-01,100000.0
191190,2022-10-10,0.0
191229,2013-11-19,0.0
191391,2025-06-17,450000.0
191422,2025-06-04,3500000.0
191486,2025-06-09,100000.0
191707,2025-06-29,100000.0
191819,2022-02-21,0.0
191872,2025-06-26,600000.0
191882,2025-06-01,150000.0
191886,2015-05-15,0.0
191922,2022-09-30,0.0
192077,2025-06-16,200000.0
192166,2025-06-09,900000.0
192263,2022-06-30,0.0
192466,2021-06-30,0.0
192467,2025-06-22,125000.0
192540,2025-05-25,50000.0
192565,2025-06-04,32000000.0
192607,2024-03-06,0.0
192611,2025-06-17,350000.0
192637,2025-06-09,1500000.0
192640,2025-03-17,0.0
192641,2020-01-05,0.0
192653,2025-03-13,0.0
192656,2025-03-20,0.0
192672,2018-01-07,0.0
192696,2025-06-30,0.0
192715,2024-10-15,0.0
192774,2023-10-25,0.0
192834,2024-01-25,0.0
192841,2024-06-30,0.0
192846,2022-10-03,0.0
192887,2016-06-12,0.0
192889,2024-01-30,0.0
192968,2025-06-22,50000.0
193001,2013-12-01,0.0
193006,2025-06-05,400000.0
193025,2025-06-18,500000.0
193096,2023-03-06,0.0
193135,2025-06-26,0.0
193160,2024-12-31,0.0
193256,2025-06-02,800000.0
193319,2025-06-22,100000.0
193362,2015-09-16,0.0
193469,2025-06-11,100000.0
193470,2022-10-03,0.0
193534,2025-06-22,100000.0
193611,2025-06-18,50000.0
193779,2025-05-07,125000.0
193784,2025-04-03,400000.0
193899,2023-01-27,0.0
193994,2025-05-14,100000.0
194022,2025-06-18,150000.0
194189,2025-06-29,50000.0
194195,2025-06-29,50000.0
194217,2016-06-30,0.0
194333,2024-01-31,0.0
194386,2025-05-26,100000.0
194388,2025-04-15,0.0
194457,2025-06-05,100000.0
194477,2025-06-05,800000.0
194547,2025-06-23,100000.0
194562,2025-06-16,225000.0
194790,2025-04-03,50000.0
194816,2012-08-14,0.0
195049,2025-06-10,300000.0
195214,2025-05-29,150000.0
195255,2025-06-30,0.0
195343,2020-03-26,0.0
195359,2025-04-03,150000.0
195481,2023-05-12,0.0
195588,2022-04-07,0.0
195679,2025-06-17,200000.0
195699,2023-06-30,0.0
195906,2025-06-09,800000.0
195910,2025-05-27,350000.0
195980,2019-03-21,0.0
196026,2025-06-29,50000.0
196035,2022-10-03,0.0
196062,2025-09-04,25000.0
196097,2023-06-30,0.0
196117,2025-06-23,75000.0
196146,2025-06-10,250000.0
196147,2025-06-18,500000.0
196169,2025-05-21,25000.0
196173,2025-05-21,10000.0
196182,2025-05-21,25000.0
196220,2024-11-20,0.0
196229,2025-06-16,100000.0
196236,2025-06-30,0.0
196242,2024-06-30,0.0
196319,2024-03-06,0.0
196357,2025-06-04,30000000.0
196382,2025-06-18,350000.0
196421,2025-06-10,350000.0
196655,2025-06-19,175000.0
196721,2025-04-23,100000.0
196763,2025-06-10,150000.0
196782,2025-06-05,250000.0
196791,2025-06-09,100000.0
196792,2025-06-04,6000000.0
196815,2025-06-18,800000.0
196825,2025-09-04,25000.0
196843,2025-06-10,300000.0
196844,2022-10-27,0.0
196860,2025-09-05,0.0
196876,2024-12-09,0.0
196989,2021-09-28,0.0
197032,2025-06-24,300000.0
197043,2025-06-10,350000.0
197113,2017-07-29,0.0
197123,2023-03-06,0.0
197126,2025-06-17,800000.0
197221,2025-06-17,700000.0
197443,2020-07-31,0.0
197498,2024-03-18,0.0
197582,2022-09-15,0.0
197711,2025-06-24,75000.0
197734,2025-08-20,0.0
197880,2025-06-08,400000.0
198005,2025-06-22,100000.0
198006,2025-05-29,1500000.0
198008,2025-06-04,4000000.0
198024,2025-01-29,0.0
198025,2025-03-17,0.0
198123,2025-05-19,50000.0
198388,2025-05-11,175000.0
198394,2025-05-25,100000.0
198619,2022-10-03,0.0
198709,2025-06-02,1200000.0
198974,2025-06-02,500000.0
198976,2025-06-18,50000.0
199099,2021-12-19,0.0
199129,2024-09-26,0.0
199131,2025-06-23,100000.0
199132,2025-06-05,100000.0
199135,2024-09-16,0.0
199179,2025-05-28,225000.0
199243,2023-06-20,0.0
199323,2025-05-28,175000.0
199351,2014-08-28,0.0
199374,2025-06-24,150000.0
199439,2013-06-30,0.0
199470,2025-06-17,200000.0
199530,2025-06-29,100000.0
199607,2024-09-15,0.0
199792,2023-07-17,0.0
199921,2025-06-18,400000.0
199949,2023-03-06,0.0
199953,2025-06-16,1300000.0
199981,2020-01-07,0.0
200127,2025-06-29,100000.0
200289,2018-10-22,0.0
200373,2014-06-30,0.0
200525,2014-09-26,0.0
200777,2025-06-17,500000.0
200898,2024-09-23,0.0
201553,2018-04-20,0.0
201698,2018-06-30,0.0
201724,2016-02-16,0.0
201861,2025-06-24,200000.0
202067,2015-07-12,0.0
202278,2025-06-17,450000.0
202515,2025-06-10,350000.0
202591,2025-06-04,15000000.0
202761,2025-06-15,175000.0
202793,2025-06-08,300000.0
202831,2025-06-16,300000.0
202925,2025-06-17,900000.0
202975,2025-05-14,10000.0
203046,2014-04-16,0.0
203111,2025-07-31,0.0
203124,2025-06-09,600000.0
203199,2022-10-03,0.0
203309,2024-09-26,0.0
203324,2025-06-01,350000.0
203345,2025-06-23,25000.0
203357,2025-05-27,700000.0
203360,2022-06-22,0.0
203361,2025-05-07,250000.0
203410,2023-10-18,0.0
203482,2015-08-31,0.0
203711,2025-06-24,75000.0
203716,2025-06-09,300000.0
203749,2023-03-06,0.0
203756,2019-04-11,0.0
203759,2022-10-03,0.0
203775,2025-06-24,50000.0
203778,2020-07-31,0.0
203890,2017-12-31,0.0
203895,2025-06-15,900000.0
204176,2025-06-17,900000.0
204201,2025-06-17,125000.0
204279,2023-10-18,0.0
204280,2023-10-18,0.0
204294,2025-05-28,1500000.0
204409,2025-06-24,100000.0
204771,2025-04-03,75000.0
204960,2025-06-17,225000.0
205022,2019-06-12,0.0
205023,2024-06-30,0.0
205179,2025-06-05,1000000.0
205274,2023-10-26,0.0
205404,2022-10-03,0.0
205450,2015-04-21,0.0
205503,2025-06-18,700000.0
205525,2023-10-18,0.0
205533,2025-06-09,250000.0
205544,2025-06-10,600000.0
205562,2025-06-08,5000000.0
205587,2024-09-26,0.0
205760,2025-05-22,1000000.0
205901,2025-06-26,100000.0
205938,2025-06-16,10000000.0
206050,2025-06-16,8000000.0
206097,2025-06-26,300000.0
206792,2025-05-07,100000.0
206903,2025-06-26,75000.0
206950,2025-05-15,150000.0
207015,2025-06-11,7000000.0
207041,2022-04-07,0.0
207106,2025-03-20,0.0
207576,2025-05-22,250000.0
207600,2024-09-26,0.0
207766,2025-06-30,0.0
207917,2025-06-16,1500000.0
207934,2018-08-11,0.0
208022,2025-06-23,200000.0
208071,2025-06-24,200000.0
208095,2025-09-07,700000.0
208201,2023-03-06,0.0
208244,2025-05-26,300000.0
208463,2018-06-30,0.0
208512,2025-09-01,150000.0
208516,2019-12-31,0.0
208582,2016-03-20,0.0
208587,2025-05-28,1300000.0
208591,2025-06-05,300000.0
208596,2025-06-19,125000.0
208693,2024-10-31,0.0
208880,2025-06-17,700000.0
208934,2025-06-16,250000.0
209026,2022-12-31,0.0
209163,2025-05-28,250000.0
209212,2025-05-29,6000000.0
209235,2021-03-30,0.0
209291,2025-05-26,300000.0
209467,2021-12-31,0.0
209574,2023-05-31,0.0
209582,2017-10-18,0.0
209686,2025-06-10,350000.0
209736,2025-06-24,75000.0
209764,2020-02-02,0.0
209847,2014-06-30,0.0
209850,2016-06-30,0.0
209937,2025-06-01,100000.0
210126,2024-03-05,0.0
210132,2023-03-06,0.0
210195,2024-01-31,0.0
210551,2016-05-30,0.0
210556,2020-07-06,0.0
210682,2022-07-26,0.0
210708,2023-03-06,0.0
210990,2022-10-03,0.0
211089,2025-07-03,0.0
211128,2016-12-14,0.0
211133,2025-06-24,100000.0
211300,2022-12-31,0.0
211305,2025-06-26,100000.0
211474,2025-06-02,3000000.0
211587,2025-06-11,25000.0
211722,2020-04-14,0.0
211929,2025-01-31,0.0
211954,2021-06-30,0.0
212114,2025-06-26,500000.0
212198,2025-05-28,300000.0
212216,2025-06-15,300000.0
212234,2025-06-22,100000.0
212309,2025-06-15,150000.0
212374,2024-01-31,0.0
212397,2017-11-30,0.0
212435,2023-01-31,0.0
212575,2022-10-03,0.0
212622,2025-01-31,0.0
212713,2025-05-28,225000.0
212723,2025-06-08,7500000.0
212730,2019-06-28,0.0
212803,2022-10-03,0.0
212863,2025-06-23,200000.0
212949,2024-12-31,0.0
212984,2025-03-20,0.0
213052,2025-05-25,250000.0
213122,2025-06-01,2000000.0
213249,2025-05-28,300000.0
213283,2025-01-31,0.0
213334,2025-05-26,300000.0
213500,2016-07-13,0.0
213541,2025-05-21,175000.0
213544,2021-12-31,0.0
213595,2025-06-23,375000.0
213619,2025-06-05,350000.0
213622,2016-01-31,0.0
213751,2025-06-18,800000.0
213820,2025-06-25,50000.0
213831,2023-10-31,0.0
213841,2025-05-25,1800000.0
213847,2025-06-17,200000.0
213910,2025-05-21,50000.0
213914,2025-05-21,125000.0
213918,2019-08-04,0.0
213923,2019-05-08,0.0
213936,2020-07-17,0.0
213987,2023-08-31,0.0
213990,2025-06-24,225000.0
214084,2013-12-05,0.0
214144,2025-06-02,175000.0
214231,2022-10-06,0.0
214327,2014-06-30,0.0
214468,2025-05-27,900000.0
214538,2025-06-19,1000000.0
214770,2025-06-24,150000.0
214838,2022-10-03,0.0
214906,2018-03-06,0.0
214928,2023-10-31,0.0
215005,2024-08-26,0.0
215091,2023-01-30,0.0
215122,2025-05-29,1000000.0
215390,2025-06-05,5000000.0
215649,2025-06-16,700000.0
215652,2025-03-03,0.0
215654,2017-01-17,0.0
215676,2025-05-25,250000.0
215679,2025-05-26,5000000.0
215784,2024-06-19,0.0
215810,2025-05-29,200000.0
215839,2024-04-21,0.0
215915,2025-06-05,2000000.0
216168,2023-11-12,0.0
216240,2025-06-03,4000000.0
216259,2025-07-24,0.0
216348,2025-06-23,75000.0
216375,2025-06-09,300000.0
216422,2025-06-18,900000.0
216427,2021-08-24,0.0
216489,2025-04-03,0.0
216548,2021-06-30,0.0
216602,2024-02-29,0.0
216683,2025-06-04,400000.0
216730,2025-06-01,350000.0
216804,2025-09-11,1200000.0
216815,2025-06-08,250000.0
216981,2018-11-04,0.0
217069,2024-03-31,0.0
217143,2025-06-09,300000.0
217169,2025-06-19,75000.0
217174,2014-07-21,0.0
217197,2025-06-17,500000.0
217516,2025-06-16,125000.0
217564,2025-06-02,200000.0
217588,2025-05-07,75000.0
217621,2025-06-02,50000.0
217721,2025-06-24,150000.0
217767,2021-08-26,0.0
217806,2025-06-29,100000.0
218011,2024-01-16,0.0
218116,2020-07-07,0.0
218138,2025-06-25,500000.0
218156,2021-11-08,0.0
218270,2025-06-24,250000.0
218278,2025-06-04,300000.0
218353,2025-06-26,350000.0
218355,2025-06-29,100000.0
218431,2025-06-23,400000.0
220334,2023-03-06,0.0
220432,2022-12-31,0.0
220458,2025-05-26,50000.0
220490,2018-05-05,0.0
220647,2025-06-05,1000000.0
220753,2025-05-07,125000.0
220805,2023-03-06,0.0
220841,2025-04-03,50000.0
221038,2025-05-25,1000000.0
221074,2025-06-05,300000.0
221118,2025-06-11,50000.0
221272,2024-09-26,0.0
221285,2025-06-17,400000.0
221311,2025-06-08,600000.0
221312,2025-06-24,100000.0
221315,2025-06-23,500000.0
221316,2025-06-08,3000000.0
221322,2025-06-08,9000000.0
221980,2025-06-24,150000.0
221985,2025-06-18,100000.0
221991,2025-06-24,50000.0
222013,2025-06-24,150000.0
222110,2025-04-03,50000.0
222225,2025-06-22,100000.0
222275,2025-06-25,250000.0
222319,2024-09-26,0.0
222320,2025-06-17,450000.0
222589,2024-03-06,0.0
222608,2025-06-24,75000.0
222633,2019-11-14,0.0
222636,2025-06-01,600000.0
222669,2025-05-27,250000.0
222672,2025-05-27,175000.0
222685,2025-09-05,75000.0
222727,2025-06-24,50000.0
222855,2025-06-16,4000000.0
222876,2025-06-17,1500000.0
223047,2025-04-03,200000.0
223073,2025-06-24,300000.0
223134,2024-03-06,0.0
223405,2023-03-06,0.0
223789,2015-11-22,0.0
223888,2025-06-01,250000.0
223890,2025-06-23,200000.0
223917,2024-03-06,0.0
223973,2025-06-08,350000.0
224073,2017-04-19,0.0
224091,2023-06-30,0.0
224094,2023-03-06,0.0
224256,2025-09-05,0.0
224444,2016-07-28,0.0
224587,2025-05-28,325000.0
224764,2023-06-30,0.0
224871,2025-06-05,1500000.0
225004,2025-06-03,1800000.0
225020,2025-04-03,800000.0
225034,2022-10-03,0.0
225043,2025-06-04,500000.0
225083,2025-05-26,5000000.0
225119,2025-05-29,450000.0
225143,2017-09-07,0.0
225217,2020-03-29,0.0
225236,2025-06-16,750000.0
225322,2025-06-17,100000.0
225339,2025-06-17,400000.0
225408,2019-12-31,0.0
225414,2025-01-09,0.0
225481,2025-06-01,450000.0
225551,2024-09-26,0.0
225569,2025-06-11,2000000.0
225583,2025-06-30,0.0
225591,2025-05-27,600000.0
225617,2025-06-05,400000.0
225627,2025-06-24,25000.0
225657,2025-06-04,12000000.0
225693,2025-05-26,15000000.0
225744,2025-06-16,2500000.0
225817,2014-08-10,0.0
225855,2022-10-03,0.0
225912,2022-10-03,0.0
225963,2025-06-16,2000000.0
226005,2025-06-01,1000000.0
226012,2025-06-08,3000000.0
226080,2025-06-08,500000.0
226090,2025-05-28,275000.0
226097,2025-05-28,1500000.0
226102,2022-10-06,0.0
226118,2025-06-17,450000.0
226261,2025-06-23,350000.0
226272,2017-01-12,0.0
226825,2025-06-24,100000.0
226958,2025-05-29,200000.0
226964,2025-06-17,50000.0
226965,2023-09-25,0.0
226971,2025-05-28,225000.0
226973,2025-05-29,6000000.0
227081,2025-06-16,3000000.0
227404,2025-05-25,600000.0
227671,2025-06-05,1000000.0
227685,2023-03-06,0.0
227688,2024-03-18,0.0
227848,2016-03-03,0.0
227960,2023-03-06,0.0
227986,2023-10-31,0.0
228253,2025-04-03,100000.0
228386,2025-06-10,200000.0
228433,2025-09-04,3000000.0
228466,2018-05-11,0.0
228498,2023-01-31,0.0
228645,2025-05-27,4000000.0
228818,2014-08-10,0.0
228867,2025-04-03,250000.0
228912,2025-05-26,1800000.0
228966,2021-07-15,0.0
229004,2025-05-26,8000000.0
229011,2020-04-05,0.0
229081,2025-05-15,800000.0
229176,2025-06-18,400000.0
229219,2023-06-30,0.0
229228,2025-05-01,75000.0
229599,2023-03-06,0.0
229826,2025-06-17,800000.0
229912,2025-06-11,150000.0
230030,2025-06-01,3000000.0
230232,2024-03-18,0.0
230336,2025-06-04,800000.0
230483,2025-01-31,0.0
230485,2018-09-30,0.0
230501,2022-10-03,0.0
230614,2024-06-30,0.0
230668,2015-03-02,0.0
230784,2025-05-29,14000000.0
230902,2025-06-24,50000.0
230921,2025-06-17,1500000.0
230960,2025-09-08,0.0
231025,2025-05-25,175000.0
231039,2025-04-03,0.0
231062,2016-06-21,0.0
231174,2025-08-14,0.0
231447,2016-10-03,0.0
231586,2025-06-04,1200000.0
231639,2025-03-17,0.0
231660,2024-09-26,0.0
231980,2025-06-24,150000.0
232144,2025-04-23,300000.0
232271,2025-06-11,3500000.0
232290,2025-06-24,150000.0
232302,2014-06-17,0.0
232373,2019-06-30,0.0
232433,2024-09-26,0.0
232454,2025-06-04,20000000.0
232487,2024-08-02,0.0
232621,2023-10-18,0.0
232897,2025-06-17,450000.0
232936,2025-06-22,125000.0
233103,2025-05-27,250000.0
233136,2025-06-03,200000.0
233467,2025-06-22,150000.0
233656,2025-06-16,550000.0
233815,2024-09-26,0.0
233858,2025-05-25,75000.0
233906,2016-06-30,0.0
233907,2015-06-30,0.0
233940,2024-12-05,0.0
234006,2025-05-27,350000.0
234029,2025-06-04,3000000.0
234106,2021-06-30,0.0
234189,2025-05-27,5000000.0
234249,2025-06-17,100000.0
234322,2019-10-02,0.0
234521,2020-08-02,0.0
234787,2025-06-24,300000.0
234802,2025-06-01,500000.0
234811,2025-05-29,7000000.0
234910,2025-06-08,275000.0
234951,2025-05-25,300000.0
235108,2025-05-27,200000.0
235156,2016-06-30,0.0
235230,2025-06-09,400000.0
235413,2025-05-28,375000.0
235540,2025-05-27,1500000.0
235614,2018-09-14,0.0
235736,2013-06-30,0.0
235755,2025-06-05,400000.0
235846,2018-02-23,0.0
236168,2025-06-11,3500000.0
236202,2025-06-05,5000000.0
236414,2022-10-03,0.0
236493,2025-04-03,75000.0
236498,2021-04-08,0.0
236510,2025-05-26,700000.0
236590,2025-06-04,400000.0
236710,2025-05-25,400000.0
236791,2025-06-23,100000.0
236953,2025-05-26,800000.0
236974,2025-06-10,150000.0
236997,2025-05-29,3000000.0
237013,2025-05-26,1000000.0
237032,2023-06-30,0.0
237048,2020-08-27,0.0
237092,2023-03-06,0.0
237125,2025-06-01,300000.0
237145,2025-06-09,25000.0
237444,2025-02-02,0.0
237479,2021-10-26,0.0
237505,2025-05-26,1200000.0
237617,2025-06-23,200000.0
237662,2025-06-02,12000000.0
237663,2023-10-18,0.0
237668,2020-01-05,0.0
237678,2016-12-31,0.0
237846,2025-05-27,2500000.0
238043,2018-08-31,0.0
238055,2025-06-17,9000000.0
238056,2025-06-17,250000.0
238059,2018-02-28,0.0
238137,2025-05-18,400000.0
238223,2025-05-29,20000000.0
238342,2025-06-17,500000.0
238407,2025-06-08,25000000.0
238427,2025-05-26,600000.0
238440,2025-06-29,300000.0
238443,2024-09-26,0.0
238448,2025-06-01,500000.0
238471,2025-06-24,150000.0
238474,2025-06-08,550000.0
238480,2024-07-22,0.0
238556,2025-06-29,225000.0
238560,2018-01-07,0.0
238609,2021-01-06,0.0
238626,2025-06-01,2500000.0
238644,2020-05-23,0.0
238710,2016-12-31,0.0
238717,2025-06-24,50000.0
238726,2025-06-24,150000.0
238865,2025-05-13,225000.0
238968,2025-05-14,100000.0
238988,2024-03-06,0.0
239287,2023-10-18,0.0
239697,2025-06-01,175000.0
239783,2025-06-03,350000.0
239949,2025-05-26,900000.0
240083,2025-06-29,275000.0
240247,2025-05-15,700000.0
240294,2019-01-25,0.0
240331,2014-04-26,0.0
240351,2022-08-11,0.0
240355,2025-04-03,150000.0
240360,2025-06-24,200000.0
240457,2025-06-05,350000.0
240497,2025-06-24,125000.0
240851,2025-06-04,100000.0
240958,2025-04-03,350000.0
241075,2025-05-18,125000.0
241077,2017-10-03,0.0
241160,2019-10-22,0.0
241241,2019-07-02,0.0
241307,2025-06-04,1700000.0
241325,2022-10-03,0.0
241361,2025-05-28,250000.0
241402,2025-07-17,250000.0
241457,2025-05-28,1000000.0
241477,2025-05-27,1200000.0
241481,2025-06-11,1800000.0
241483,2025-04-03,0.0
241487,2020-11-10,0.0
241606,2025-06-02,200000.0
241902,2024-03-18,0.0
241974,2025-06-18,225000.0
242070,2024-09-24,0.0
242166,2025-06-10,150000.0
242273,2025-06-02,5000000.0
242284,2025-05-26,1200000.0
242396,2017-04-15,0.0
242412,2025-06-17,325000.0
242417,2018-05-05,0.0
242473,2018-09-30,0.0
242493,2021-11-04,0.0
242512,2025-06-19,25000.0
242606,2025-05-26,6500000.0
242716,2025-06-01,800000.0
243230,2025-06-05,600000.0
243527,2020-04-30,0.0
243588,2018-05-05,0.0
243654,2025-06-02,600000.0
243686,2019-10-26,0.0
243734,2024-09-26,0.0
243737,2024-12-01,250000.0
243783,2025-06-22,100000.0
243835,2020-07-31,0.0
244040,2025-06-17,200000.0
244159,2025-04-03,150000.0
244272,2020-06-22,0.0
244275,2025-09-04,5000000.0
244645,2014-06-30,0.0
244796,2015-08-10,0.0
244997,2025-06-18,300000.0
245061,2025-06-05,200000.0
245220,2025-04-03,50000.0
245533,2025-03-17,0.0
245658,2016-07-15,0.0
245765,2025-06-16,150000.0
245770,2025-07-06,0.0
245773,2024-09-26,0.0
245778,2025-05-01,100000.0
245800,2024-07-01,0.0
246197,2025-05-28,600000.0
246204,2025-04-03,600000.0
246207,2024-09-26,0.0
246244,2025-06-24,150000.0
246923,2023-06-30,0.0
247250,2025-06-23,500000.0
247262,2025-06-24,100000.0
247289,2025-06-02,400000.0
247355,2025-06-24,50000.0
247363,2019-06-30,0.0
247380,2025-06-10,450000.0
247413,2014-08-27,0.0
247512,2025-09-04,75000.0
247594,2025-05-18,250000.0
247616,2014-06-30,0.0
247627,2015-08-18,0.0
247652,2025-06-23,1200000.0
247661,2025-06-18,500000.0
247752,2023-03-06,0.0
247920,2015-01-12,0.0
247977,2015-04-20,0.0
248029,2018-04-04,0.0
248213,2023-03-21,0.0
248330,2025-06-23,200000.0
248418,2023-03-06,0.0
248454,2025-06-04,3500000.0
248483,2025-06-02,300000.0
248649,2025-05-14,25000.0
248726,2023-03-06,0.0
248738,2025-06-08,3000000.0
248903,2022-10-03,0.0
249062,2024-04-21,0.0
249063,2025-05-26,1800000.0
249121,2025-06-17,1100000.0
249143,2025-06-24,100000.0
249210,2025-06-24,150000.0
249211,2025-06-15,700000.0
249459,2025-06-24,200000.0
249461,2024-09-26,0.0
249463,2025-04-03,50000.0
249469,2019-06-13,0.0
249471,2025-06-23,400000.0
249477,2017-02-22,0.0
249492,2019-06-13,0.0
249543,2025-05-26,1400000.0
249551,2017-01-21,0.0
249628,2015-06-30,0.0
249636,2025-06-02,3000000.0
249815,2025-07-17,0.0
249952,2025-06-17,2300000.0
249957,2019-02-19,0.0
249958,2018-06-13,0.0
249983,2025-06-05,400000.0
250038,2019-06-30,0.0
250339,2020-05-14,0.0
250440,2025-06-08,450000.0
250526,2016-06-30,0.0
250543,2025-06-11,1200000.0
250547,2022-10-03,0.0
250591,2025-05-27,1500000.0
250686,2025-05-25,350000.0
250750,2024-09-26,0.0
250779,2025-06-02,6000000.0
250792,2022-01-09,0.0
250840,2025-06-17,200000.0
250841,2022-11-22,0.0
250845,2025-06-08,20000000.0
250846,2023-03-06,0.0
250870,2025-05-26,1400000.0
250914,2025-05-27,50000.0
251056,2025-06-17,350000.0
251074,2023-06-30,0.0
251079,2025-06-01,200000.0
251183,2025-05-27,300000.0
251289,2023-10-18,0.0
251295,2025-06-18,1200000.0
251299,2025-06-04,9000000.0
251309,2025-06-04,2000000.0
251322,2025-06-02,5000000.0
251348,2025-03-17,0.0
251808,2014-06-30,0.0
251809,2014-06-30,0.0
251813,2025-05-22,4000000.0
251831,2025-09-04,0.0
251876,2025-06-08,5000000.0
251879,2024-07-31,0.0
251885,2025-05-26,1500000.0
251930,2025-06-05,250000.0
252057,2014-06-30,0.0
252088,2024-03-06,0.0
252144,2025-04-03,50000.0
252174,2021-07-05,0.0
252356,2023-03-06,0.0
252678,2023-03-06,0.0
252864,2014-06-30,0.0
252900,2025-06-05,600000.0
253056,2025-06-19,400000.0
253153,2023-08-20,0.0
253159,2025-05-27,500000.0
253232,2019-01-03,0.0
253481,2025-04-03,0.0
253573,2025-05-07,250000.0
253574,2025-06-09,1500000.0
253616,2025-06-04,200000.0
253722,2016-06-23,0.0
253817,2025-06-16,200000.0
253839,2025-05-26,4000000.0
253878,2025-06-24,100000.0
254133,2025-06-19,100000.0
254284,2025-06-05,500000.0
254290,2023-10-25,700000.0
254358,2025-06-01,250000.0
254365,2018-10-01,0.0
254368,2022-11-14,50000.0
254798,2023-03-06,0.0
255095,2025-06-02,225000.0
255238,2024-01-24,0.0
255272,2025-06-25,0.0
255287,2023-06-30,0.0
255468,2025-06-15,300000.0
255474,2025-06-17,2000000.0
255499,2024-02-12,0.0
255501,2025-06-08,2000000.0
255506,2025-06-23,400000.0
255614,2014-10-17,0.0
255744,2025-05-25,1800000.0
255748,2025-04-03,200000.0
255768,2025-06-17,500000.0
255788,2025-05-29,2000000.0
255805,2024-04-21,0.0
255814,2023-07-23,0.0
255822,2024-10-03,0.0
255885,2015-04-11,0.0
255892,2025-06-05,400000.0
255928,2025-06-26,550000.0
255944,2025-06-19,400000.0
255984,2016-09-18,0.0
255994,2025-06-24,100000.0
256019,2025-06-02,600000.0
256221,2025-06-29,175000.0
256362,2025-06-26,50000.0
256429,2025-06-08,500000.0
256546,2022-10-03,0.0
256704,2016-02-01,0.0
256866,2025-05-25,1200000.0
256888,2015-06-30,0.0
257062,2025-06-08,2000000.0
257102,2025-06-17,1000000.0
257160,2025-09-05,50000.0
257161,2015-06-30,0.0
257189,2017-05-12,0.0
257293,2016-11-04,0.0
257388,2025-06-18,1000000.0
257415,2025-06-02,200000.0
257459,2023-03-06,0.0
257462,2025-06-16,4500000.0
257474,2025-06-16,16000000.0
257685,2025-06-02,300000.0
257707,2025-05-29,300000.0
257740,2025-06-26,1300000.0
257808,2025-08-29,250000.0
257851,2025-06-17,1400000.0
257871,2025-06-19,100000.0
258007,2025-06-05,3000000.0
258015,2025-06-04,3500000.0
258018,2025-05-28,2000000.0
258021,2025-06-18,300000.0
258029,2025-08-04,0.0
258034,2025-06-18,3500000.0
258108,2025-06-10,350000.0
258207,2025-05-25,1000000.0
258289,2025-01-30,0.0
258307,2025-06-09,150000.0
258361,2019-09-15,0.0
258364,2025-05-27,2500000.0
258372,2018-12-29,0.0
258501,2025-05-07,175000.0
258761,2020-06-28,0.0
258816,2020-10-07,0.0
258881,2025-06-29,250000.0
258882,2025-06-29,75000.0
258884,2025-05-26,1200000.0
258886,2025-06-17,200000.0
258888,2025-05-07,175000.0
258898,2025-06-08,600000.0
258916,2025-06-17,1000000.0
258917,2025-06-29,250000.0
258924,2024-12-26,150000.0
258987,2025-06-08,6000000.0
259183,2025-09-04,50000.0
259460,2025-06-29,375000.0
259722,2023-10-24,0.0
259911,2025-06-26,400000.0
259917,2025-06-01,700000.0
259945,2014-02-17,0.0
260038,2025-06-16,275000.0
260053,2025-05-22,900000.0
260163,2025-06-09,100000.0
260166,2025-06-17,700000.0
260230,2025-06-23,300000.0
260471,2024-09-26,0.0
260544,2018-04-30,0.0
260652,2025-06-01,200000.0
260682,2025-06-03,50000.0
260797,2022-01-02,0.0
260812,2020-11-10,0.0
260918,2025-05-28,375000.0
261071,2021-08-02,0.0
261172,2025-04-03,0.0
261189,2018-01-07,0.0
261194,2023-06-25,0.0
261257,2017-06-30,0.0
261357,2025-05-26,500000.0
261392,2025-06-02,225000.0
261393,2025-04-03,150000.0
261407,2025-06-02,350000.0
261408,2025-06-02,375000.0
261459,2023-10-31,0.0
261495,2025-05-29,125000.0
261502,2025-06-23,1400000.0
261503,2025-05-25,9000000.0
261504,2025-06-04,20000000.0
261958,2025-07-14,0.0
262002,2025-04-03,300000.0
131163,2025-05-07,100000.0
131193,2025-06-04,125000.0
131206,2025-06-01,1000000.0
131209,2025-03-13,0.0
131218,2025-06-01,800000.0
131324,2025-05-29,500000.0
131327,2024-03-05,0.0
131340,2014-01-28,0.0
131480,2025-06-02,350000.0
131506,2025-06-24,200000.0
131555,2018-01-29,0.0
131632,2021-07-01,0.0
131759,2025-06-19,75000.0
131789,2025-05-26,5000000.0
131790,2025-06-17,50000.0
131819,2016-06-30,0.0
131906,2017-12-31,0.0
131930,2017-12-25,0.0
131942,2020-06-30,0.0
131974,2022-06-21,0.0
131980,2025-06-29,75000.0
132008,2022-10-03,0.0
132154,2023-10-18,0.0
132202,2025-06-16,100000.0
132203,2025-06-16,400000.0
132209,2025-06-16,250000.0
132236,2022-10-03,0.0
132251,2023-03-06,0.0
132353,2025-06-11,325000.0
132414,2020-09-20,0.0
132764,2025-06-16,200000.0
132921,2021-06-30,0.0
133045,2018-06-27,0.0
133346,2023-11-12,0.0
133480,2020-01-15,0.0
133542,2021-10-19,0.0
133714,2022-06-30,0.0
133829,2025-06-24,50000.0
133912,2025-05-21,0.0
133976,2020-03-30,0.0
134128,2019-08-26,0.0
134193,2012-12-16,0.0
134265,2014-04-26,0.0
134293,2025-06-29,250000.0
134341,2012-01-31,0.0
134425,2025-05-29,10000000.0
134495,2024-03-06,0.0
134546,2020-09-15,0.0
134562,2012-05-20,0.0
134618,2025-06-09,25000.0
134658,2022-10-03,0.0
134716,2017-09-07,0.0
134873,2020-07-05,0.0
134936,2025-05-13,450000.0
134987,2024-10-03,0.0
135004,2011-11-22,0.0
135070,2020-06-30,0.0
135528,2025-06-03,50000.0
135547,2024-09-26,0.0
135557,2013-06-30,0.0
135741,2011-05-14,0.0
135862,2020-01-02,0.0
135872,2025-03-17,0.0
135984,2025-09-11,600000.0
136229,2023-03-06,0.0
136536,2025-07-08,0.0
136589,2020-07-31,0.0
136746,2024-03-06,0.0
136920,2022-12-31,0.0
136933,2014-03-21,0.0
137048,2018-12-31,0.0
137313,2025-05-29,600000.0
137326,2025-06-11,1700000.0
137720,2013-07-29,0.0
137917,2018-05-11,0.0
138091,2025-04-03,175000.0
138235,2025-06-16,75000.0
138285,2025-05-29,100000.0
138345,2014-06-30,0.0
138421,2020-03-21,0.0
138476,2021-08-02,0.0
138515,2014-01-22,0.0
138560,2025-06-11,175000.0
138561,2013-11-17,0.0
138649,2020-06-28,0.0
138783,2025-06-29,250000.0
138934,2025-05-27,250000.0
138958,2018-06-30,0.0
139016,2016-01-25,0.0
139018,2025-08-22,0.0
139169,2022-04-08,0.0
139312,2025-06-19,150000.0
139342,2023-03-06,0.0
139396,2025-05-29,7000000.0
139435,2025-06-08,800000.0
139503,2025-06-05,1700000.0
139606,2023-06-19,0.0
139781,2025-05-26,350000.0
139926,2025-05-21,25000.0
140204,2020-11-25,0.0
140262,2015-06-30,0.0
140311,2025-05-28,300000.0
140318,2019-10-29,0.0
140419,2016-12-31,0.0
140478,2022-04-08,0.0
140503,2014-12-31,0.0
140541,2025-06-26,150000.0
140546,2016-05-26,750000.0
140748,2024-02-04,0.0
140795,2015-12-31,0.0
140803,2025-04-23,450000.0
140808,2025-06-11,2500000.0
140811,2025-06-26,500000.0
141049,2014-06-30,0.0
141102,2022-01-02,0.0
141177,2023-03-06,0.0
141207,2016-05-26,1000000.0
141347,2016-08-29,0.0
141444,2024-04-24,0.0
141658,2025-06-25,250000.0
141660,2025-06-02,3000000.0
141834,2025-05-26,1500000.0
142020,2020-05-10,0.0
142031,2025-06-08,900000.0
142348,2025-05-21,50000.0
142419,2025-08-08,0.0
142426,2025-06-22,100000.0
142515,2019-11-07,0.0
142626,2012-05-06,0.0
142628,2011-09-17,0.0
142924,2025-06-11,400000.0
143006,2024-09-26,0.0
143008,2025-06-03,50000.0
143042,2020-04-27,0.0
143044,2023-06-30,0.0
143045,2025-05-25,1000000.0
143182,2023-11-12,0.0
143415,2025-06-25,0.0
143522,2021-01-31,0.0
143721,2024-03-18,0.0
143742,2015-10-31,0.0
144116,2014-02-13,0.0
144204,2012-09-27,0.0
144244,2025-06-15,3200000.0
144352,2013-09-11,0.0
144384,2022-10-03,0.0
144475,2014-08-28,0.0
144504,2019-01-24,0.0
144506,2018-01-04,0.0
144515,2024-09-26,0.0
144606,2014-06-30,0.0
144688,2023-03-06,0.0
144863,2025-06-16,100000.0
145025,2023-10-18,0.0
145115,2025-06-05,800000.0
145116,2021-12-31,0.0
145412,2020-07-30,0.0
145488,2015-04-25,0.0
145655,2025-01-07,0.0
145731,2025-05-21,25000.0
145813,2011-04-20,0.0
145821,2025-06-16,150000.0
145838,2025-06-04,400000.0
145840,2025-06-02,400000.0
145843,2025-05-26,250000.0
145923,2025-05-26,250000.0
146163,2025-06-30,0.0
146795,2025-05-29,2000000.0
147022,2020-07-30,0.0
147029,2025-06-09,150000.0
147044,2021-01-06,0.0
147055,2021-10-04,0.0
147180,2024-10-15,0.0
147190,2016-07-15,0.0
147265,2023-10-18,0.0
147270,2025-05-21,10000.0
147282,2025-05-25,300000.0
147369,2014-07-01,0.0
147396,2025-06-05,250000.0
147458,2018-12-04,0.0
147466,2018-08-21,0.0
147524,2025-06-24,200000.0
147539,2010-10-17,0.0
147544,2018-12-29,0.0
147573,2025-02-12,0.0
147574,2011-11-09,0.0
147600,2025-06-02,300000.0
147626,2025-05-18,200000.0
147636,2016-12-31,0.0
147655,2021-06-30,0.0
147675,2016-01-04,0.0
147676,2012-02-20,0.0
147841,2023-10-31,0.0
147842,2011-09-24,0.0
148151,2025-08-25,0.0
148204,2015-06-30,0.0
148205,2011-12-11,0.0
148209,2025-06-23,150000.0
148219,2025-06-17,175000.0
148258,2024-09-26,0.0
148455,2025-05-29,50000000.0
148545,2025-06-09,250000.0
148657,2025-06-18,600000.0
148713,2025-05-25,400000.0
148728,2025-05-21,50000.0
148996,2017-01-31,0.0
149090,2013-12-31,0.0
149265,2025-06-22,175000.0
149528,2010-10-17,0.0
149551,2021-06-30,0.0
149555,2012-06-30,0.0
149616,2010-07-04,0.0
149652,2025-06-23,275000.0
149655,2022-06-30,0.0
149897,2016-01-08,0.0
150001,2013-06-30,0.0
150240,2020-06-05,0.0
150601,2025-05-28,400000.0
150663,2025-06-08,275000.0
150682,2016-06-30,0.0
150704,2022-01-09,0.0
150771,2025-05-27,100000.0
150963,2025-06-09,100000.0
151029,2020-06-30,0.0
151111,2025-06-23,125000.0
151205,2022-10-03,0.0
151683,2012-05-01,0.0
151739,2025-06-30,0.0
151809,2012-02-07,0.0
152104,2016-06-30,0.0
152323,2017-11-30,0.0
152629,2018-06-30,0.0
152642,2023-03-06,0.0
152651,2025-05-27,500000.0
152807,2021-06-30,0.0
152975,2025-06-24,100000.0
153067,2024-09-24,0.0
153184,2021-09-21,0.0
153537,2023-10-31,0.0
153661,2025-06-18,500000.0
153678,2025-06-17,900000.0
153697,2011-04-21,0.0
153751,2023-06-07,0.0
153776,2024-06-30,0.0
153871,2019-11-30,0.0
153882,2025-05-29,750000.0
153892,2018-09-30,0.0
154199,2021-06-30,0.0
154219,2025-05-26,500000.0
154287,2024-09-29,0.0
154294,2020-11-30,0.0
154350,2015-12-17,0.0
154538,2024-06-19,0.0
154578,2025-06-09,100000.0
154722,2025-06-23,100000.0
154757,2019-01-31,0.0
154808,2025-06-22,100000.0
154819,2025-06-24,200000.0
154930,2020-09-03,0.0
154981,2022-10-03,0.0
155141,2011-06-30,0.0
155395,2025-05-29,200000.0
155396,2025-05-29,1200000.0
155596,2025-05-29,150000.0
155769,2022-04-07,0.0
155853,2015-12-31,0.0
156206,2016-05-21,0.0
156419,2020-10-08,0.0
156535,2016-12-12,0.0
156617,2025-05-26,10000000.0
156676,2025-05-22,200000.0
156680,2025-06-03,400000.0
156681,2025-05-29,250000.0
156764,2022-10-03,0.0
156788,2018-09-24,0.0
156808,2024-06-30,0.0
156817,2025-06-23,200000.0
156863,2025-06-24,25000.0
156864,2024-03-06,0.0
156891,2023-03-06,0.0
156937,2025-06-17,500000.0
157003,2023-02-07,0.0
157113,2025-06-17,350000.0
157125,2025-07-01,0.0
157374,2018-09-30,0.0
157387,2025-04-03,100000.0
157396,2025-06-11,2200000.0
157487,2014-05-28,0.0
157494,2020-06-26,0.0
157499,2017-09-05,0.0
157503,2018-05-05,0.0
157589,2024-06-04,0.0
157648,2021-06-30,0.0
157672,2025-05-29,5000000.0
158022,2025-06-05,400000.0
158058,2025-06-23,50000.0
158110,2025-06-23,75000.0
158214,2024-06-30,0.0
158311,2017-04-10,0.0
158313,2023-11-30,0.0
158324,2016-12-31,0.0
158385,2012-06-30,0.0
158404,2011-04-24,0.0
158428,2012-06-30,0.0
158434,2025-06-09,25000.0
158489,2013-06-30,0.0
158521,2012-06-30,0.0
158540,2025-06-15,150000.0
158563,2017-06-30,0.0
158631,2025-06-17,650000.0
158700,2025-06-17,225000.0
158720,2011-10-23,0.0
158781,2017-10-22,0.0
158795,2025-06-23,200000.0
158844,2025-06-24,100000.0
158863,2025-06-08,5000000.0
159088,2025-06-04,9000000.0
159116,2021-06-30,0.0
159128,2014-08-10,0.0
159143,2025-06-08,125000.0
159162,2017-08-04,0.0
159288,2025-06-17,800000.0
159317,2025-06-09,50000.0
159382,2025-04-23,150000.0
159480,2024-09-26,0.0
159522,2025-06-11,1600000.0
159553,2021-12-17,0.0
159615,2018-01-07,0.0
159668,2025-06-17,1100000.0
159696,2018-01-07,0.0
159701,2021-02-11,0.0
159722,2018-07-16,0.0
159890,2019-09-19,0.0
159893,2025-06-05,200000.0
159942,2018-01-18,0.0
160142,2018-12-31,0.0
160163,2024-10-25,0.0
160165,2012-01-25,0.0
160234,2024-08-03,0.0
160237,2021-06-30,0.0
160241,2025-06-04,2500000.0
160348,2025-04-03,100000.0
160360,2011-06-30,0.0
160431,2025-04-03,250000.0
160467,2025-06-08,500000.0
160513,2013-09-07,0.0
160614,2025-06-02,300000.0
160681,2023-03-06,0.0
160700,2025-05-25,700000.0
160746,2024-01-11,0.0
160747,2011-06-30,0.0
160773,2015-10-01,0.0
160866,2012-05-04,0.0
161072,2025-06-18,1000000.0
161079,2025-06-10,225000.0
161179,2020-09-24,0.0
161204,2025-06-18,1000000.0
161244,2018-11-30,0.0
161267,2025-06-23,250000.0
161411,2015-01-31,0.0
161484,2025-05-22,500000.0
161496,2025-06-16,150000.0
161697,2024-08-08,0.0
161757,2015-06-30,0.0
162029,2025-06-08,1000000.0
162038,2025-06-08,700000.0
162039,2024-09-26,0.0
162434,2025-06-04,4000000.0
162694,2018-06-11,0.0
162766,2018-01-23,0.0
162812,2025-06-05,5500000.0
162819,2025-07-20,100000.0
162883,2025-06-05,1500000.0
162937,2017-12-27,0.0
162940,2025-05-25,125000.0
163222,2025-06-01,400000.0
163349,2021-07-01,0.0
163374,2025-05-14,100000.0
163492,2024-03-10,0.0
163530,2025-06-17,400000.0
163555,2023-12-02,0.0
163642,2025-06-17,200000.0
163654,2025-06-24,25000.0
164148,2025-06-30,0.0
164402,2025-06-23,250000.0
164451,2018-11-14,0.0
164571,2014-01-28,0.0
164725,2018-02-04,0.0
164749,2025-05-25,800000.0
164755,2011-06-30,0.0
164758,2015-08-05,0.0
164769,2020-07-07,0.0
164785,2025-07-25,0.0
164902,2023-10-18,0.0
164919,2022-10-03,0.0
164935,2020-06-27,0.0
164967,2025-05-25,200000.0
165003,2025-07-21,0.0
165007,2025-06-08,1200000.0
165012,2025-04-03,350000.0
165334,2025-06-16,450000.0
165341,2025-06-17,300000.0
165345,2025-06-16,350000.0
165361,2025-06-19,400000.0
165383,2024-04-21,0.0
165405,2022-12-31,0.0
165407,2025-06-05,200000.0
165435,2025-06-09,100000.0
165532,2025-06-09,300000.0
165779,2020-01-31,0.0
165781,2025-05-28,200000.0
165782,2025-05-28,500000.0
166049,2025-06-25,175000.0
166086,2025-06-03,1000000.0
166240,2025-06-24,200000.0
166317,2025-06-16,150000.0
166375,2025-06-09,25000.0
166628,2025-04-03,100000.0
166640,2024-09-24,0.0
166680,2025-06-24,200000.0
166950,2015-12-17,0.0
167042,2025-03-13,0.0
167113,2025-05-29,150000.0
167165,2025-06-30,0.0
167183,2019-06-14,0.0
167188,2022-06-30,0.0
167203,2025-05-18,200000.0
167228,2025-06-23,300000.0
167291,2025-05-22,1000000.0
167305,2022-10-03,0.0
167407,2020-01-29,0.0
167471,2023-11-12,0.0
167721,2025-06-08,2000000.0
167724,2025-06-05,350000.0
167753,2019-05-23,0.0
168156,2025-06-11,500000.0
168157,2025-06-11,4500000.0
168172,2019-01-04,0.0
168207,2018-01-07,0.0
168338,2016-06-30,0.0
168773,2025-06-24,100000.0
168863,2022-10-03,0.0
169140,2019-01-04,0.0
169271,2025-06-18,300000.0
169368,2025-06-18,450000.0
169372,2025-06-09,150000.0
169374,2024-12-31,0.0
169573,2025-06-16,300000.0
169681,2025-05-29,600000.0
169698,2025-06-19,175000.0
169757,2023-06-30,0.0
169809,2025-06-19,75000.0
169920,2016-06-30,0.0
169924,2016-07-21,0.0
169992,2022-12-31,0.0
170100,2025-09-11,1800000.0
170185,2022-09-27,0.0
170321,2025-06-29,150000.0
170385,2022-10-03,0.0
170442,2025-06-19,10000.0
170449,2020-06-27,0.0
170454,2022-10-03,0.0
170475,2019-05-03,0.0
170478,2025-04-03,100000.0
170493,2018-06-13,0.0
170523,2025-06-10,125000.0
170529,2017-08-08,0.0
170532,2023-03-06,0.0
170535,2025-06-09,50000.0
170540,2023-07-01,0.0
170577,2018-07-03,0.0
170646,2025-06-11,3000000.0
170650,2025-06-24,150000.0
170785,2025-06-22,300000.0
170790,2013-09-14,0.0
170903,2025-05-28,550000.0
170914,2025-06-23,250000.0
170938,2024-09-26,0.0
170939,2023-03-06,0.0
170962,2025-05-25,250000.0
170968,2024-02-05,0.0
170970,2022-10-03,0.0
170976,2025-05-27,325000.0
170986,2025-06-04,8000000.0
171069,2023-11-12,0.0
171165,2025-04-03,100000.0
171167,2025-06-24,150000.0
171260,2025-05-26,800000.0
171261,2025-06-19,25000.0
171376,2025-05-26,200000.0
171420,2017-05-13,0.0
171424,2025-05-26,8000000.0
171681,2025-01-30,0.0
171687,2022-12-31,0.0
171820,2025-05-26,200000.0
172136,2023-03-06,0.0
172152,2025-06-02,275000.0
172153,2023-11-21,0.0
172202,2025-05-27,250000.0
172320,2018-12-31,0.0
172338,2024-01-29,0.0
172454,2023-10-31,0.0
172599,2024-04-21,0.0
172653,2014-08-31,0.0
172664,2014-12-31,0.0
172801,2014-08-03,0.0
172996,2020-12-27,0.0
173270,2017-06-30,0.0
173286,2012-09-04,0.0
173315,2019-02-14,0.0
173463,2024-09-26,0.0
173472,2022-12-31,0.0
173484,2022-10-03,0.0
173490,2019-02-27,0.0
173552,2024-09-26,0.0
173580,2025-05-29,325000.0
173584,2017-01-10,0.0
173585,2019-08-26,0.0
173835,2025-03-17,0.0
173899,2022-10-03,0.0
174089,2023-10-18,0.0
174094,2025-06-02,5000000.0
174099,2025-05-26,600000.0
174154,2023-11-12,0.0
174229,2019-09-17,0.0
174361,2024-09-26,0.0
174572,2025-06-02,100000.0
174600,2017-06-30,0.0
174922,2025-06-30,0.0
174990,2025-01-31,0.0
175087,2023-06-30,0.0
175169,2025-06-05,1000000.0
175188,2025-05-29,200000.0
175251,2016-11-19,0.0
175383,2025-06-23,600000.0
175428,2014-11-22,0.0
175446,2025-05-22,3000000.0
175618,2023-02-14,0.0
175639,2025-06-02,5000000.0
175647,2025-06-24,100000.0
175664,2013-10-29,0.0
175722,2025-06-04,8000000.0
175739,2023-05-28,0.0
175745,2025-06-04,400000.0
175773,2025-05-29,75000.0
175787,2022-10-03,0.0
175792,2025-09-04,1500000.0
175813,2025-01-19,0.0
175815,2013-12-31,0.0
175836,2025-05-13,200000.0
175912,2025-01-25,0.0
176023,2025-06-18,200000.0
176140,2025-06-05,2000000.0
176157,2025-06-04,75000.0
176251,2013-06-30,0.0
176262,2014-06-30,0.0
176354,2025-06-17,125000.0
176395,2012-06-30,0.0
176604,2013-06-30,0.0
176612,2025-06-24,25000.0
176632,2025-06-17,250000.0
176850,2016-11-15,0.0
176909,2022-01-31,0.0
176981,2022-10-03,0.0
177029,2014-09-28,0.0
177130,2025-06-16,200000.0
177331,2023-06-05,0.0
177397,2023-10-18,0.0
177477,2025-04-03,75000.0
177521,2025-05-28,225000.0
177534,2025-06-26,250000.0
177543,2020-04-01,0.0
177550,2025-06-16,200000.0
177555,2018-12-27,0.0
177562,2025-06-26,400000.0
177581,2022-10-03,0.0
177706,2020-05-29,0.0
177862,2025-06-30,0.0
177903,2017-05-30,0.0
177914,2025-06-17,125000.0
177952,2025-05-26,150000.0
177953,2017-06-30,0.0
178026,2016-01-10,0.0
178107,2025-06-01,800000.0
178219,2025-05-27,1000000.0
178314,2025-06-03,400000.0
178342,2025-06-18,75000.0
178467,2025-06-16,200000.0
178519,2021-08-31,0.0
178540,2024-09-26,0.0
178602,2019-05-15,0.0
178603,2024-09-24,0.0
178643,2025-06-10,325000.0
178734,2020-07-07,0.0
178762,2023-06-30,0.0
178935,2023-03-06,0.0
178984,2025-05-25,1500000.0
179055,2025-07-22,0.0
179189,2015-07-21,0.0
179467,2025-07-02,0.0
179478,2023-03-06,0.0
179635,2025-06-18,1000000.0
179638,2025-06-09,1200000.0
179838,2025-05-22,150000.0
179953,2017-02-14,0.0
180091,2020-07-07,0.0
180103,2017-12-31,0.0
180337,2025-05-28,8000000.0
180579,2025-06-04,200000.0
180776,2025-05-01,125000.0
181114,2019-01-25,0.0
181337,2025-06-02,375000.0
181601,2021-04-08,0.0
181685,2013-06-10,0.0
181690,2025-05-28,100000.0
181773,2025-05-29,300000.0
181778,2025-05-29,10000000.0
181784,2025-06-26,400000.0
181797,2016-12-14,0.0
182176,2025-06-24,75000.0
182323,2025-06-17,500000.0
182395,2022-01-03,1400000.0
182398,2018-02-12,0.0
182424,2025-04-23,250000.0
182573,2025-04-03,100000.0
182576,2018-06-30,0.0
182578,2025-06-17,300000.0
182719,2024-12-04,10000.0
182815,2014-06-30,0.0
182827,2013-05-28,0.0
182842,2025-06-17,200000.0
182870,2025-06-17,900000.0
182876,2025-04-03,250000.0
182882,2025-05-25,200000.0
182898,2024-09-26,0.0
182904,2025-06-08,7500000.0
182907,2025-06-04,600000.0
182916,2025-06-02,3000000.0
182918,2020-07-07,0.0
183015,2019-06-30,0.0
183031,2025-04-03,1000000.0
183045,2020-06-30,0.0
183125,2018-07-15,0.0
183196,2025-02-06,0.0
183293,2025-05-26,1800000.0
183301,2025-06-29,200000.0
183312,2025-06-09,100000.0
183313,2025-06-09,100000.0
183318,2025-05-29,4000000.0
183325,2019-01-30,0.0
183334,2025-05-26,2000000.0
183451,2018-07-15,0.0
183494,2020-12-31,0.0
183647,2025-05-13,800000.0
183793,2025-06-03,500000.0
184204,2025-06-18,400000.0
184275,2012-09-06,0.0
184310,2025-07-27,100000.0
184312,2015-04-05,0.0
184397,2025-03-17,0.0
184435,2022-10-03,0.0
184444,2025-06-24,25000.0
184526,2025-06-02,1000000.0
184580,2016-08-18,0.0
184604,2025-06-26,450000.0
184674,2025-06-17,75000.0
184794,2025-06-17,200000.0
184892,2025-06-16,5000000.0
185363,2025-05-27,175000.0
185365,2025-05-18,500000.0
185465,2016-12-15,0.0
185513,2025-05-27,75000.0
185570,2022-04-07,0.0
185574,2024-03-06,0.0
185605,2024-03-18,0.0
185702,2025-06-29,125000.0
185880,2019-11-23,0.0
185883,2025-06-19,25000.0
185945,2019-05-23,0.0
185966,2025-05-22,1000000.0
186201,2025-05-07,200000.0
186269,2025-06-16,75000.0
186314,2015-12-31,0.0
186337,2025-06-16,100000.0
186355,2018-07-15,0.0
186371,2018-07-31,0.0
186398,2025-04-03,0.0
186526,2023-10-31,0.0
186589,2025-05-19,250000.0
186598,2014-06-27,0.0
186629,2025-07-04,0.0
186644,2025-06-15,5000000.0
186771,2024-03-06,0.0
186857,2020-06-30,0.0
186891,2025-06-24,100000.0
186922,2025-01-17,0.0
186924,2025-05-26,600000.0
187090,2019-10-05,0.0
187186,2013-06-30,0.0
187197,2014-06-30,0.0
187285,2025-07-25,0.0
187291,2024-07-08,0.0
187301,2025-05-29,400000.0
187329,2025-05-28,800000.0
187349,2025-06-02,300000.0
187387,2024-09-26,0.0
187432,2018-07-09,0.0
187491,2025-06-04,600000.0
187499,2025-06-15,350000.0
187597,2018-07-15,0.0
187624,2025-06-04,800000.0
187673,2025-06-23,300000.0
187674,2018-02-23,0.0
187697,2024-04-21,0.0
187847,2025-06-08,1200000.0
187896,2025-04-03,137500.0
187954,2020-06-27,0.0
188077,2025-05-29,10000000.0
188141,2022-10-03,0.0
188214,2015-06-06,0.0
188370,2013-12-05,0.0
188491,2025-06-19,150000.0
188501,2025-06-01,600000.0
188734,2025-06-29,175000.0
188837,2023-06-30,0.0
188854,2025-06-23,500000.0
188859,2023-03-06,0.0
188862,2025-06-05,1200000.0
188881,2025-06-03,400000.0
189053,2025-06-05,300000.0
189073,2025-06-04,4500000.0
189142,2025-06-10,200000.0
189268,2015-06-30,0.0
189475,2025-06-15,1500000.0
189525,2025-06-03,50000.0
189594,2023-03-06,0.0
189613,2014-06-30,0.0
189639,2022-10-03,0.0
189640,2025-06-16,350000.0
189650,2025-05-27,100000.0
189701,2014-06-30,0.0
189890,2025-05-07,125000.0
190145,2019-08-03,0.0
190243,2011-11-02,0.0
190269,2024-06-30,0.0
190289,2025-06-04,700000.0
190338,2025-06-02,400000.0
190393,2025-06-02,12000000.0
190625,2020-06-30,0.0
190633,2020-08-13,0.0
190635,2022-07-31,0.0
190702,2022-10-03,0.0
190786,2024-08-21,0.0
190848,2023-02-05,0.0
190911,2023-09-08,0.0
190917,2024-09-24,0.0
190978,2025-06-23,0.0
191056,2025-06-02,12000000.0
191314,2022-12-02,0.0
191359,2025-06-18,500000.0
191407,2025-05-28,200000.0
191453,2025-06-30,0.0
191556,2025-06-19,25000.0
191902,2023-03-06,0.0
192073,2025-06-24,200000.0
192083,2018-11-20,0.0
192089,2023-03-06,0.0
192167,2025-06-18,400000.0
192268,2025-06-04,100000.0
192300,2025-06-18,500000.0
192360,2025-06-24,300000.0
192374,2018-04-22,0.0
192462,2022-10-03,0.0
192505,2025-06-16,125000.0
192557,2025-06-04,2000000.0
192585,2024-10-07,0.0
192599,2023-06-30,0.0
192631,2024-09-26,0.0
192638,2025-06-16,700000.0
192645,2022-10-03,0.0
192655,2025-06-03,300000.0
192709,2025-06-22,75000.0
192714,2025-06-09,50000.0
192736,2025-06-11,225000.0
193073,2025-06-24,250000.0
193082,2025-06-04,30000000.0
193130,2024-10-14,0.0
193151,2025-05-26,200000.0
193251,2018-04-07,0.0
193303,2025-06-24,250000.0
193344,2025-05-18,500000.0
193513,2025-06-26,100000.0
193529,2024-03-06,0.0
193584,2025-06-01,25000.0
193592,2025-03-30,0.0
193598,2019-01-07,0.0
193612,2025-06-24,400000.0
193782,2025-06-01,700000.0
193859,2025-06-04,800000.0
193885,2025-06-16,200000.0
193897,2025-04-03,0.0
193938,2024-03-03,0.0
194007,2022-10-03,0.0
194019,2025-05-14,50000.0
194152,2023-07-18,0.0
194205,2025-08-25,0.0
194532,2017-07-12,0.0
194560,2023-03-06,0.0
194975,2025-06-09,200000.0
194978,2024-03-18,0.0
195045,2023-03-06,0.0
195056,2025-06-10,100000.0
195166,2023-03-06,0.0
195308,2025-06-01,150000.0
195337,2025-06-24,200000.0
195362,2016-01-07,0.0
195383,2023-03-06,0.0
195485,2019-04-01,0.0
195577,2025-05-29,200000.0
195602,2023-06-30,0.0
195605,2025-06-05,600000.0
195633,2025-05-29,2200000.0
195676,2025-06-10,125000.0
195680,2025-05-26,800000.0
195706,2024-09-24,0.0
195745,2025-05-29,300000.0
195765,2025-06-22,125000.0
195778,2025-06-04,12000000.0
195864,2018-01-24,0.0
196060,2023-06-30,0.0
196084,2025-06-18,700000.0
196095,2025-06-18,2000000.0
196159,2025-05-21,10000.0
196161,2022-11-21,0.0
196174,2022-10-03,0.0
196227,2025-06-05,1000000.0
196231,2025-06-04,3500000.0
196427,2025-06-18,250000.0
196435,2025-06-09,300000.0
196520,2025-06-26,200000.0
196524,2025-06-17,50000.0
196562,2025-02-19,0.0
196564,2025-06-10,300000.0
196646,2024-12-16,350000.0
196796,2025-06-21,100000.0
196817,2024-03-06,0.0
196819,2025-09-04,125000.0
196826,2025-06-18,250000.0
196831,2025-06-22,50000.0
196836,2020-06-30,0.0
196842,2020-07-11,0.0
197083,2018-01-31,0.0
197100,2023-07-06,0.0
197131,2025-06-23,300000.0
197135,2025-06-23,400000.0
197170,2025-05-26,2000000.0
197250,2015-12-17,0.0
197261,2020-07-30,0.0
197333,2025-06-01,300000.0
197383,2025-06-22,150000.0
197480,2025-06-18,25000.0
197538,2023-06-30,0.0
197548,2025-07-22,0.0
197560,2022-10-03,0.0
197567,2022-06-29,0.0
197593,2025-06-24,100000.0
197602,2025-05-27,1500000.0
197610,2024-09-26,0.0
197860,2025-05-26,900000.0
197881,2025-06-11,200000.0
197969,2025-06-10,50000.0
198007,2025-06-05,250000.0
198136,2025-03-09,0.0
198194,2021-01-26,0.0
198395,2025-06-05,250000.0
198516,2025-05-29,3000000.0
198613,2025-05-28,250000.0
198624,2022-10-03,0.0
198638,2025-05-29,800000.0
198736,2024-09-24,0.0
198863,2022-10-03,0.0
199133,2023-06-30,0.0
199212,2022-10-03,0.0
199248,2025-06-16,7000000.0
199321,2025-06-02,1000000.0
199371,2025-06-24,150000.0
199459,2025-06-09,25000.0
199465,2012-09-03,0.0
199489,2022-10-03,0.0
199522,2025-06-29,100000.0
199527,2025-05-29,16000000.0
199528,2025-05-26,1000000.0
199531,2024-09-26,0.0
199570,2019-12-31,0.0
199613,2020-11-02,0.0
199804,2025-06-10,150000.0
199855,2024-09-07,0.0
199888,2025-05-14,75000.0
199894,2016-06-30,0.0
199994,2015-07-31,0.0
200512,2025-05-26,8000000.0
200559,2022-10-03,0.0
200782,2023-06-30,0.0
200799,2019-09-24,0.0
200855,2022-06-26,0.0
201135,2025-06-10,175000.0
201443,2025-01-31,0.0
201576,2025-04-03,75000.0
202076,2019-12-31,0.0
202255,2022-10-03,0.0
202318,2025-05-27,1500000.0
202683,2013-06-25,0.0
202830,2025-04-23,200000.0
202867,2025-06-23,150000.0
202886,2025-06-16,10000000.0
202919,2025-06-26,400000.0
202945,2020-05-04,0.0
202981,2025-07-16,0.0
202984,2025-05-13,500000.0
203125,2025-06-05,3500000.0
203127,2025-06-17,300000.0
203136,2025-06-09,0.0
203188,2016-11-04,0.0
203405,2024-09-26,0.0
203461,2019-11-02,0.0
203486,2020-01-05,0.0
203497,2025-06-30,0.0
203508,2018-07-01,0.0
203512,2022-10-03,0.0
203516,2025-06-23,500000.0
203517,2025-06-04,1800000.0
203523,2025-05-18,200000.0
203532,2025-05-27,650000.0
203538,2025-06-25,200000.0
203539,2022-02-28,0.0
203544,2025-06-19,100000.0
203552,2022-06-30,0.0
203616,2025-05-27,100000.0
203748,2022-10-03,0.0
203761,2025-06-12,550000.0
203770,2025-06-09,150000.0
203772,2022-06-30,0.0
203784,2024-03-06,0.0
203961,2025-06-03,1500000.0
204072,2025-06-08,500000.0
204096,2025-06-24,150000.0
204102,2025-05-28,400000.0
204180,2025-06-19,200000.0
204206,2017-08-28,0.0
204381,2023-03-06,0.0
204404,2023-03-06,0.0
204453,2023-03-06,0.0
204555,2014-01-22,0.0
204585,2025-06-01,300000.0
205122,2017-05-07,0.0
205326,2024-09-26,0.0
205436,2025-06-17,175000.0
205535,2014-05-29,0.0
205551,2025-01-31,0.0
205569,2025-05-27,500000.0
205586,2025-06-17,1000000.0
205629,2022-10-03,0.0
205681,2024-03-18,0.0
205757,2025-06-09,300000.0
205877,2018-07-09,0.0
205924,2025-06-08,350000.0
206043,2025-04-03,75000.0
206225,2025-05-26,700000.0
206382,2023-10-18,0.0
206411,2025-06-18,400000.0
206542,2025-05-22,1000000.0
206544,2024-01-22,0.0
206628,2023-08-28,0.0
206740,2025-05-27,450000.0
206743,2025-06-08,300000.0
206746,2025-05-29,13000000.0
206770,2023-03-06,0.0
206906,2025-06-05,900000.0
206912,2024-12-18,0.0
206927,2025-06-16,125000.0
206956,2025-06-08,150000.0
206980,2022-11-30,0.0
206988,2024-03-05,0.0
207061,2025-06-02,600000.0
207242,2024-11-30,0.0
207302,2025-05-27,1200000.0
207593,2025-09-11,2500000.0
207597,2025-06-04,3500000.0
207650,2022-10-03,0.0
207715,2024-09-23,0.0
207827,2023-10-18,0.0
207834,2025-05-26,5500000.0
207855,2025-06-24,200000.0
208116,2025-06-23,2000000.0
208890,2018-12-31,0.0
209012,2024-07-24,0.0
209182,2018-06-30,0.0
209576,2025-06-24,75000.0
209583,2025-05-29,850000.0
209643,2023-06-30,0.0
209808,2025-05-28,400000.0
209870,2014-10-04,0.0
209933,2022-10-03,0.0
209992,2025-05-27,2500000.0
210120,2019-03-04,0.0
210137,2018-04-04,0.0
210141,2020-03-20,0.0
210143,2025-06-24,200000.0
210505,2025-04-03,50000.0
210525,2012-06-30,0.0
210548,2025-04-03,0.0
210711,2025-06-12,50000.0
210921,2024-11-11,0.0
210986,2024-07-04,0.0
211028,2022-10-03,0.0
211087,2025-05-21,200000.0
211258,2023-11-12,0.0
211301,2016-12-14,0.0
211320,2013-06-22,0.0
211386,2025-06-03,50000.0
211530,2025-06-10,100000.0
211973,2025-06-16,100000.0
211999,2020-09-29,0.0
212115,2025-05-28,400000.0
212120,2025-05-28,325000.0
212191,2025-06-18,300000.0
212221,2020-02-17,0.0
212391,2025-06-23,600000.0
212630,2025-05-25,800000.0
212699,2025-05-25,2500000.0
212847,2025-05-29,11000000.0
212849,2025-06-23,700000.0
212853,2023-06-28,0.0
212862,2025-06-08,18000000.0
212898,2016-06-09,0.0
212902,2025-06-01,200000.0
212982,2017-02-23,0.0
212983,2017-09-17,0.0
213030,2025-07-06,0.0
213331,2025-05-14,50000.0
213368,2025-06-05,600000.0
213458,2014-06-30,0.0
213488,2025-05-28,325000.0
213591,2025-01-06,0.0
213605,2025-05-26,1500000.0
213671,2025-06-01,150000.0
213821,2023-03-06,0.0
213845,2025-05-27,10000.0
213854,2025-06-01,500000.0
213858,2020-07-31,0.0
213875,2025-06-23,350000.0
213926,2020-05-02,0.0
213938,2025-05-27,100000.0
213941,2023-03-06,0.0
213992,2016-09-29,0.0
214056,2025-04-03,2500000.0
214104,2025-06-17,175000.0
214157,2018-03-06,0.0
214322,2019-09-30,0.0
214467,2025-06-24,50000.0
214493,2017-06-30,0.0
214532,2025-06-02,200000.0
214534,2025-06-02,325000.0
214572,2023-12-31,0.0
214621,2025-06-17,500000.0
214739,2016-07-15,0.0
214775,2025-05-25,4000000.0
215094,2025-05-27,3500000.0
215096,2025-05-27,600000.0
215160,2025-01-19,0.0
215319,2022-10-03,0.0
215477,2025-03-17,0.0
215490,2025-06-22,75000.0
215551,2025-05-27,300000.0
215592,2025-06-17,2000000.0
215686,2025-04-03,800000.0
215761,2025-06-10,100000.0
215765,2023-06-30,0.0
215819,2024-08-29,0.0
215864,2025-05-22,2000000.0
215876,2025-05-29,4500000.0
215902,2025-05-18,50000.0
216101,2021-06-30,0.0
216163,2025-06-17,75000.0
216195,2016-06-30,0.0
216245,2018-06-30,0.0
216465,2017-07-29,0.0
216499,2023-11-12,0.0
216564,2025-05-26,150000.0
216572,2016-02-21,0.0
216578,2025-04-03,100000.0
216603,2025-06-17,7000000.0
216662,2025-06-17,1200000.0
216686,2025-06-04,100000.0
216870,2025-06-23,1800000.0
216901,2025-06-29,200000.0
217070,2025-06-24,150000.0
217111,2025-05-27,4500000.0
217115,2025-06-02,8000000.0
217144,2025-06-23,2200000.0
217149,2025-06-24,100000.0
217474,2025-06-02,250000.0
217476,2020-06-22,0.0
217578,2023-12-31,0.0
217777,2023-01-31,0.0
218055,2025-05-26,50000.0
218118,2025-06-05,700000.0
218299,2025-06-16,900000.0
218451,2025-05-11,100000.0
220448,2025-06-17,325000.0
220496,2025-05-19,100000.0
220550,2025-01-25,0.0
220590,2025-06-17,200000.0
220661,2024-03-06,0.0
220751,2025-05-12,400000.0
220755,2025-06-17,300000.0
220793,2025-06-03,9000000.0
221025,2025-06-02,6000000.0
221119,2025-06-01,150000.0
221128,2024-09-24,0.0
221267,2025-06-24,200000.0
221280,2023-07-26,0.0
221295,2025-06-05,350000.0
221306,2019-06-13,0.0
221321,2025-06-04,1200000.0
221488,2019-06-14,0.0
221611,2025-05-27,3000000.0
221618,2020-11-02,0.0
221619,2024-10-09,0.0
221630,2015-08-19,0.0
221713,2025-06-02,250000.0
221855,2024-09-23,0.0
221990,2024-06-29,0.0
222005,2025-05-25,500000.0
222007,2025-06-18,125000.0
222014,2023-10-18,0.0
222108,2025-06-17,175000.0
222234,2025-01-28,0.0
222255,2022-10-03,0.0
222276,2025-05-28,200000.0
222394,2025-05-27,75000.0
222437,2022-11-09,0.0
222459,2021-12-31,0.0
222462,2015-02-10,0.0
222555,2019-05-08,0.0
222556,2025-05-29,100000.0
222567,2020-05-02,0.0
222732,2025-04-03,100000.0
222805,2025-06-03,6000000.0
223068,2025-05-01,100000.0
223225,2025-06-29,500000.0
223560,2025-06-05,2000000.0
223561,2018-11-17,0.0
223572,2025-06-18,350000.0
223720,2025-06-25,450000.0
223725,2025-06-08,1500000.0
223781,2022-10-03,0.0
223790,2023-07-08,0.0
223870,2023-03-06,0.0
223897,2022-10-04,0.0
223975,2025-06-05,600000.0
224047,2024-12-31,0.0
224052,2025-03-20,0.0
224079,2014-06-30,0.0
224249,2015-08-17,0.0
224673,2025-05-19,25000.0
224691,2024-12-05,0.0
224763,2017-08-21,0.0
224852,2023-10-18,0.0
225018,2025-06-24,150000.0
225024,2025-05-28,350000.0
225029,2025-07-31,0.0
225040,2022-10-03,0.0
225077,2025-06-16,25000.0
225140,2017-08-15,0.0
225171,2023-06-30,0.0
225266,2025-06-17,250000.0
225303,2013-12-31,0.0
225310,2020-01-05,0.0
225360,2025-06-05,600000.0
225431,2025-07-20,250000.0
225462,2024-11-18,0.0
225477,2025-06-26,0.0
225546,2013-09-12,0.0
225602,2019-06-30,0.0
225712,2023-02-12,0.0
225736,2015-06-30,0.0
225770,2023-06-30,0.0
225823,2025-06-17,700000.0
225862,2024-03-06,0.0
225923,2023-10-18,0.0
226073,2025-06-17,1800000.0
226138,2025-05-28,800000.0
226155,2025-05-27,900000.0
226230,2025-07-06,200000.0
226262,2024-03-06,0.0
226276,2018-09-03,0.0
226281,2025-06-19,150000.0
226524,2025-06-16,3000000.0
226593,2016-03-14,0.0
227039,2025-05-27,1300000.0
227085,2025-06-10,150000.0
227087,2025-06-10,250000.0
227240,2023-01-16,0.0
227265,2014-12-26,0.0
227315,2025-06-17,125000.0
227319,2024-04-21,0.0
227330,2025-04-03,200000.0
227356,2017-06-02,0.0
227618,2025-06-17,1000000.0
227632,2022-10-03,0.0
227695,2021-10-01,0.0
227749,2018-09-30,0.0
227961,2025-06-08,400000.0
227981,2023-09-14,0.0
228117,2024-02-08,0.0
228150,2024-11-30,0.0
228255,2025-05-25,800000.0
228263,2021-11-30,0.0
228370,2025-05-07,200000.0
228405,2025-06-19,175000.0
228434,2025-01-19,0.0
228752,2024-09-24,0.0
228885,2025-05-22,200000.0
228900,2022-10-03,0.0
229007,2025-06-09,800000.0
229009,2020-06-27,0.0
229138,2023-03-06,0.0
229256,2025-06-24,50000.0
229386,2024-10-15,0.0
229604,2025-06-02,8000000.0
229606,2025-06-24,100000.0
229735,2025-06-17,150000.0
229768,2014-08-10,0.0
229792,2025-06-10,275000.0
229798,2023-06-28,0.0
229815,2025-04-03,100000.0
229920,2022-06-30,0.0
230014,2025-06-01,2000000.0
230066,2025-05-25,150000.0
230141,2024-12-31,0.0
230361,2025-06-17,1000000.0
230362,2025-06-25,175000.0
230541,2025-05-28,900000.0
230552,2025-06-03,2000000.0
230746,2025-06-17,750000.0
230802,2019-06-30,0.0
230804,2019-01-31,0.0
230818,2025-06-10,250000.0
230847,2025-06-17,250000.0
230901,2013-06-30,0.0
230939,2023-10-18,0.0
230985,2025-06-11,300000.0
231009,2025-06-26,250000.0
231032,2022-09-29,0.0
231050,2024-03-06,0.0
231136,2018-02-23,0.0
231221,2019-09-27,0.0
231289,2025-05-26,15000000.0
231643,2020-10-12,0.0
231645,2013-08-29,0.0
231670,2017-01-02,0.0
231790,2025-06-24,100000.0
231916,2025-05-15,300000.0
231918,2014-05-29,0.0
231920,2013-08-29,0.0
231927,2021-04-01,0.0
232088,2024-07-31,0.0
232096,2025-06-25,75000.0
232293,2014-06-29,0.0
232376,2025-06-10,175000.0
232399,2022-10-03,0.0
232403,2025-06-17,150000.0
232500,2023-03-06,0.0
232530,2024-03-06,0.0
232539,2013-12-02,0.0
232577,2025-06-15,200000.0
232669,2025-05-18,400000.0
232676,2014-06-30,0.0
232732,2025-04-03,250000.0
232740,2014-05-29,0.0
232847,2025-06-05,500000.0
232848,2025-06-22,150000.0
232859,2025-06-09,250000.0
233213,2025-06-29,50000.0
233218,2025-01-31,0.0
233739,2024-07-28,0.0
234011,2020-07-31,0.0
234142,2025-06-11,400000.0
234166,2025-05-25,400000.0
234183,2024-12-31,0.0
234193,2025-06-11,1800000.0
234239,2022-04-07,0.0
234807,2025-08-29,200000.0
235291,2020-03-30,0.0
235412,2025-05-26,1200000.0
235485,2021-06-30,0.0
235510,2020-06-30,0.0
235610,2025-07-11,0.0
235639,2025-05-15,100000.0
235655,2023-03-06,0.0
235687,2025-05-07,125000.0
235735,2018-09-23,0.0
235783,2025-06-19,275000.0
236089,2025-01-06,0.0
236231,2025-05-18,250000.0
236290,2025-03-17,0.0
236357,2019-11-23,0.0
236432,2018-07-15,0.0
236471,2025-06-17,2200000.0
236537,2025-06-24,300000.0
236699,2025-06-04,200000.0
236719,2013-03-02,0.0
236734,2025-06-01,375000.0
236792,2025-06-04,200000.0
236870,2025-06-29,175000.0
236918,2025-06-08,100000.0
236950,2022-10-03,0.0
236952,2025-06-26,50000.0
236956,2025-06-08,500000.0
236964,2017-03-18,0.0
237000,2024-02-29,0.0
237113,2025-05-01,350000.0
237144,2025-06-22,175000.0
237162,2025-06-18,1000000.0
237481,2025-06-24,50000.0
237620,2025-06-23,75000.0
237658,2025-06-16,7500000.0
237664,2025-06-09,300000.0
237666,2025-06-18,1000000.0
237669,2025-06-09,5000000.0
237673,2025-06-09,400000.0
237679,2025-06-09,200000.0
237732,2025-06-10,150000.0
237829,2022-10-03,0.0
237986,2025-04-03,100000.0
238029,2025-06-16,450000.0
238032,2025-06-24,200000.0
238045,2015-08-18,0.0
238119,2025-06-10,300000.0
238155,2025-05-07,300000.0
238175,2025-06-08,350000.0
238185,2025-06-17,700000.0
238218,2025-06-19,175000.0
238423,2024-09-26,0.0
238500,2025-06-08,850000.0
238541,2025-06-23,50000.0
238633,2022-10-03,0.0
238694,2025-06-17,150000.0
238752,2025-06-16,900000.0
239126,2025-06-16,200000.0
239294,2025-06-05,2500000.0
239434,2025-06-30,0.0
239546,2021-12-09,0.0
239716,2024-03-18,0.0
239934,2025-06-05,1000000.0
239951,2025-06-05,150000.0
240058,2025-06-22,0.0
240092,2014-05-25,0.0
240199,2020-06-29,0.0
240252,2025-06-03,300000.0
240262,2025-05-15,800000.0
240280,2025-04-03,75000.0
240786,2025-06-18,100000.0
240859,2022-10-03,0.0
240891,2025-06-29,250000.0
240912,2023-06-26,0.0
240918,2025-04-03,125000.0
240961,2023-03-06,0.0
241166,2015-03-06,0.0
241231,2022-10-03,0.0
241251,2025-06-24,650000.0
241375,2023-10-18,0.0
241378,2025-05-27,300000.0
241390,2022-10-03,0.0
241391,2025-05-25,7000000.0
241440,2019-12-07,0.0
241641,2025-05-29,38000000.0
241653,2022-12-31,0.0
241666,2019-06-30,0.0
241803,2025-06-05,200000.0
241900,2017-08-31,0.0
241961,2021-06-30,0.0
242063,2025-06-16,8000000.0
242078,2025-06-01,1400000.0
242084,2025-06-16,2000000.0
242086,2025-06-04,27000000.0
242295,2025-06-24,250000.0
242303,2025-05-25,900000.0
242332,2016-08-12,0.0
242359,2025-06-08,3500000.0
242370,2018-11-22,0.0
242409,2019-06-30,0.0
242449,2020-07-31,0.0
242492,2024-01-29,0.0
242548,2025-05-28,1500000.0
242552,2025-06-18,400000.0
242569,2024-03-06,0.0
242607,2024-09-26,0.0
242681,2025-05-26,200000.0
242816,2017-12-14,0.0
242827,2018-09-30,0.0
242882,2025-06-23,800000.0
242983,2015-08-27,0.0
243276,2025-06-12,150000.0
243541,2025-06-05,500000.0
243589,2025-06-17,350000.0
243591,2025-05-26,450000.0
243623,2025-06-29,75000.0
243760,2025-06-08,1000000.0
243779,2025-05-28,175000.0
243819,2025-05-14,50000.0
243856,2025-06-09,1500000.0
243879,2025-06-01,2400000.0
243935,2023-10-18,0.0
244260,2025-06-16,500000.0
244261,2025-06-16,250000.0
244713,2015-10-04,0.0
244726,2017-11-05,0.0
244774,2014-06-30,0.0
244930,2025-06-24,500000.0
244940,2025-06-04,4000000.0
245072,2025-06-09,650000.0
245186,2015-06-30,0.0
245337,2025-06-04,2500000.0
245744,2025-06-08,2500000.0
246183,2025-01-15,0.0
246200,2025-05-28,500000.0
246201,2022-12-31,0.0
246215,2019-09-26,0.0
246842,2024-09-26,0.0
246929,2022-10-03,0.0
247223,2025-06-09,100000.0
247263,2025-04-03,200000.0
247372,2020-06-28,0.0
247374,2020-10-05,0.0
247459,2025-06-09,1000000.0
247555,2025-06-02,3000000.0
247596,2025-05-26,2800000.0
247612,2014-06-30,0.0
247666,2025-06-17,600000.0
247733,2025-03-13,0.0
247897,2025-01-27,0.0
247902,2020-01-11,0.0
247921,2025-06-24,100000.0
247938,2024-03-18,0.0
248022,2025-06-24,100000.0
248054,2025-06-03,6000000.0
248271,2025-06-17,700000.0
248349,2025-06-08,700000.0
248410,2025-06-05,15000000.0
248504,2022-10-03,0.0
248551,2025-05-22,150000.0
248658,2025-05-27,3500000.0
248890,2018-09-23,0.0
249126,2025-05-29,9000000.0
249161,2024-03-06,0.0
249164,2025-05-26,200000.0
249246,2019-06-13,0.0
249256,2025-08-31,0.0
249271,2025-05-28,1300000.0
249513,2025-06-08,1200000.0
249552,2025-06-11,450000.0
249555,2022-10-03,0.0
249789,2025-06-01,350000.0
250007,2025-05-13,275000.0
250013,2025-06-02,5000000.0
250030,2025-04-03,300000.0
250042,2024-03-06,0.0
250277,2025-05-26,400000.0
250317,2018-10-23,0.0
250331,2017-07-20,0.0
250358,2025-06-05,250000.0
250426,2025-05-26,12000000.0
250574,2024-10-05,0.0
250590,2018-06-30,0.0
250874,2025-05-29,150000.0
250979,2022-10-03,0.0
251046,2025-06-23,400000.0
251070,2025-06-24,100000.0
251078,2025-06-24,200000.0
251098,2023-03-06,0.0
251312,2023-07-27,0.0
251335,2025-06-29,125000.0
251345,2025-06-17,1100000.0
251431,2020-10-02,0.0
251452,2016-06-30,0.0
251550,2022-10-03,0.0
251619,2025-05-21,75000.0
251680,2025-05-22,1300000.0
251777,2025-06-25,75000.0
251805,2024-03-06,0.0
251848,2025-06-23,1500000.0
251852,2025-06-24,50000.0
251860,2025-06-24,100000.0
251877,2025-06-23,800000.0
251889,2024-09-24,0.0
251896,2025-06-08,1000000.0
251918,2024-03-06,0.0
251975,2025-06-08,350000.0
252080,2025-06-09,100000.0
252209,2025-06-01,800000.0
252215,2024-03-06,0.0
252233,2025-06-16,225000.0
252345,2025-05-28,1300000.0
252661,2025-06-12,650000.0
252667,2025-06-23,800000.0
252779,2022-10-03,0.0
253063,2025-05-27,225000.0
253125,2025-03-10,200000.0
253169,2025-06-04,200000.0
253255,2019-01-31,0.0
253267,2025-01-29,0.0
253316,2025-06-01,150000.0
253702,2025-06-10,250000.0
253751,2023-03-06,0.0
253765,2025-05-26,1800000.0
253777,2025-05-07,175000.0
253802,2018-01-14,0.0
253826,2025-06-24,100000.0
254036,2025-05-22,400000.0
254039,2025-06-24,150000.0
254045,2025-03-20,0.0
254054,2025-04-03,125000.0
254280,2025-07-17,200000.0
254379,2025-03-17,0.0
254476,2022-10-03,0.0
254477,2025-06-24,200000.0
254903,2020-02-04,0.0
254907,2024-09-26,0.0
254965,2025-06-09,900000.0
254968,2025-06-09,100000.0
254981,2022-10-03,0.0
255195,2025-05-01,125000.0
255220,2024-05-31,0.0
255284,2025-01-24,0.0
255322,2025-05-26,300000.0
255334,2025-05-14,50000.0
255337,2022-10-03,0.0
255453,2019-03-16,0.0
255469,2025-06-15,1300000.0
255488,2025-06-08,7000000.0
255495,2025-06-23,700000.0
255496,2025-06-24,100000.0
255540,2016-04-17,0.0
255637,2025-05-28,150000.0
255665,2025-02-07,0.0
255679,2025-05-26,1200000.0
255680,2024-01-31,0.0
255703,2025-05-26,700000.0
255821,2018-09-29,0.0
255831,2016-11-07,0.0
255921,2023-11-12,0.0
255933,2025-06-22,125000.0
256018,2025-06-18,500000.0
256085,2025-06-09,300000.0
256178,2025-05-29,20000000.0
256202,2014-09-29,0.0
256354,2025-06-04,800000.0
256358,2025-06-08,3000000.0
256671,2024-03-06,0.0
256696,2023-10-18,0.0
256772,2025-06-19,200000.0
256900,2021-07-25,0.0
256931,2022-07-31,0.0
256977,2025-05-26,5500000.0
257057,2023-10-31,0.0
257104,2016-06-30,0.0
257110,2025-05-28,275000.0
257186,2020-01-24,0.0
257329,2023-03-06,0.0
257369,2024-07-17,0.0
257376,2025-06-08,800000.0
257406,2024-09-23,0.0
257437,2025-05-26,2800000.0
257448,2025-05-22,3000000.0
257668,2025-06-03,8000000.0
257682,2025-06-23,450000.0
257813,2025-06-24,50000.0
257980,2025-05-27,400000.0
257984,2023-08-28,0.0
257987,2025-05-27,2000000.0
258027,2025-05-29,3000000.0
258036,2024-08-31,0.0
258216,2025-05-26,1000000.0
258246,2025-06-24,150000.0
258254,2025-06-05,1000000.0
258263,2016-07-06,0.0
258268,2025-05-27,350000.0
258336,2022-10-03,0.0
258371,2022-12-31,0.0
258382,2014-06-30,0.0
258506,2025-06-25,300000.0
258521,2019-07-02,0.0
258551,2025-06-25,100000.0
258618,2025-06-24,100000.0
258653,2025-04-03,200000.0
258880,2025-05-07,150000.0
258883,2025-06-18,2500000.0
258910,2025-06-29,75000.0
258912,2025-06-02,350000.0
258919,2025-05-29,20000000.0
259014,2016-09-30,0.0
259028,2025-01-02,50000.0
259074,2025-04-03,50000.0
259135,2025-06-10,250000.0
259151,2023-06-30,0.0
259401,2023-11-12,0.0
259570,2020-01-02,0.0
260008,2025-06-18,450000.0
260042,2022-06-21,0.0
260171,2025-06-02,800000.0
260185,2025-06-02,225000.0
260197,2025-06-18,600000.0
260330,2025-06-24,100000.0
260368,2025-06-17,350000.0
260370,2024-03-18,0.0
260560,2024-12-07,0.0
260657,2025-06-18,450000.0
260777,2024-09-15,0.0
260898,2025-06-01,800000.0
261091,2025-01-19,0.0
261309,2025-06-09,1500000.0
261420,2022-10-03,0.0
261452,2025-06-26,75000.0
261546,2024-07-22,0.0
261611,2025-06-23,175000.0
261736,2023-11-12,0.0
261905,2025-06-16,4500000.0
262226,2025-05-29,13000000.0
262474,2025-06-19,500000.0
262628,2022-11-30,0.0
262749,2025-05-29,40000000.0
262793,2025-04-03,100000.0
262851,2025-09-04,600000.0
262854,2025-05-21,25000.0
262920,2020-05-16,0.0
262939,2025-06-08,2000000.0
262942,2022-10-03,0.0
263032,2025-06-01,500000.0
263236,2025-05-29,25000000.0
263718,2025-06-17,300000.0
263804,2025-09-11,5500000.0
263843,2025-06-12,1200000.0
263860,2025-05-29,2500000.0
263862,2025-06-24,100000.0
264126,2025-05-18,550000.0
264176,2025-05-27,450000.0
264199,2022-10-03,0.0
264343,2025-06-26,300000.0
264402,2017-08-22,0.0
264403,2017-06-30,0.0
264406,2016-10-31,0.0
264457,2023-03-06,0.0
264633,2025-06-10,300000.0
264660,2025-04-03,200000.0
264748,2025-06-08,350000.0
264870,2025-06-05,50000.0
264980,2017-01-09,0.0
265087,2023-06-27,0.0
265231,2023-03-06,0.0
265254,2025-06-09,300000.0
265268,2024-02-05,0.0
265281,2016-06-30,0.0
265319,2024-03-06,0.0
265398,2025-04-03,100000.0
265464,2022-04-07,0.0
265481,2025-06-15,800000.0
265542,2025-06-17,1100000.0
265649,2025-01-29,0.0
265660,2025-06-05,1000000.0
265693,2025-06-05,100000.0
265732,2025-06-05,0.0
265763,2025-06-11,900000.0
131310,2025-06-08,50000.0
131314,2025-06-26,175000.0
131330,2025-06-08,400000.0
131342,2025-03-17,0.0
131510,2024-09-26,0.0
131559,2024-01-31,0.0
131561,2025-06-22,100000.0
131589,2025-04-03,150000.0
131658,2025-05-29,100000.0
131740,2025-06-11,600000.0
131821,2025-05-28,450000.0
131828,2024-03-06,0.0
131894,2022-01-31,0.0
131904,2025-06-25,50000.0
131978,2025-05-29,6000000.0
131984,2025-05-25,150000.0
132049,2025-05-18,200000.0
132214,2025-06-18,900000.0
132407,2015-01-06,1000000.0
132553,2025-05-15,350000.0
132569,2013-12-17,0.0
132587,2025-06-01,150000.0
132694,2019-12-08,0.0
132914,2017-12-31,0.0
133041,2023-10-18,0.0
133329,2017-12-04,0.0
133511,2020-05-16,0.0
133548,2020-02-16,0.0
133628,2025-06-16,250000.0
133794,2025-05-29,400000.0
133803,2020-06-28,0.0
133831,2025-06-04,1800000.0
133834,2025-06-08,50000.0
133858,2025-05-28,175000.0
133876,2025-06-30,0.0
133955,2020-04-27,0.0
134094,2025-04-03,0.0
134098,2023-12-31,0.0
134119,2013-06-30,0.0
134122,2015-06-30,0.0
134259,2013-09-17,0.0
134270,2025-05-29,6000000.0
134282,2016-06-30,0.0
134334,2025-07-06,125000.0
134352,2024-03-18,0.0
134414,2025-04-03,200000.0
134418,2025-06-29,75000.0
134419,2025-06-17,200000.0
134497,2024-09-26,0.0
134499,2024-03-06,0.0
134535,2021-06-30,0.0
134563,2011-12-31,0.0
134580,2023-03-06,0.0
134601,2011-04-23,0.0
134631,2025-06-05,400000.0
134657,2025-06-29,150000.0
134661,2011-07-13,0.0
134666,2017-12-31,0.0
134708,2012-05-06,0.0
134710,2023-12-31,0.0
134712,2024-03-06,0.0
134874,2025-06-12,350000.0
134955,2023-06-30,0.0
135024,2013-01-07,0.0
135038,2025-06-17,50000.0
135057,2025-06-05,1000000.0
135082,2025-05-25,500000.0
135136,2025-06-17,150000.0
135183,2023-06-30,0.0
135344,2025-06-09,50000.0
135490,2025-05-22,150000.0
135492,2025-06-08,1800000.0
135560,2025-06-29,25000.0
135577,2013-01-02,0.0
135617,2025-05-27,3000000.0
135748,2024-03-06,0.0
135848,2022-04-07,0.0
136166,2025-06-24,75000.0
136171,2024-03-06,0.0
136181,2025-06-18,600000.0
136215,2010-09-30,0.0
136431,2025-06-19,175000.0
136550,2025-06-24,75000.0
136601,2025-06-10,175000.0
136744,2025-06-09,125000.0
136897,2022-10-03,0.0
136922,2010-12-31,0.0
136928,2022-06-27,0.0
137047,2024-03-18,0.0
137088,2015-12-27,0.0
137159,2023-11-12,0.0
137162,2023-09-22,0.0
137174,2025-06-24,50000.0
137576,2025-06-11,7000000.0
137582,2025-06-17,400000.0
137589,2025-06-29,50000.0
137609,2025-06-19,125000.0
137610,2025-06-24,200000.0
137623,2022-10-03,0.0
137669,2025-05-22,200000.0
137735,2020-04-05,0.0
137799,2023-10-31,0.0
137828,2015-12-17,0.0
137840,2025-06-19,400000.0
137841,2025-04-03,0.0
137923,2016-06-05,0.0
138049,2023-10-18,0.0
138055,2025-06-02,2000000.0
138059,2019-05-03,0.0
138138,2014-12-31,0.0
138171,2025-07-15,0.0
138212,2012-12-31,0.0
138408,2025-06-17,200000.0
138425,2025-06-24,25000.0
138442,2011-06-30,0.0
138558,2017-12-27,0.0
138574,2011-12-31,0.0
138736,2025-06-24,125000.0
138739,2018-07-15,0.0
138800,2020-11-04,0.0
138963,2020-11-30,0.0
139280,2014-07-31,0.0
139316,2025-06-24,50000.0
139323,2014-08-09,0.0
139337,2025-06-22,75000.0
139341,2025-05-29,300000.0
139393,2025-05-29,200000.0
139449,2025-04-10,0.0
139494,2025-06-15,100000.0
139533,2018-04-04,0.0
139607,2025-04-03,300000.0
139670,2025-06-02,500000.0
139867,2025-06-05,800000.0
139905,2013-12-31,0.0
139923,2025-05-20,200000.0
140189,2025-06-30,0.0
140205,2025-03-13,0.0
140310,2025-03-30,0.0
140579,2025-04-03,350000.0
140668,2023-10-16,0.0
140672,2024-03-06,0.0
140678,2025-06-17,100000.0
140710,2013-07-22,0.0
140778,2014-06-30,0.0
140783,2025-04-23,100000.0
140789,2012-08-30,0.0
140954,2023-03-06,0.0
141050,2025-05-26,4500000.0
141103,2025-05-25,500000.0
141194,2023-03-06,0.0
141341,2017-09-21,0.0
141349,2023-10-18,0.0
141364,2025-06-01,100000.0
141655,2023-12-31,0.0
141689,2022-10-03,0.0
141761,2016-06-05,0.0
141772,2023-09-20,0.0
141833,2020-06-28,0.0
141850,2022-10-03,0.0
141905,2025-06-29,50000.0
142022,2025-05-01,250000.0
142142,2020-07-07,0.0
142208,2025-05-22,300000.0
142353,2019-08-20,0.0
142365,2022-10-03,0.0
142370,2025-06-09,100000.0
142484,2015-03-10,0.0
142510,2023-03-06,0.0
142536,2018-10-14,0.0
142873,2022-04-07,0.0
143009,2011-06-22,0.0
143148,2023-08-17,0.0
143386,2013-03-09,0.0
143388,2023-01-12,0.0
143401,2023-10-18,0.0
143424,2025-06-17,2100000.0
143787,2017-05-20,0.0
143938,2011-12-31,0.0
143951,2024-03-06,0.0
144028,2025-05-29,22000000.0
144075,2019-09-16,0.0
144234,2019-10-14,0.0
144304,2025-06-24,500000.0
144428,2015-07-31,0.0
144449,2021-01-13,0.0
144452,2024-09-26,0.0
144494,2013-10-07,0.0
144610,2013-06-30,0.0
144658,2018-06-30,0.0
144734,2013-08-28,0.0
144789,2025-06-04,100000.0
145053,2010-08-24,0.0
145400,2025-06-05,600000.0
145422,2020-06-03,0.0
145502,2018-12-31,0.0
145573,2025-06-05,200000.0
145581,2025-04-03,50000.0
145769,2024-09-16,0.0
145807,2016-07-18,0.0
145846,2017-09-24,0.0
145849,2018-01-08,0.0
145872,2022-06-30,0.0
145922,2022-06-30,0.0
145996,2025-01-31,0.0
146096,2025-09-05,75000.0
146143,2025-06-02,700000.0
146215,2025-06-01,100000.0
146367,2025-06-15,400000.0
146509,2025-05-29,800000.0
146551,2011-08-18,0.0
146555,2022-10-03,0.0
146574,2014-05-29,0.0
146699,2025-09-01,0.0
146844,2025-06-19,125000.0
146912,2015-08-31,0.0
147034,2025-05-29,400000.0
147043,2025-05-26,800000.0
147045,2025-06-05,200000.0
147049,2025-06-18,175000.0
147056,2020-01-05,0.0
147059,2024-03-06,0.0
147078,2025-05-22,350000.0
147361,2025-06-05,2500000.0
147418,2023-10-24,0.0
147566,2019-07-14,0.0
147843,2019-06-30,0.0
148095,2025-06-22,75000.0
148123,2024-08-14,0.0
148153,2025-05-29,6000000.0
148215,2025-06-16,500000.0
148261,2023-03-06,0.0
148265,2012-06-30,0.0
148368,2025-06-18,1000000.0
148402,2016-08-13,0.0
148660,2025-06-17,225000.0
148666,2025-06-23,100000.0
148687,2017-02-27,0.0
148734,2025-06-16,50000.0
148754,2024-01-23,0.0
148955,2024-12-25,0.0
148975,2013-12-30,0.0
149042,2022-06-27,0.0
149069,2012-01-03,0.0
149115,2020-01-31,0.0
149231,2025-06-23,350000.0
149237,2024-07-10,0.0
149239,2025-04-03,150000.0
149436,2025-05-21,125000.0
149449,2018-12-29,0.0
149527,2025-04-03,50000.0
149532,2025-06-12,150000.0
149557,2012-12-31,0.0
149572,2025-06-22,550000.0
149577,2025-06-05,600000.0
149579,2025-06-23,600000.0
149582,2022-10-03,0.0
149601,2011-06-30,0.0
149614,2025-05-19,100000.0
149623,2011-06-30,0.0
149647,2023-03-06,0.0
149682,2019-12-04,0.0
149725,2018-09-23,0.0
149731,2018-02-19,0.0
149748,2023-10-31,0.0
149752,2025-06-05,700000.0
149901,2025-06-02,450000.0
149928,2025-06-02,2500000.0
149949,2025-03-17,0.0
150045,2022-06-17,0.0
150065,2017-12-31,0.0
150295,2025-06-17,100000.0
150496,2025-04-03,0.0
150511,2025-04-03,0.0
150521,2016-04-17,0.0
150696,2024-06-30,0.0
150737,2019-06-30,0.0
150868,2022-10-03,0.0
150905,2023-10-18,0.0
151069,2016-01-20,0.0
151265,2016-11-19,0.0
151299,2014-08-17,0.0
151505,2025-01-29,0.0
151525,2023-12-31,0.0
152241,2025-06-10,225000.0
152250,2021-04-01,0.0
152261,2025-06-22,75000.0
152460,2025-06-04,300000.0
152538,2023-10-31,0.0
152627,2025-06-05,600000.0
152632,2017-07-01,0.0
152689,2025-06-01,25000.0
152693,2025-06-05,125000.0
152695,2025-06-16,75000.0
152754,2014-06-30,0.0
152781,2025-07-13,0.0
152863,2024-07-31,0.0
152916,2023-03-06,0.0
153107,2025-06-09,250000.0
153188,2023-06-30,0.0
153198,2025-06-10,225000.0
153235,2025-03-13,0.0
153427,2025-06-24,400000.0
153502,2025-06-10,50000.0
153621,2022-12-31,0.0
153790,2016-01-13,0.0
153815,2016-06-30,0.0
153879,2020-07-07,0.0
153896,2018-03-05,0.0
153910,2025-06-23,75000.0
153971,2019-01-31,0.0
154059,2023-06-30,0.0
154089,2021-04-08,0.0
154110,2025-06-22,50000.0
154147,2025-06-04,1500000.0
154292,2025-03-13,0.0
154319,2025-05-29,200000.0
154351,2025-06-11,1500000.0
154386,2018-12-31,0.0
154541,2025-01-31,0.0
154559,2025-06-05,100000.0
154573,2025-06-19,100000.0
154587,2020-04-05,0.0
154698,2024-12-09,100000.0
154853,2025-06-10,250000.0
154919,2023-06-30,0.0
154980,2025-06-10,150000.0
154990,2025-04-03,0.0
155213,2016-08-19,0.0
155470,2025-06-26,300000.0
155472,2022-10-03,0.0
155555,2025-06-17,100000.0
155620,2020-07-30,0.0
155755,2022-10-03,0.0
156009,2025-06-02,450000.0
156300,2025-06-04,175000.0
156496,2023-10-06,0.0
156628,2023-10-18,0.0
156779,2025-06-04,1800000.0
156801,2025-06-24,50000.0
156814,2024-07-10,0.0
156829,2023-03-06,0.0
156840,2024-03-06,0.0
156881,2016-04-24,0.0
156934,2025-06-18,650000.0
156990,2025-06-04,12000000.0
157127,2011-12-31,0.0
157132,2025-07-06,0.0
157160,2025-06-18,650000.0
157175,2025-06-19,50000.0
157231,2013-06-05,0.0
157237,2016-03-15,0.0
157354,2015-06-30,0.0
157368,2025-05-26,500000.0
157399,2025-07-31,0.0
157420,2020-07-30,0.0
157478,2025-06-22,125000.0
157495,2025-06-09,1000000.0
157500,2025-06-12,175000.0
157505,2023-03-06,0.0
157507,2025-06-16,2000000.0
157534,2017-09-02,0.0
157985,2023-04-26,0.0
157994,2020-01-05,0.0
158049,2024-08-14,0.0
158057,2025-06-23,800000.0
158073,2023-03-06,0.0
158080,2025-06-24,100000.0
158102,2021-08-11,0.0
158193,2013-08-11,0.0
158233,2025-05-07,100000.0
158306,2019-02-14,0.0
158312,2025-01-18,0.0
158321,2025-01-31,0.0
158327,2025-05-25,700000.0
158339,2018-11-30,0.0
158382,2023-10-31,0.0
158431,2022-10-03,0.0
158432,2018-07-15,0.0
158458,2025-08-06,0.0
158488,2022-10-03,0.0
158786,2025-08-31,0.0
158791,2025-06-23,200000.0
158799,2025-05-28,700000.0
158849,2021-06-30,0.0
158997,2025-06-12,75000.0
159037,2025-06-10,100000.0
159076,2025-05-21,175000.0
159139,2025-06-05,500000.0
159153,2023-08-31,0.0
159258,2025-06-10,350000.0
159290,2023-06-30,0.0
159375,2024-07-20,0.0
159655,2022-10-03,0.0
159712,2020-01-05,0.0
159724,2019-05-23,0.0
159748,2023-03-06,0.0
159758,2025-05-29,200000.0
159773,2025-06-11,350000.0
159781,2019-09-19,0.0
159789,2018-08-28,0.0
159839,2025-06-03,50000.0
160154,2025-06-29,50000.0
160247,2025-08-17,0.0
160337,2020-06-30,0.0
160361,2025-05-28,350000.0
160380,2025-05-28,500000.0
160402,2018-05-18,0.0
160471,2025-07-20,100000.0
160505,2025-06-12,500000.0
160506,2025-06-08,1200000.0
160512,2025-06-24,125000.0
160670,2025-05-07,150000.0
160671,2025-06-23,250000.0
160736,2025-06-09,400000.0
160871,2025-06-12,200000.0
160910,2022-10-03,0.0
161057,2025-06-04,350000.0
161060,2025-06-24,175000.0
161251,2025-06-24,50000.0
161549,2025-06-08,300000.0
161671,2025-06-04,150000.0
161851,2017-05-21,0.0
161993,2024-01-31,0.0
162040,2025-06-24,50000.0
162063,2025-06-23,400000.0
162066,2017-04-19,0.0
162074,2025-04-03,250000.0
162395,2021-10-07,0.0
162447,2022-10-03,0.0
162807,2025-06-05,1200000.0
163011,2020-06-30,0.0
163047,2020-02-16,0.0
163087,2013-04-11,0.0
163380,2025-03-13,0.0
163443,2025-06-08,100000.0
163473,2011-05-01,0.0
163531,2025-06-29,150000.0
163536,2025-06-10,50000.0
163568,2025-06-01,450000.0
163656,2025-05-28,2800000.0
163663,2023-06-30,0.0
163738,2025-05-22,600000.0
163990,2025-06-02,500000.0
164142,2025-06-05,300000.0
164206,2015-03-12,0.0
164265,2025-06-02,150000.0
164292,2025-05-28,400000.0
164436,2021-10-07,0.0
164439,2023-11-12,0.0
164477,2024-06-05,0.0
164705,2025-05-29,100000.0
164767,2025-06-10,350000.0
164897,2023-11-12,0.0
164904,2025-06-01,800000.0
164930,2020-07-31,0.0
164937,2023-10-18,0.0
164940,2020-06-30,0.0
164942,2018-02-21,0.0
165351,2024-09-26,0.0
165381,2025-06-04,600000.0
165400,2025-03-13,0.0
165544,2025-05-01,175000.0
165711,2025-06-24,75000.0
165784,2025-05-28,300000.0
165793,2025-06-02,15000000.0
166032,2025-06-05,450000.0
166260,2025-06-16,100000.0
166483,2024-12-31,0.0
166591,2025-06-01,1500000.0
166630,2024-06-30,0.0
166656,2025-06-24,100000.0
166658,2025-06-24,150000.0
166674,2024-06-29,0.0
166753,2025-06-16,100000.0
166959,2024-03-06,0.0
167038,2023-11-12,0.0
167149,2025-06-17,700000.0
167298,2017-09-14,0.0
167329,2025-06-04,5000000.0
167342,2025-06-09,900000.0
167393,2025-06-17,400000.0
167799,2025-06-02,20000000.0
167830,2025-04-03,0.0
167850,2025-09-04,9000000.0
167889,2020-09-06,0.0
167921,2017-05-05,0.0
168158,2025-04-03,350000.0
168166,2025-06-11,250000.0
168169,2016-06-30,0.0
168471,2025-06-30,0.0
168749,2018-07-15,0.0
168797,2025-06-22,150000.0
168933,2025-06-09,750000.0
169090,2025-04-03,0.0
169113,2025-06-25,125000.0
169295,2025-06-10,200000.0
169329,2022-10-03,0.0
169416,2025-05-26,800000.0
169533,2024-02-19,0.0
169555,2025-05-26,600000.0
169568,2024-03-06,0.0
169585,2015-06-30,0.0
169627,2024-09-26,0.0
169776,2019-01-14,0.0
169887,2019-01-30,0.0
169902,2018-09-30,0.0
169907,2021-01-28,0.0
169915,2013-09-19,0.0
170016,2024-04-18,0.0
170233,2024-09-26,0.0
170238,2021-08-13,0.0
170243,2025-06-17,150000.0
170265,2012-08-14,0.0
170413,2024-09-26,0.0
170459,2022-06-30,0.0
170460,2024-09-26,0.0
170461,2016-06-30,0.0
170463,2025-05-26,1500000.0
170471,2025-05-28,350000.0
170472,2025-06-08,1500000.0
170485,2024-05-29,0.0
170521,2024-09-26,0.0
170543,2022-07-23,0.0
170545,2020-02-19,0.0
170696,2024-03-06,0.0
170838,2025-06-17,2000000.0
170854,2025-06-04,300000.0
170905,2025-06-18,100000.0
170911,2025-06-02,1000000.0
170926,2024-09-24,0.0
170937,2018-04-20,0.0
170966,2025-05-28,300000.0
170984,2024-09-26,0.0
171078,2025-06-19,200000.0
171234,2024-03-06,0.0
171329,2016-12-14,0.0
171336,2025-01-09,0.0
171362,2025-06-23,600000.0
171374,2025-06-16,175000.0
171382,2025-06-02,200000.0
171390,2023-05-29,0.0
171408,2025-06-01,200000.0
171427,2019-01-30,0.0
171557,2023-03-06,0.0
171676,2025-06-02,450000.0
171721,2025-06-02,600000.0
171793,2023-10-18,0.0
171935,2025-06-02,300000.0
171951,2023-03-06,0.0
172066,2025-06-22,75000.0
172148,2024-09-26,0.0
172163,2025-06-17,600000.0
172285,2023-12-31,0.0
172333,2025-06-04,400000.0
172818,2021-02-02,0.0
172877,2018-06-29,0.0
172880,2018-08-01,0.0
173192,2025-06-16,100000.0
173461,2017-04-19,0.0
173486,2024-02-15,0.0
173493,2014-08-15,0.0
173579,2019-09-26,0.0
173598,2018-04-29,0.0
173656,2025-06-30,0.0
173750,2025-06-01,350000.0
173814,2019-11-10,0.0
173832,2020-09-11,0.0
173997,2014-10-25,0.0
174042,2025-06-11,200000.0
174086,2023-10-26,0.0
174248,2022-10-03,0.0
174302,2016-06-05,0.0
174566,2017-12-31,0.0
174570,2025-06-05,300000.0
174685,2023-07-31,0.0
174735,2019-06-13,0.0
174837,2014-04-19,0.0
174856,2024-06-30,0.0
174859,2025-06-24,50000.0
175011,2016-07-09,0.0
175070,2024-04-21,0.0
175119,2024-10-15,0.0
175172,2025-06-23,225000.0
175183,2020-07-07,0.0
175238,2017-02-27,0.0
175255,2021-06-30,0.0
175323,2025-06-11,225000.0
175378,2018-06-30,0.0
175445,2025-05-25,2000000.0
175448,2025-06-24,50000.0
175709,2025-05-29,100000.0
175719,2019-10-20,0.0
175740,2025-06-17,275000.0
175755,2013-10-10,0.0
175914,2025-06-24,25000.0
175919,2025-06-24,250000.0
175961,2025-09-07,750000.0
175996,2025-06-04,800000.0
176133,2024-09-24,0.0
176244,2018-09-30,0.0
176298,2025-08-03,0.0
176317,2022-01-24,0.0
176613,2025-06-24,50000.0
176643,2024-03-28,0.0
176695,2019-08-27,0.0
176802,2019-12-31,0.0
176986,2025-03-13,0.0
176988,2025-06-19,10000.0
176998,2025-06-19,75000.0
177009,2025-01-12,0.0
177031,2025-06-17,275000.0
177046,2025-05-25,2800000.0
177065,2025-06-24,300000.0
177381,2025-01-08,0.0
177394,2017-05-13,0.0
177779,2025-06-04,2500000.0
177781,2023-10-18,0.0
177821,2025-06-08,250000.0
177847,2025-06-08,1200000.0
177865,2016-09-10,0.0
177907,2025-05-29,13000000.0
178056,2025-06-03,100000.0
178295,2019-03-10,0.0
178322,2025-06-18,750000.0
178329,2017-01-20,0.0
178389,2018-08-22,0.0
178459,2025-06-18,3500000.0
178581,2025-06-26,100000.0
178766,2023-03-06,0.0
178861,2025-05-07,100000.0
178941,2025-04-14,0.0
179020,2020-07-07,0.0
179068,2021-12-31,0.0
179319,2024-09-24,0.0
179341,2025-05-07,75000.0
179369,2024-01-19,0.0
179373,2024-12-31,0.0
179451,2025-06-29,200000.0
179454,2021-01-21,0.0
179634,2025-06-08,450000.0
179757,2025-06-09,300000.0
179844,2019-04-06,0.0
180221,2025-06-24,100000.0
180273,2025-04-03,150000.0
180679,2022-10-03,0.0
181007,2025-06-17,100000.0
181155,2016-12-12,0.0
181382,2025-06-02,3000000.0
181485,2022-10-03,0.0
181579,2025-05-29,8000000.0
181614,2025-06-18,600000.0
181704,2025-05-21,10000.0
181706,2025-05-25,1800000.0
181711,2022-12-31,0.0
181720,2025-05-29,75000.0
181751,2025-06-24,75000.0
181768,2025-06-16,1600000.0
181775,2025-06-02,350000.0
181777,2020-07-07,0.0
181781,2025-05-25,2000000.0
181795,2022-10-03,0.0
181921,2025-06-15,600000.0
181934,2018-02-28,0.0
181985,2025-06-17,700000.0
182181,2025-06-17,350000.0
182296,2025-05-21,10000.0
182422,2013-06-30,0.0
182437,2016-06-30,0.0
182468,2018-06-30,0.0
182535,2016-10-22,0.0
182582,2025-06-12,800000.0
182618,2025-05-22,1000000.0
182710,2025-05-29,300000.0
182712,2025-05-26,15000000.0
182713,2025-06-22,300000.0
182752,2025-06-10,175000.0
182879,2023-10-18,0.0
182912,2025-05-28,325000.0
182915,2023-12-07,0.0
182923,2025-04-03,1500000.0
182932,2025-05-27,3500000.0
182963,2024-09-23,0.0
183018,2020-07-30,0.0
183120,2025-06-11,2000000.0
183291,2025-06-29,200000.0
183299,2025-05-26,1600000.0
183300,2023-10-18,0.0
183302,2025-05-26,1000000.0
183311,2025-06-09,1000000.0
183383,2025-06-11,700000.0
183581,2021-10-07,0.0
183588,2025-09-07,600000.0
183607,2024-12-26,100000.0
183720,2025-05-26,1200000.0
183755,2025-07-20,0.0
183780,2025-06-18,900000.0
183943,2025-05-07,75000.0
183966,2013-01-02,0.0
184109,2025-06-26,200000.0
184145,2022-10-03,0.0
184193,2020-07-30,0.0
184203,2020-01-05,0.0
184249,2024-03-17,0.0
184299,2025-06-26,300000.0
184431,2024-08-21,0.0
184439,2014-10-04,0.0
184575,2025-03-20,0.0
184672,2025-06-01,350000.0
184683,2013-06-30,0.0
184686,2019-10-22,0.0
184747,2023-03-06,0.0
184766,2022-10-03,0.0
184816,2025-06-02,800000.0
184825,2021-08-08,0.0
184890,2017-12-02,0.0
184917,2025-05-28,150000.0
184928,2025-05-29,300000.0
185245,2025-06-03,12000000.0
185247,2025-06-02,0.0
185400,2025-06-08,250000.0
185401,2025-05-29,125000.0
185423,2025-06-10,200000.0
185440,2024-03-18,0.0
185459,2023-10-18,0.0
185467,2025-06-29,150000.0
185468,2015-05-02,0.0
185551,2025-06-24,50000.0
185716,2023-03-06,0.0
185736,2020-11-10,0.0
185763,2013-09-11,0.0
185792,2024-03-06,0.0
185869,2025-06-29,100000.0
185898,2014-01-05,0.0
185905,2021-09-11,0.0
186044,2025-03-31,225000.0
186184,2024-09-26,0.0
186186,2025-05-29,2500000.0
186228,2025-06-08,325000.0
186239,2025-05-22,175000.0
186260,2025-09-11,1200000.0
186361,2022-02-06,0.0
186363,2025-01-31,0.0
186365,2025-06-05,1500000.0
186368,2025-06-16,4500000.0
186374,2025-06-05,2500000.0
186408,2025-06-26,100000.0
186415,2025-05-18,280000.0
186511,2014-06-30,0.0
186578,2017-05-26,0.0
186579,2024-03-31,0.0
186597,2025-06-17,125000.0
186647,2025-06-08,250000.0
186763,2025-06-08,250000.0
186798,2025-06-02,500000.0
186885,2018-12-07,0.0
186886,2021-04-25,0.0
186988,2025-06-18,450000.0
187103,2025-06-17,300000.0
187209,2018-12-24,0.0
187288,2025-06-08,250000.0
187295,2025-06-10,200000.0
187300,2023-03-06,0.0
187345,2025-06-24,0.0
187364,2025-06-02,250000.0
187392,2023-04-18,0.0
187490,2025-06-16,0.0
187494,2020-06-30,0.0
187598,2023-11-12,0.0
187610,2021-06-30,0.0
187860,2025-05-29,50000.0
187872,2019-05-03,0.0
187987,2025-05-27,400000.0
188157,2025-06-01,150000.0
188199,2023-06-30,0.0
188212,2025-06-17,500000.0
188651,2025-06-12,500000.0
188715,2025-06-26,50000.0
188730,2016-12-14,0.0
188889,2025-06-01,3000000.0
188915,2025-05-28,1000000.0
188942,2025-06-24,175000.0
188947,2025-06-25,0.0
189014,2025-06-04,3000000.0
189029,2020-11-02,0.0
189032,2025-05-07,200000.0
189042,2025-06-02,175000.0
189047,2024-06-27,0.0
189066,2018-01-07,0.0
189186,2025-06-24,400000.0
189231,2025-06-02,650000.0
189402,2024-03-05,0.0
189418,2025-06-26,800000.0
189425,2025-06-09,300000.0
189428,2025-05-21,25000.0
189437,2025-03-13,0.0
189456,2025-05-21,400000.0
189461,2020-07-07,0.0
189535,2025-03-13,0.0
189595,2021-04-08,0.0
189751,2025-06-17,125000.0
189882,2023-03-06,0.0
189883,2024-03-06,0.0
189892,2025-01-21,0.0
190189,2025-05-19,275000.0
190314,2025-06-29,225000.0
190373,2022-10-03,0.0
190386,2025-05-25,150000.0
190398,2018-04-04,0.0
190427,2022-12-31,0.0
190543,2025-06-26,250000.0
190553,2022-06-30,0.0
190632,2023-07-20,0.0
190634,2025-06-08,200000.0
190685,2025-04-03,700000.0
190687,2025-06-08,400000.0
190701,2014-11-30,0.0
190716,2024-06-30,0.0
190780,2018-12-16,16000000.0
190831,2025-06-17,1000000.0
190920,2025-03-20,0.0
191255,2022-10-03,0.0
191395,2023-06-26,0.0
191399,2015-06-30,0.0
191529,2025-05-25,250000.0
191634,2017-06-30,0.0
191820,2021-06-30,0.0
191830,2025-06-15,300000.0
191866,2024-03-06,0.0
191887,2015-05-08,0.0
191888,2016-03-31,0.0
191921,2025-05-07,50000.0
191949,2024-07-20,0.0
192043,2023-10-18,0.0
192169,2025-06-04,1500000.0
192191,2025-06-10,150000.0
192239,2025-05-29,325000.0
192279,2025-05-29,10000000.0
192309,2025-04-03,100000.0
192318,2024-02-29,0.0
192364,2025-06-17,175000.0
192399,2023-02-16,0.0
192500,2020-09-24,0.0
192507,2025-05-28,100000.0
192526,2025-05-15,125000.0
192539,2025-05-15,200000.0
192605,2025-06-25,0.0
192613,2025-03-17,0.0
192635,2025-06-04,8000000.0
192652,2025-06-22,100000.0
192695,2019-10-12,0.0
192806,2015-06-30,0.0
192840,2025-06-18,600000.0
192875,2025-05-26,1500000.0
192888,2014-05-29,0.0
192897,2025-06-30,0.0
192985,2025-06-24,300000.0
193012,2025-06-29,200000.0
193032,2025-06-10,300000.0
193051,2024-03-18,0.0
193078,2022-10-03,0.0
193081,2025-06-04,6000000.0
193098,2025-05-29,7000000.0
193358,2025-06-10,225000.0
193477,2022-10-03,0.0
193567,2022-12-31,0.0
193593,2025-05-29,550000.0
193632,2023-09-04,0.0
193768,2025-05-22,200000.0
193777,2023-10-18,0.0
193781,2025-09-11,200000.0
193861,2025-06-16,50000.0
193863,2021-06-30,0.0
193867,2025-06-16,2000000.0
193884,2014-08-10,0.0
193898,2024-09-26,0.0
193931,2022-10-03,0.0
193992,2023-08-12,0.0
194005,2025-05-29,300000.0
194138,2015-03-12,0.0
194149,2019-07-02,0.0
194214,2025-06-11,225000.0
194385,2025-06-02,325000.0
194418,2025-06-02,150000.0
194438,2024-09-24,0.0
194447,2018-06-30,0.0
194533,2025-05-25,150000.0
194638,2025-06-09,900000.0
194977,2020-04-05,0.0
195004,2023-10-31,0.0
195051,2025-06-10,250000.0
195171,2025-05-13,450000.0
195246,2025-06-04,2000000.0
195274,2025-06-17,1200000.0
195456,2025-05-14,50000.0
195488,2025-06-08,2500000.0
195499,2020-11-10,0.0
195503,2024-12-19,100000.0
195611,2025-06-22,125000.0
195628,2025-06-17,200000.0
195762,2025-06-24,200000.0
195908,2022-06-30,0.0
196044,2025-09-04,75000.0
196077,2025-06-04,800000.0
196094,2025-06-30,0.0
196156,2019-07-10,0.0
196226,2025-06-19,200000.0
196340,2020-01-29,0.0
196433,2025-06-23,125000.0
196437,2018-01-07,0.0
196443,2025-05-28,400000.0
196522,2025-06-30,0.0
196540,2013-09-14,0.0
196722,2025-05-29,400000.0
196730,2024-01-23,0.0
196785,2025-06-10,225000.0
196793,2025-06-04,1500000.0
196820,2025-06-22,50000.0
196829,2025-05-27,6000000.0
196900,2025-06-24,75000.0
196914,2020-06-30,0.0
197084,2025-06-05,250000.0
197114,2018-09-14,0.0
197118,2024-09-26,0.0
197122,2025-06-08,800000.0
197128,2025-06-24,100000.0
197149,2023-02-26,0.0
197265,2025-05-01,200000.0
197304,2025-04-03,125000.0
197545,2024-11-10,0.0
197578,2025-06-24,50000.0
197590,2025-06-24,50000.0
197613,2025-06-22,175000.0
197771,2020-02-09,0.0
197790,2018-10-22,0.0
197791,2025-06-29,150000.0
197825,2025-05-19,25000.0
198067,2025-05-28,550000.0
198070,2025-04-03,225000.0
198135,2025-06-25,250000.0
198358,2025-05-26,1800000.0
198369,2024-09-26,0.0
198473,2025-03-17,0.0
198474,2025-05-25,150000.0
198505,2025-03-20,0.0
198529,2025-03-13,0.0
198570,2020-06-28,0.0
198589,2025-05-26,1200000.0
198614,2025-06-16,3500000.0
198635,2022-01-30,0.0
198685,2018-02-01,0.0
198859,2025-06-05,1000000.0
198861,2025-06-17,150000.0
198866,2024-09-26,0.0
199221,2025-06-17,350000.0
199325,2025-06-23,1000000.0
199330,2025-06-24,150000.0
199341,2025-06-23,300000.0
199348,2025-06-15,300000.0
199356,2025-06-01,300000.0
199369,2025-06-08,2500000.0
199377,2025-06-24,200000.0
199383,2025-06-19,50000.0
199384,2017-06-30,0.0
199458,2013-09-18,0.0
199466,2015-01-22,0.0
199471,2016-01-06,0.0
199553,2017-10-18,0.0
199633,2025-06-15,50000.0
199710,2022-07-03,0.0
199722,2025-06-18,275000.0
199938,2025-06-19,75000.0
200042,2024-07-14,0.0
200343,2024-01-31,0.0
200467,2022-07-26,0.0
200511,2017-08-10,0.0
200612,2025-06-24,100000.0
200798,2016-06-30,0.0
201139,2025-03-20,0.0
201274,2014-06-30,0.0
201574,2025-05-26,2200000.0
201586,2025-05-26,250000.0
201731,2025-06-05,75000.0
202228,2025-06-04,3000000.0
202380,2025-06-11,300000.0
202630,2025-06-30,0.0
202676,2014-06-30,0.0
202788,2025-06-16,2000000.0
202883,2025-06-17,250000.0
202907,2023-08-04,0.0
202910,2024-12-31,0.0
202957,2025-06-23,175000.0
203043,2025-06-23,450000.0
203076,2025-06-23,150000.0
203080,2022-10-03,0.0
203123,2025-06-04,2500000.0
203323,2025-04-03,0.0
203330,2025-09-11,500000.0
203342,2024-01-24,0.0
203394,2025-05-29,18000000.0
203460,2025-05-29,28000000.0
203470,2025-07-17,200000.0
203519,2024-12-31,0.0
203524,2022-01-09,0.0
203528,2022-10-03,0.0
203558,2025-06-05,600000.0
203617,2024-07-18,0.0
203618,2025-05-15,1500000.0
203744,2023-06-30,0.0
203764,2025-07-18,0.0
203908,2025-05-28,375000.0
203920,2020-04-05,0.0
203940,2025-06-30,0.0
203942,2024-03-18,0.0
204198,2025-05-27,1800000.0
204278,2018-06-18,0.0
204291,2025-04-03,100000.0
204310,2023-10-18,0.0
204341,2021-08-04,0.0
204549,2016-02-29,0.0
204684,2025-06-29,100000.0
205006,2025-05-27,3000000.0
205041,2025-06-05,500000.0
205120,2023-03-06,0.0
205128,2025-05-27,800000.0
205217,2025-06-05,200000.0
205306,2020-06-13,0.0
205307,2025-06-17,350000.0
205360,2024-03-06,0.0
205398,2023-10-18,0.0
205519,2024-09-26,0.0
205550,2025-06-11,800000.0
205560,2016-06-05,0.0
205651,2023-03-06,0.0
205927,2025-06-17,9000000.0
205929,2025-06-08,400000.0
205961,2025-06-25,275000.0
205981,2018-04-04,0.0
206364,2024-06-30,0.0
206386,2025-05-22,2700000.0
206775,2025-05-18,350000.0
206939,2025-06-08,100000.0
206951,2025-06-30,0.0
207007,2025-03-10,0.0
207014,2025-05-29,7000000.0
207043,2025-06-08,300000.0
207446,2025-06-05,700000.0
207843,2025-06-17,225000.0
207891,2017-02-20,0.0
207924,2025-04-03,125000.0
207929,2025-06-16,2000000.0
207943,2022-12-31,0.0
208158,2020-06-02,0.0
208379,2025-05-29,1000000.0
208505,2025-03-20,0.0
208552,2025-06-11,1500000.0
208599,2018-09-20,0.0
208772,2025-06-16,800000.0
208848,2025-06-17,1800000.0
208881,2021-06-30,0.0
209019,2025-06-12,300000.0
209319,2018-12-07,0.0
209513,2025-05-25,1000000.0
209581,2019-04-04,0.0
209722,2025-06-24,100000.0
209781,2023-11-22,0.0
209848,2017-08-20,0.0
209858,2013-09-26,0.0
209859,2020-01-06,0.0
210113,2025-06-02,150000.0
210146,2025-06-22,100000.0
210153,2025-03-13,0.0
210178,2025-06-16,3500000.0
210202,2020-08-16,0.0
210332,2022-10-03,0.0
210345,2022-07-19,0.0
210348,2025-05-26,1600000.0
210369,2025-06-19,200000.0
210435,2016-07-29,0.0
210520,2023-05-27,0.0
210528,2025-06-17,550000.0
210714,2015-10-04,0.0
210832,2022-10-03,0.0
210995,2024-09-26,0.0
211076,2022-10-03,0.0
211085,2024-12-31,0.0
211092,2023-03-06,0.0
211094,2024-09-26,0.0
211147,2021-12-13,0.0
211230,2023-03-06,0.0
211270,2023-11-12,0.0
211299,2017-12-31,0.0
212199,2025-06-26,100000.0
212229,2025-06-17,850000.0
212236,2015-12-31,0.0
212246,2023-01-31,0.0
212254,2025-06-25,0.0
212325,2025-06-24,225000.0
212372,2025-07-17,0.0
212373,2025-01-19,0.0
212426,2025-06-29,75000.0
212623,2020-12-31,0.0
212717,2020-12-27,0.0
212852,2025-06-24,200000.0
212923,2025-05-28,1500000.0
212935,2023-03-06,0.0
212954,2025-06-26,100000.0
212989,2019-11-30,0.0
213001,2020-01-31,0.0
213160,2021-06-30,0.0
213260,2025-06-08,2000000.0
213268,2025-05-27,1500000.0
213304,2018-08-15,0.0
213351,2025-06-09,200000.0
213398,2025-06-29,175000.0
213402,2020-06-30,0.0
213543,2025-05-21,275000.0
213606,2025-06-05,1500000.0
213618,2016-05-30,0.0
213670,2025-06-08,3000000.0
213672,2023-10-02,0.0
213727,2025-03-13,0.0
213832,2025-06-25,200000.0
213851,2025-04-03,125000.0
213917,2019-05-08,0.0
213925,2020-07-17,0.0
213937,2020-07-17,0.0
213942,2017-02-06,0.0
213943,2015-06-30,0.0
213945,2019-05-08,0.0
214047,2016-06-14,0.0
214100,2025-01-06,0.0
214146,2016-12-14,0.0
214154,2021-11-30,0.0
214326,2022-10-03,0.0
214433,2022-10-03,0.0
214520,2025-03-20,0.0
214527,2024-04-21,0.0
214701,2025-06-05,300000.0
214776,2018-04-28,0.0
214798,2025-05-26,1000000.0
214799,2012-07-01,0.0
214929,2023-03-06,0.0
215089,2025-09-09,0.0
215114,2025-06-11,1500000.0
215118,2025-05-26,1800000.0
215135,2015-06-30,0.0
215354,2025-05-27,50000.0
215455,2017-04-16,0.0
215473,2025-06-04,100000.0
215580,2020-05-16,0.0
216046,2022-10-03,0.0
216118,2024-09-26,0.0
216131,2025-06-26,350000.0
216148,2025-06-17,175000.0
216181,2025-06-18,600000.0
216256,2019-10-27,0.0
216263,2025-06-01,150000.0
216406,2020-06-30,0.0
216424,2025-06-05,125000.0
216464,2025-06-23,1000000.0
216508,2019-09-27,0.0
216533,2025-06-12,200000.0
216598,2025-06-19,150000.0
216606,2017-08-14,0.0
216608,2025-06-17,100000.0
216757,2021-07-22,0.0
217094,2025-06-29,75000.0
217145,2025-06-24,300000.0
217147,2020-06-28,0.0
217154,2025-06-04,250000.0
217168,2021-06-02,0.0
217357,2025-06-17,350000.0
217376,2025-06-17,150000.0
217448,2023-11-12,0.0
217509,2021-04-01,0.0
217517,2015-01-31,0.0
217718,2025-06-10,125000.0
217728,2025-03-13,0.0
217730,2024-06-30,0.0
218087,2025-05-26,750000.0
218144,2025-06-16,200000.0
218233,2025-05-27,300000.0
218306,2025-06-01,500000.0
218352,2024-04-21,0.0
219835,2025-06-05,1200000.0
220491,2025-06-29,225000.0
220521,2025-05-07,50000.0
220766,2021-04-05,0.0
220848,2025-05-28,450000.0
220934,2025-05-18,300000.0
221133,2025-06-24,175000.0
221274,2018-12-20,0.0
221303,2019-06-30,0.0
221309,2025-06-23,500000.0
221310,2025-05-14,10000.0
221313,2022-07-11,0.0
221314,2022-12-31,0.0
221412,2025-04-03,600000.0
221624,2025-06-04,2000000.0
221659,2014-04-16,0.0
221735,2025-05-07,200000.0
221765,2018-02-19,0.0
221805,2025-05-25,2000000.0
221899,2025-06-23,1000000.0
221938,2018-07-01,0.0
221975,2025-06-25,225000.0
221984,2025-06-24,100000.0
222010,2025-05-25,500000.0
222062,2016-01-28,0.0
222409,2025-05-27,50000.0
222433,2017-03-04,0.0
222468,2021-12-31,0.0
222470,2020-06-27,0.0
222557,2022-06-29,0.0
222686,2025-06-11,225000.0
222859,2025-06-02,1200000.0
222892,2017-03-04,0.0
222905,2018-03-19,0.0
223024,2025-06-26,300000.0
223031,2013-08-23,0.0
223062,2024-06-30,0.0
223150,2014-06-30,0.0
223197,2025-06-17,500000.0
223263,2023-10-22,0.0
223267,2024-12-01,150000.0
223367,2025-05-29,20000000.0
223381,2019-06-14,0.0
223449,2024-12-22,0.0
223668,2025-06-23,100000.0
223727,2025-05-28,1000000.0
223896,2025-06-17,600000.0
223904,2018-04-04,0.0
223931,2025-06-17,175000.0
223953,2025-05-28,200000.0
223954,2025-06-05,600000.0
223958,2025-05-29,250000.0
223963,2017-03-07,0.0
223967,2025-06-04,25000000.0
223971,2025-06-16,75000.0
223972,2025-06-15,2500000.0
223974,2025-06-16,8000000.0
223979,2025-06-04,10000000.0
223981,2021-07-01,0.0
224044,2025-06-18,600000.0
224080,2025-06-17,250000.0
224218,2025-05-28,25000.0
224454,2015-06-30,0.0
224457,2025-06-25,150000.0
224462,2015-08-15,0.0
224481,2025-06-26,600000.0
224484,2016-06-30,0.0
224774,2025-06-18,750000.0
224878,2024-04-21,0.0
224955,2022-10-03,0.0
225008,2020-05-05,0.0
225055,2025-06-09,700000.0
225056,2018-04-04,0.0
225122,2025-05-29,11000000.0
225132,2018-11-30,0.0
225149,2019-09-11,0.0
225151,2025-06-05,350000.0
225162,2025-06-08,450000.0
225165,2025-06-05,2000000.0
225342,2025-06-02,500000.0
225392,2019-01-27,0.0
225465,2019-06-30,0.0
225536,2025-04-03,150000.0
225593,2025-06-08,1200000.0
225631,2025-05-14,75000.0
225716,2025-04-03,200000.0
225735,2025-04-03,125000.0
225738,2019-06-30,0.0
225740,2018-09-23,0.0
225742,2025-05-15,50000.0
225836,2025-06-26,150000.0
225984,2025-09-04,12000000.0
226006,2025-06-23,200000.0
226009,2023-04-20,0.0
226049,2025-05-26,3500000.0
226058,2025-06-08,250000.0
226060,2025-05-27,1000000.0
226074,2025-05-27,1000000.0
226093,2025-06-01,550000.0
226100,2025-06-08,250000.0
226169,2025-06-17,375000.0
226219,2025-06-17,200000.0
226235,2025-05-27,300000.0
226259,2014-08-03,0.0
226271,2022-10-03,0.0
226450,2025-09-07,450000.0
226564,2019-11-23,0.0
226628,2025-05-07,100000.0
226739,2025-06-02,550000.0
226812,2025-06-24,200000.0
226820,2025-06-24,50000.0
226912,2023-03-06,0.0
226968,2021-12-31,0.0
227015,2025-06-03,450000.0
227035,2025-06-08,2000000.0
227078,2025-06-10,400000.0
227084,2025-06-04,3000000.0
227102,2025-06-18,5000000.0
227185,2024-12-31,0.0
227511,2025-05-27,350000.0
227604,2025-06-29,400000.0
227624,2022-10-03,0.0
227805,2025-09-07,0.0
227898,2025-05-27,75000.0
227901,2022-12-31,0.0
227909,2025-06-04,200000.0
227974,2025-06-10,450000.0
227987,2017-05-31,0.0
228206,2020-07-07,0.0
228454,2016-05-06,0.0
228483,2018-06-30,0.0
228503,2025-05-07,100000.0
228513,2025-06-17,75000.0
228547,2022-06-30,0.0
228574,2015-03-02,0.0
228584,2025-05-15,50000.0
228949,2023-03-06,0.0
228999,2025-06-16,450000.0
229005,2025-05-27,5000000.0
229006,2025-06-04,12000000.0
229031,2025-01-29,0.0
229189,2013-02-09,0.0
229263,2025-06-25,350000.0
229276,2023-03-06,0.0
229280,2020-05-10,0.0
229640,2025-06-04,2000000.0
229660,2018-05-19,0.0
229733,2020-01-15,0.0
229736,2025-06-05,1800000.0
229804,2025-06-08,3000000.0
229811,2025-06-04,200000.0
230149,2024-03-18,0.0
230221,2023-09-20,0.0
230222,2025-06-23,500000.0
230478,2025-02-17,0.0
230489,2013-06-30,0.0
230745,2024-03-06,0.0
230810,2025-06-18,350000.0
230845,2025-06-16,400000.0
231169,2014-10-03,0.0
231379,2018-08-28,0.0
231587,2024-03-05,0.0
231614,2025-06-05,2500000.0
231621,2014-05-29,0.0
232127,2015-01-20,0.0
232142,2025-06-01,250000.0
232320,2025-06-04,12000000.0
232582,2018-03-19,0.0
232603,2021-09-07,0.0
232668,2015-06-30,0.0
232688,2015-11-22,0.0
232895,2025-06-02,1000000.0
232964,2025-05-26,1000000.0
233072,2025-06-24,100000.0
233100,2025-06-29,100000.0
233167,2025-06-02,150000.0
233420,2025-06-10,350000.0
233782,2025-05-27,4000000.0
233903,2015-06-30,0.0
234049,2024-01-21,0.0
234153,2025-06-16,300000.0
234155,2025-05-18,450000.0
234187,2025-06-08,350000.0
234188,2013-12-31,0.0
234227,2025-05-25,700000.0
234312,2025-09-04,50000.0
234315,2024-08-23,0.0
234381,2023-10-18,0.0
234393,2024-08-08,0.0
234752,2020-03-30,0.0
234764,2025-06-22,100000.0
234881,2020-10-04,0.0
235053,2025-06-25,0.0
235166,2019-06-14,0.0
235247,2025-06-11,400000.0
235275,2025-06-15,2000000.0
235371,2025-06-10,150000.0
235403,2025-06-10,75000.0
235474,2018-07-15,0.0
235486,2016-07-15,0.0
235489,2024-03-06,0.0
235634,2023-03-06,0.0
235716,2022-10-03,0.0
235758,2023-11-12,0.0
235767,2025-06-16,4000000.0
235780,2025-06-16,700000.0
235863,2023-10-31,0.0
235965,2020-04-20,0.0
236045,2025-06-04,8000000.0
236467,2025-06-10,300000.0
236490,2025-05-29,22000000.0
236499,2018-11-04,0.0
236513,2021-06-30,0.0
236658,2021-10-07,0.0
236725,2025-03-20,0.0
236779,2019-05-28,0.0
236886,2025-06-22,200000.0
237051,2025-06-01,1000000.0
237083,2016-07-15,0.0
237086,2025-06-22,100000.0
237193,2025-06-10,175000.0
237226,2025-06-18,2000000.0
237284,2013-06-30,0.0
237291,2024-03-06,0.0
237294,2021-10-21,0.0
237297,2025-06-22,75000.0
237426,2023-06-19,0.0
237445,2019-09-27,0.0
237466,2022-01-20,0.0
237677,2025-06-09,500000.0
237827,2014-08-10,0.0
237843,2025-06-09,200000.0
237903,2023-03-06,0.0
237976,2025-06-24,100000.0
238030,2025-05-28,550000.0
238153,2025-05-21,10000.0
238279,2023-09-26,0.0
238367,2025-05-29,200000.0
238468,2025-06-16,200000.0
238536,2019-07-02,0.0
238584,2025-06-01,150000.0
238627,2025-05-25,150000.0
238630,2025-04-03,350000.0
238635,2025-06-01,100000.0
238639,2025-06-04,2000000.0
238661,2025-06-11,300000.0
238716,2025-06-01,700000.0
238720,2025-06-16,200000.0
238722,2025-06-18,1000000.0
238809,2025-06-17,1500000.0
238868,2025-06-08,1200000.0
238872,2025-06-23,300000.0
239033,2020-06-30,0.0
239046,2025-06-15,700000.0
239117,2016-05-29,0.0
239255,2022-10-03,0.0
239559,2014-06-30,0.0
239593,2025-05-14,75000.0
239810,2025-06-19,25000.0
239831,2023-03-06,0.0
239850,2022-10-03,0.0
239922,2022-06-30,0.0
240012,2025-06-17,250000.0
240039,2025-04-03,75000.0
240094,2025-05-14,10000.0
240195,2018-04-04,0.0
240306,2025-05-29,50000000.0
240578,2025-05-28,650000.0
240752,2025-05-28,175000.0
240778,2025-06-16,250000.0
240832,2023-06-30,0.0
240849,2025-09-04,0.0
240900,2025-06-01,800000.0
240906,2015-06-30,0.0
241076,2025-06-16,1400000.0
241155,2018-11-19,0.0
241229,2025-06-02,1500000.0
241324,2025-06-08,900000.0
241351,2022-10-03,0.0
241354,2024-04-21,0.0
241380,2025-06-24,300000.0
241420,2025-06-15,650000.0
241486,2025-05-27,450000.0
241501,2025-06-15,2000000.0
241546,2025-03-13,0.0
241657,2025-04-03,100000.0
241706,2020-04-26,0.0
241817,2025-06-30,0.0
241973,2025-06-22,75000.0
242018,2025-06-19,100000.0
242089,2025-06-16,3000000.0
242287,2025-06-24,350000.0
242325,2025-04-03,125000.0
242497,2025-05-28,700000.0
242532,2025-05-22,300000.0
242575,2025-06-24,50000.0
242580,2025-06-11,500000.0
242631,2025-05-29,28000000.0
242651,2025-05-27,400000.0
242757,2015-08-09,0.0
242781,2018-07-24,0.0
242801,2014-06-30,0.0
242880,2024-09-26,0.0
242965,2025-02-26,50000.0
243580,2025-05-25,1000000.0
243605,2025-06-10,150000.0
243606,2025-05-28,650000.0
243614,2025-06-23,75000.0
243668,2019-11-02,0.0
244046,2017-04-29,0.0
244125,2025-06-17,175000.0
244147,2020-11-30,0.0
244221,2025-06-11,2200000.0
244256,2025-06-16,500000.0
244294,2016-06-30,0.0
244646,2018-01-07,0.0
244746,2019-11-15,0.0
244945,2025-06-22,75000.0
244970,2025-05-26,200000.0
245315,2025-06-04,400000.0
245420,2020-01-15,0.0
245585,2025-06-17,250000.0
245625,2025-05-29,1000000.0
245893,2025-06-04,2200000.0
246214,2016-06-30,0.0
246241,2025-06-24,200000.0
246277,2024-01-05,0.0
246291,2025-06-08,6000000.0
246309,2025-06-24,125000.0
246335,2025-06-23,1200000.0
246351,2025-06-02,700000.0
246595,2022-10-03,0.0
246877,2025-06-05,125000.0
246895,2024-09-26,0.0
246963,2025-05-26,5500000.0
247198,2024-08-28,0.0
247300,2020-07-07,0.0
247366,2025-06-24,100000.0
247396,2025-06-19,125000.0
247400,2025-06-17,150000.0
247583,2025-06-24,100000.0
247590,2020-06-30,0.0
247595,2025-03-20,0.0
247675,2025-04-03,50000.0
247906,2024-03-06,0.0
247909,2025-06-04,125000.0
248045,2025-05-26,600000.0
248109,2025-05-07,175000.0
248221,2022-10-03,0.0
248274,2018-08-30,0.0
248355,2025-06-17,1100000.0
248374,2014-08-27,0.0
248594,2022-10-03,0.0
248870,2024-06-30,0.0
249097,2022-10-03,0.0
249106,2025-04-29,0.0
249125,2025-05-27,1500000.0
249303,2025-06-11,2500000.0
249356,2025-05-26,2800000.0
249360,2025-05-15,1200000.0
249506,2025-06-24,250000.0
249565,2025-05-29,38000000.0
249568,2025-06-11,600000.0
249794,2025-06-26,100000.0
249873,2025-06-17,400000.0
250009,2025-05-25,200000.0
250112,2025-06-19,150000.0
250178,2025-04-03,125000.0
250316,2023-06-30,0.0
250354,2021-06-30,0.0
250418,2024-03-28,0.0
250450,2025-06-15,900000.0
250464,2025-05-27,750000.0
250471,2020-06-30,0.0
250478,2025-05-29,5000000.0
250533,2022-10-03,0.0
250795,2025-05-27,75000.0
250945,2025-06-22,600000.0
251102,2024-09-26,0.0
251241,2021-06-30,0.0
251302,2025-06-04,3500000.0
251303,2025-06-04,2500000.0
251341,2025-06-22,100000.0
251349,2025-06-23,75000.0
251447,2025-05-29,200000.0
251582,2018-05-11,0.0
251664,2025-05-26,25000000.0
251676,2025-06-05,800000.0
251688,2025-06-09,100000.0
251846,2025-06-24,200000.0
251853,2025-07-20,100000.0
251883,2024-09-24,0.0
251891,2022-10-03,0.0
251897,2025-06-08,1200000.0
251912,2025-05-26,1000000.0
252086,2020-01-05,0.0
252087,2024-01-30,0.0
252617,2025-06-29,125000.0
252656,2025-06-24,25000.0
252683,2025-07-16,0.0
252755,2025-05-01,800000.0
253238,2025-06-24,150000.0
253242,2025-02-17,0.0
253341,2025-05-26,3500000.0
253734,2025-06-03,700000.0
253738,2024-12-15,500000.0
253787,2022-11-30,0.0
254003,2025-06-03,700000.0
254016,2019-06-30,0.0
254037,2025-06-23,800000.0
254285,2025-06-09,1200000.0
254316,2018-09-30,0.0
254472,2025-06-25,75000.0
254771,2022-08-11,0.0
254900,2025-05-27,125000.0
254955,2025-09-03,3000000.0
255294,2025-06-18,1500000.0
255340,2023-10-18,0.0
255473,2025-05-28,2300000.0
255505,2024-03-06,0.0
255508,2025-06-08,15000000.0
255532,2025-06-19,25000.0
255562,2019-05-23,0.0
255570,2025-06-24,150000.0
255653,2025-04-03,0.0
255739,2021-10-27,0.0
255757,2025-06-24,150000.0
255801,2016-02-02,0.0
255901,2025-09-11,20000000.0
255904,2025-06-24,200000.0
255906,2025-06-08,4000000.0
255979,2025-05-14,325000.0
255989,2025-06-25,900000.0
256020,2025-04-03,75000.0
256053,2024-04-21,0.0
256055,2020-06-24,0.0
256096,2015-06-30,0.0
256118,2025-06-18,175000.0
256167,2025-06-05,350000.0
256432,2025-06-17,175000.0
256652,2024-04-07,0.0
256659,2025-06-18,300000.0
256691,2025-06-08,100000.0
256697,2025-05-13,125000.0
256718,2025-05-27,1000000.0
256749,2025-06-24,100000.0
256773,2025-05-26,2000000.0
256777,2023-09-17,0.0
256862,2017-06-30,0.0
256973,2025-06-08,450000.0
257020,2021-10-07,0.0
257056,2021-12-30,0.0
257097,2025-06-17,2500000.0
257247,2025-06-17,100000.0
257410,2021-08-31,0.0
257456,2025-06-02,800000.0
257536,2022-10-03,0.0
257729,2025-06-17,225000.0
257736,2014-04-28,0.0
257791,2025-06-19,25000.0
257802,2015-06-30,0.0
257805,2025-05-26,2500000.0
257814,2025-06-04,40000000.0
257822,2018-08-18,0.0
257970,2015-03-14,0.0
257981,2020-01-19,0.0
257986,2025-05-27,650000.0
258023,2025-06-17,75000.0
258033,2021-06-30,0.0
258039,2025-06-02,5000000.0
258188,2025-04-03,125000.0
258199,2025-08-31,0.0
258215,2025-05-18,200000.0
258290,2025-05-27,400000.0
258346,2020-11-10,0.0
258356,2023-10-18,0.0
258362,2025-05-27,350000.0
258366,2025-05-29,175000.0
258367,2025-06-26,1200000.0
258374,2025-04-03,250000.0
258388,2018-09-30,0.0
258511,2025-06-08,400000.0
126742,2024-03-06,0.0
126768,2019-05-10,0.0
126794,2020-09-19,0.0
126883,2023-10-18,0.0
126923,2018-05-18,0.0
126956,2024-07-09,0.0
126990,2023-03-06,0.0
127032,2025-04-03,1500000.0
127039,2016-06-30,0.0
127040,2023-03-06,0.0
127074,2025-05-28,450000.0
127126,2020-06-27,0.0
127128,2022-06-30,0.0
127129,2024-09-26,0.0
127143,2023-10-18,0.0
127181,2025-06-02,1500000.0
127187,2025-05-29,7000000.0
127192,2025-05-25,75000.0
127194,2025-06-26,150000.0
127202,2025-05-29,7000000.0
127236,2025-05-15,50000.0
127246,2022-12-31,0.0
127394,2025-03-17,0.0
127573,2025-06-04,1800000.0
127591,2022-10-03,0.0
127602,2023-06-28,0.0
127671,2010-10-17,0.0
127679,2025-05-22,500000.0
127794,2025-06-17,200000.0
127802,2016-11-04,0.0
127833,2019-06-13,0.0
127983,2024-08-02,0.0
128038,2020-04-27,0.0
128042,2024-06-30,0.0
128047,2019-02-14,0.0
128053,2022-12-31,0.0
128196,2016-02-27,0.0
128199,2011-03-22,0.0
128220,2025-05-27,7000000.0
128222,2025-06-24,50000.0
128292,2025-06-17,75000.0
128317,2012-06-15,0.0
128450,2017-02-01,0.0
128475,2025-03-13,0.0
128479,2025-06-23,200000.0
128708,2025-06-24,25000.0
128816,2025-06-24,100000.0
128822,2024-12-31,0.0
128823,2023-10-31,0.0
128856,2024-09-26,0.0
128895,2025-05-26,300000.0
128902,2025-07-14,0.0
128912,2025-07-10,0.0
128934,2017-09-23,0.0
128969,2025-06-02,2500000.0
129030,2021-06-30,0.0
129053,2022-10-03,0.0
129062,2025-04-03,400000.0
129063,2018-03-17,0.0
129119,2025-06-26,200000.0
129129,2025-05-26,1800000.0
129149,2025-04-03,50000.0
129347,2014-01-31,0.0
129418,2025-06-24,100000.0
129476,2025-04-03,800000.0
129503,2017-06-26,0.0
129515,2025-06-30,0.0
129543,2025-06-08,75000.0
129551,2023-06-30,0.0
129555,2020-11-30,0.0
129558,2025-06-29,75000.0
129586,2025-06-11,3000000.0
129592,2025-05-27,6000000.0
129674,2025-06-01,2400000.0
129679,2025-05-15,200000.0
129688,2025-05-28,250000.0
129693,2025-05-28,400000.0
129696,2025-05-28,325000.0
129727,2025-06-25,275000.0
129965,2021-06-30,0.0
129991,2025-06-02,300000.0
130257,2022-06-30,0.0
130418,2025-04-23,700000.0
130437,2025-03-06,0.0
130553,2018-03-01,0.0
130642,2022-06-30,0.0
130669,2017-05-30,0.0
130925,2020-07-07,0.0
131074,2025-05-25,700000.0
131084,2025-05-15,175000.0
131099,2025-06-19,250000.0
131101,2025-05-25,800000.0
131171,2025-05-07,175000.0
131217,2025-03-13,0.0
131219,2025-06-01,375000.0
131323,2025-06-01,700000.0
131333,2025-05-07,125000.0
131351,2024-03-06,0.0
131357,2025-05-29,75000.0
131359,2025-06-24,100000.0
131467,2020-06-28,0.0
131504,2025-06-25,125000.0
131573,2012-12-31,0.0
131574,2025-06-30,0.0
131635,2020-07-31,0.0
131666,2018-02-16,0.0
131715,2018-06-30,0.0
131727,2020-06-24,0.0
131731,2025-06-17,550000.0
131787,2019-12-12,0.0
131890,2024-06-10,0.0
131895,2021-01-31,0.0
131918,2022-10-03,0.0
131933,2025-04-03,400000.0
132052,2017-03-14,0.0
132056,2017-07-12,0.0
132065,2025-01-31,0.0
132207,2025-06-16,300000.0
132239,2023-03-06,0.0
132460,2024-08-31,0.0
132652,2013-06-30,0.0
133040,2025-01-08,0.0
133179,2025-06-16,5000000.0
133630,2022-10-03,0.0
133789,2022-10-03,0.0
133911,2025-05-21,10000.0
133915,2023-10-18,0.0
134037,2013-06-30,0.0
134258,2011-09-05,0.0
134294,2025-05-29,6000000.0
134350,2019-09-27,0.0
134416,2023-10-18,0.0
134422,2024-06-30,0.0
134424,2025-06-17,250000.0
134433,2018-02-17,0.0
134539,2014-06-30,0.0
134602,2025-05-29,100000.0
134660,2014-12-31,0.0
134852,2011-09-05,0.0
134999,2025-05-27,350000.0
135043,2024-09-26,0.0
135213,2025-01-29,0.0
135215,2024-09-01,0.0
135471,2025-06-09,150000.0
135750,2025-05-20,100000.0
135853,2025-06-01,1000000.0
135858,2024-09-24,0.0
136167,2022-10-03,0.0
136185,2025-09-07,450000.0
136212,2025-06-24,100000.0
136308,2025-06-22,100000.0
136368,2022-10-03,0.0
136401,2025-05-29,1500000.0
136499,2025-04-07,0.0
136501,2025-06-29,125000.0
136544,2020-04-05,0.0
136580,2025-06-17,100000.0
136581,2022-10-03,0.0
136610,2025-06-24,125000.0
136747,2024-02-10,0.0
136908,2011-01-04,0.0
137149,2025-05-26,150000.0
137181,2016-12-31,0.0
137370,2025-06-30,0.0
137676,2016-08-18,0.0
137693,2016-04-30,0.0
137724,2011-06-02,0.0
137970,2025-05-25,100000.0
138052,2019-06-20,0.0
138074,2017-07-18,0.0
138141,2025-05-29,275000.0
138144,2025-06-24,25000.0
138267,2025-08-10,0.0
138350,2025-06-05,100000.0
138387,2025-06-15,300000.0
138426,2025-06-17,100000.0
138446,2024-04-21,0.0
138666,2025-06-24,150000.0
138741,2025-06-01,300000.0
138758,2024-09-26,0.0
138803,2025-06-23,300000.0
138805,2023-03-06,0.0
138900,2020-02-16,0.0
139056,2018-03-14,0.0
139173,2024-02-15,0.0
139239,2016-05-21,0.0
139279,2025-06-02,400000.0
139336,2025-05-29,1000000.0
139395,2025-05-29,1500000.0
139433,2023-03-06,0.0
139440,2025-05-12,25000.0
139535,2024-10-26,0.0
139667,2025-06-25,275000.0
139859,2025-06-24,25000.0
139863,2018-12-08,0.0
139895,2024-06-30,0.0
139925,2019-07-02,0.0
139929,2025-05-15,50000.0
139957,2023-03-06,0.0
140026,2025-06-30,0.0
140479,2015-12-31,0.0
140523,2018-01-07,0.0
140544,2016-01-31,0.0
140553,2023-10-31,0.0
140604,2018-03-06,0.0
140682,2022-11-22,0.0
140712,2025-06-10,200000.0
140715,2015-09-04,0.0
140732,2012-06-11,0.0
140786,2025-04-23,200000.0
140985,2012-01-23,0.0
141217,2025-06-04,200000.0
141222,2018-01-16,0.0
141229,2024-06-30,0.0
141350,2025-05-26,500000.0
141482,2018-10-22,0.0
141650,2023-03-06,0.0
141657,2017-12-31,0.0
141704,2025-04-03,150000.0
141762,2023-11-12,0.0
141828,2024-09-23,0.0
141831,2023-03-06,0.0
141871,2021-09-28,0.0
142009,2025-01-31,0.0
142019,2025-06-24,200000.0
142023,2025-05-29,300000.0
142027,2025-06-24,150000.0
142033,2025-06-01,400000.0
142122,2015-08-11,0.0
142176,2025-04-03,50000.0
142310,2025-05-29,1500000.0
142545,2020-06-27,0.0
142601,2015-08-20,0.0
142728,2024-02-02,0.0
142976,2022-12-31,0.0
143039,2025-06-09,200000.0
143046,2013-06-22,0.0
143151,2025-04-03,0.0
143223,2020-02-08,0.0
143346,2022-10-03,0.0
143504,2013-03-17,0.0
143539,2025-05-27,100000.0
143818,2019-12-31,0.0
143855,2018-10-22,0.0
143891,2025-06-04,800000.0
143953,2022-04-06,0.0
144226,2025-03-17,0.0
144400,2015-01-28,0.0
144488,2015-07-26,0.0
144544,2015-08-30,0.0
144585,2025-05-29,250000.0
144782,2025-06-16,75000.0
144788,2023-10-31,0.0
144872,2025-05-21,10000.0
144892,2017-12-31,0.0
144927,2023-03-06,0.0
144932,2014-06-30,0.0
144958,2018-07-29,0.0
145249,2025-03-23,0.0
145466,2025-06-04,300000.0
145692,2025-04-03,0.0
145707,2025-09-04,3000000.0
145710,2011-09-10,0.0
145814,2018-01-07,0.0
145988,2025-06-04,5000000.0
146016,2020-07-07,0.0
146099,2025-06-24,200000.0
146164,2025-05-28,1200000.0
146310,2025-05-29,8000000.0
146373,2025-05-25,250000.0
146488,2019-09-27,0.0
146587,2022-08-06,0.0
146660,2025-06-18,175000.0
146690,2024-09-25,2000000.0
146705,2020-07-07,0.0
146710,2025-05-22,300000.0
146712,2025-06-05,300000.0
146714,2025-06-16,500000.0
146726,2022-10-03,0.0
146774,2025-06-25,275000.0
146854,2025-05-15,2000000.0
146911,2018-04-28,0.0
146929,2025-05-14,75000.0
147009,2023-03-06,0.0
147037,2025-08-27,0.0
147038,2025-03-20,0.0
147040,2025-03-13,0.0
147051,2025-06-01,3000000.0
147052,2025-07-07,0.0
147053,2025-06-30,0.0
147099,2025-06-16,100000.0
147151,2017-06-30,0.0
147210,2023-09-14,0.0
147216,2025-06-10,225000.0
147232,2025-06-24,100000.0
147279,2025-06-09,25000.0
147377,2015-05-31,0.0
147410,2025-06-05,250000.0
147425,2018-03-04,0.0
147432,2025-05-27,75000.0
147457,2023-03-06,0.0
147462,2025-05-22,800000.0
147483,2024-06-30,0.0
147490,2021-10-07,0.0
147496,2025-05-21,75000.0
147518,2024-09-24,0.0
147532,2022-12-31,0.0
147538,2025-06-24,100000.0
147621,2020-05-03,0.0
148046,2013-07-14,0.0
148091,2025-09-04,25000.0
148096,2025-06-10,350000.0
148299,2025-05-26,450000.0
148656,2023-12-31,0.0
148659,2013-12-05,0.0
148683,2023-10-18,0.0
148705,2025-06-16,75000.0
148785,2023-03-06,0.0
148916,2025-06-04,75000.0
148919,2018-09-03,0.0
148928,2025-06-08,3000000.0
149070,2015-02-01,0.0
149156,2018-07-12,0.0
149435,2025-06-01,75000.0
149446,2025-05-15,350000.0
149483,2025-06-24,150000.0
149490,2025-05-21,50000.0
149498,2025-06-17,1000000.0
149518,2025-06-01,200000.0
149602,2016-06-29,0.0
149625,2012-12-31,0.0
149632,2023-10-18,0.0
149653,2017-06-30,0.0
149721,2025-06-22,75000.0
149729,2025-06-17,2100000.0
149770,2025-06-01,125000.0
149978,2014-06-30,0.0
150204,2018-12-31,0.0
150374,2011-01-21,0.0
150479,2025-02-09,0.0
150520,2025-01-31,0.0
150528,2013-06-30,0.0
150597,2016-07-15,0.0
151084,2018-01-23,0.0
151090,2020-06-30,0.0
151216,2023-06-30,0.0
151334,2025-05-26,300000.0
151426,2024-10-19,0.0
151496,2016-08-30,0.0
151540,2022-10-03,0.0
151583,2025-06-18,750000.0
151678,2025-06-04,500000.0
152014,2018-11-30,0.0
152044,2023-06-26,0.0
152253,2025-06-02,275000.0
152317,2024-06-30,0.0
152483,2021-05-12,0.0
152733,2025-06-17,850000.0
152805,2014-08-31,0.0
152858,2016-06-30,0.0
153065,2024-04-21,0.0
153078,2025-05-22,200000.0
153200,2017-06-30,0.0
153207,2025-05-14,200000.0
153238,2025-05-13,600000.0
153540,2020-08-25,0.0
153555,2025-06-23,250000.0
153582,2025-05-27,1500000.0
153664,2024-12-12,2500000.0
153680,2025-04-03,50000.0
153690,2024-03-06,0.0
153703,2018-09-28,0.0
153861,2016-06-30,0.0
153905,2024-10-14,0.0
154174,2025-05-14,75000.0
154209,2025-04-03,75000.0
154274,2022-10-03,0.0
154285,2012-05-29,0.0
154300,2015-12-14,0.0
154414,2023-06-30,0.0
154645,2015-12-17,0.0
154901,2018-01-03,0.0
155020,2020-03-30,0.0
155025,2025-05-28,3000000.0
155041,2025-03-13,0.0
155351,2020-07-07,0.0
155373,2025-06-25,100000.0
155374,2025-06-22,175000.0
155737,2012-06-22,0.0
155804,2018-11-30,0.0
155972,2022-10-03,0.0
156007,2023-03-06,0.0
156489,2015-06-30,0.0
156501,2024-06-30,0.0
156553,2025-06-24,75000.0
156578,2020-07-31,0.0
156672,2013-04-20,0.0
156710,2025-05-29,300000.0
156715,2025-06-18,300000.0
156769,2018-06-30,0.0
156775,2025-05-29,150000.0
156799,2022-10-03,0.0
156848,2025-04-03,0.0
156886,2025-05-26,300000.0
156893,2023-07-25,0.0
156939,2025-06-29,175000.0
156969,2014-09-13,0.0
157009,2016-09-29,0.0
157178,2025-06-17,100000.0
157232,2013-02-07,0.0
157234,2019-01-04,0.0
157249,2025-06-19,50000.0
157390,2025-05-29,75000.0
157485,2025-05-25,200000.0
157490,2024-10-15,250000.0
157501,2025-06-01,1000000.0
157626,2024-06-30,0.0
157675,2019-06-30,0.0
157993,2025-06-24,75000.0
158063,2023-03-06,0.0
158068,2022-01-31,0.0
158071,2024-10-12,0.0
158104,2025-06-25,175000.0
158106,2025-05-22,500000.0
158123,2024-02-17,0.0
158159,2023-06-30,0.0
158333,2025-06-19,450000.0
158342,2024-03-06,0.0
158375,2025-06-23,50000.0
158397,2023-06-26,0.0
158401,2017-02-13,0.0
158494,2018-01-24,0.0
158534,2025-06-15,250000.0
158703,2023-10-18,0.0
158710,2018-09-30,0.0
158712,2015-03-10,0.0
158718,2025-06-29,100000.0
158792,2025-06-24,100000.0
158805,2025-06-10,250000.0
158816,2025-06-16,250000.0
158873,2025-06-04,100000.0
158938,2024-09-26,0.0
159001,2023-03-06,0.0
159029,2023-03-06,0.0
159058,2020-09-05,0.0
159095,2024-06-30,0.0
159142,2025-05-29,100000.0
159158,2023-06-30,0.0
159212,2019-12-31,0.0
159239,2025-06-18,550000.0
159571,2019-07-14,0.0
159622,2025-04-03,100000.0
159663,2023-12-31,0.0
159705,2024-03-06,0.0
159844,2025-06-04,500000.0
159894,2025-05-27,200000.0
159904,2023-10-22,0.0
160137,2025-05-26,300000.0
160217,2025-06-29,500000.0
160354,2017-10-27,0.0
160453,2021-10-04,0.0
160482,2025-05-28,2300000.0
160484,2025-06-03,100000.0
160525,2025-06-29,75000.0
160567,2022-02-16,0.0
160668,2025-06-01,1000000.0
160740,2025-06-02,300000.0
160920,2021-09-28,0.0
160943,2025-05-29,250000.0
160963,2025-06-04,4000000.0
160971,2025-06-04,400000.0
161095,2020-05-24,0.0
161282,2025-05-20,50000.0
161327,2025-05-14,175000.0
161353,2024-12-31,0.0
161438,2025-01-27,0.0
161598,2025-06-10,50000.0
161617,2025-06-15,50000.0
161658,2025-04-23,450000.0
161942,2025-06-23,100000.0
162036,2025-06-24,200000.0
162042,2025-02-25,0.0
162043,2025-07-07,0.0
162569,2025-06-04,2000000.0
162653,2020-06-30,0.0
162672,2023-10-18,0.0
162817,2024-08-14,0.0
162947,2025-04-03,200000.0
162951,2025-06-18,200000.0
163342,2013-10-27,0.0
163535,2025-08-31,0.0
163604,2025-06-22,75000.0
163665,2024-07-31,0.0
163710,2023-10-31,0.0
163715,2016-03-25,0.0
163744,2025-05-29,1500000.0
163921,2023-10-06,0.0
164013,2025-06-05,300000.0
164015,2025-06-26,550000.0
164055,2025-06-24,200000.0
164165,2025-06-25,0.0
164230,2024-03-06,0.0
164243,2025-06-25,325000.0
164245,2025-04-03,150000.0
164249,2016-12-31,0.0
164257,2022-01-31,0.0
164277,2025-05-28,400000.0
164285,2025-01-31,0.0
164437,2019-11-10,0.0
164770,2024-09-24,0.0
164771,2025-06-02,4000000.0
164816,2023-11-12,0.0
164912,2025-06-24,200000.0
165402,2023-10-18,0.0
165408,2018-06-29,0.0
165511,2020-01-05,0.0
165513,2025-06-16,6000000.0
165794,2025-04-03,250000.0
165859,2024-02-19,0.0
166278,2025-06-10,125000.0
166460,2025-05-01,350000.0
166601,2025-06-04,8000000.0
166622,2018-02-23,0.0
166639,2018-09-30,0.0
166679,2025-06-09,300000.0
166683,2025-06-08,1200000.0
167101,2013-06-30,0.0
167102,2020-11-10,0.0
167146,2018-04-04,0.0
167189,2025-06-09,100000.0
167191,2015-12-17,0.0
167254,2025-06-17,275000.0
167287,2025-05-14,125000.0
167317,2020-06-30,0.0
167466,2023-03-06,0.0
167501,2017-04-19,0.0
168161,2025-06-24,75000.0
168163,2025-06-17,150000.0
168530,2025-05-28,600000.0
168543,2025-06-18,300000.0
168674,2019-06-30,0.0
168678,2025-06-04,700000.0
168679,2023-03-06,0.0
168787,2025-06-08,100000.0
168856,2025-05-27,50000.0
168899,2018-06-13,0.0
168962,2025-06-03,150000.0
169029,2022-10-03,0.0
169249,2024-09-30,0.0
169275,2025-05-25,50000.0
169320,2025-06-19,25000.0
169566,2021-09-28,0.0
169599,2016-12-18,0.0
169772,2022-10-03,0.0
169773,2012-09-04,0.0
169774,2024-09-26,0.0
169801,2025-05-26,500000.0
169802,2024-03-18,0.0
169850,2025-02-10,0.0
169885,2018-08-06,0.0
170093,2022-10-03,0.0
170240,2021-01-31,0.0
170249,2022-08-11,0.0
170344,2025-06-09,200000.0
170350,2015-08-18,0.0
170448,2019-08-24,0.0
170477,2025-06-01,400000.0
170487,2023-10-18,0.0
170495,2025-04-03,200000.0
170498,2025-04-03,50000.0
170516,2025-06-23,10000.0
170517,2025-06-10,175000.0
170527,2025-05-29,7000000.0
170549,2025-05-25,200000.0
170556,2025-06-29,150000.0
170647,2019-01-29,0.0
170673,2022-10-03,0.0
170747,2016-07-15,0.0
170889,2024-03-06,0.0
170908,2018-03-30,0.0
170929,2025-06-02,1500000.0
170934,2025-06-17,7500000.0
170953,2025-06-17,475000.0
170980,2022-10-03,0.0
171065,2017-08-19,0.0
171147,2024-12-19,100000.0
171170,2025-04-03,125000.0
171209,2025-06-18,800000.0
171332,2019-03-04,0.0
171402,2025-06-24,50000.0
171419,2025-04-03,100000.0
171422,2025-06-01,50000.0
171593,2025-06-01,300000.0
171979,2025-05-27,100000.0
172015,2025-06-08,800000.0
172054,2025-05-11,0.0
172130,2018-09-30,0.0
172488,2015-06-30,0.0
172824,2020-12-20,0.0
172864,2022-12-31,0.0
172989,2023-09-18,0.0
173274,2021-10-07,0.0
173487,2023-11-12,0.0
173489,2025-06-04,1000000.0
173492,2024-12-31,0.0
173556,2025-06-24,25000.0
173900,2025-06-18,400000.0
174304,2023-06-30,0.0
174587,2022-01-17,0.0
174694,2025-05-29,2000000.0
174724,2025-04-03,75000.0
174729,2022-10-03,0.0
174822,2023-03-06,0.0
174847,2025-06-24,25000.0
174861,2022-10-03,0.0
174915,2025-06-11,500000.0
175014,2025-06-02,1700000.0
175184,2018-03-17,0.0
175185,2016-02-29,0.0
175208,2024-12-31,0.0
175230,2021-06-30,0.0
175256,2023-10-31,0.0
175377,2020-07-07,0.0
175380,2019-12-06,0.0
175451,2024-07-31,0.0
175593,2025-06-16,75000.0
175682,2025-06-24,25000.0
175718,2025-05-01,100000.0
175797,2015-06-30,0.0
175896,2023-01-10,0.0
175921,2025-06-24,50000.0
176027,2014-08-09,0.0
176115,2023-07-11,0.0
176241,2025-06-24,50000.0
176249,2025-06-30,0.0
176265,2025-06-19,150000.0
176278,2025-05-21,25000.0
176285,2022-10-06,0.0
176341,2025-06-19,200000.0
176423,2025-06-05,500000.0
176425,2025-06-24,25000.0
176442,2024-09-26,0.0
176480,2021-03-29,0.0
176538,2024-09-26,0.0
176572,2019-09-26,0.0
176591,2021-06-30,0.0
176610,2024-09-24,0.0
176936,2025-05-22,400000.0
176961,2025-06-24,50000.0
176962,2022-05-30,0.0
176994,2016-01-28,0.0
177027,2015-04-17,0.0
177131,2025-05-28,325000.0
177184,2023-10-18,0.0
177245,2014-06-30,0.0
177321,2023-03-06,0.0
177395,2023-06-30,0.0
177533,2018-11-30,0.0
177681,2025-03-13,0.0
177845,2025-06-26,250000.0
177864,2025-04-23,200000.0
177913,2019-05-24,0.0
178020,2025-06-09,100000.0
178226,2024-12-31,0.0
178277,2025-06-09,100000.0
178282,2024-03-06,0.0
178294,2019-11-23,0.0
178313,2025-06-02,2000000.0
178614,2025-09-08,200000.0
178781,2025-04-03,50000.0
178841,2024-04-21,0.0
178939,2023-10-18,0.0
178940,2025-06-26,150000.0
178942,2025-06-22,200000.0
179184,2025-06-04,4000000.0
179281,2025-06-25,0.0
179308,2025-06-04,800000.0
179408,2023-10-18,0.0
179643,2025-05-22,500000.0
179758,2018-07-31,0.0
179791,2025-04-03,150000.0
179894,2025-06-08,350000.0
179895,2025-06-08,300000.0
179896,2025-06-05,650000.0
179898,2025-04-03,0.0
180061,2025-06-17,100000.0
180064,2025-06-17,300000.0
180137,2025-06-17,300000.0
180181,2024-08-01,0.0
180204,2023-12-12,0.0
180215,2025-06-05,700000.0
180271,2023-10-31,0.0
180354,2022-12-31,0.0
180442,2025-06-09,75000.0
180530,2017-03-21,0.0
180534,2022-10-03,0.0
180825,2024-02-19,0.0
180843,2025-04-03,200000.0
180889,2024-10-15,0.0
180981,2019-01-07,0.0
181112,2025-06-05,500000.0
181113,2025-05-13,600000.0
181170,2017-07-31,0.0
181376,2024-03-06,0.0
181454,2023-01-12,0.0
181469,2023-12-31,0.0
181493,2017-11-18,0.0
181518,2025-06-25,75000.0
181547,2025-06-05,1000000.0
181548,2016-03-13,0.0
181554,2025-04-03,150000.0
181662,2023-03-06,0.0
181714,2025-06-16,200000.0
181715,2025-04-03,75000.0
181767,2025-06-02,35000000.0
181780,2025-05-25,3500000.0
181783,2025-06-17,800000.0
181842,2011-08-07,0.0
181868,2022-10-03,0.0
182029,2019-09-15,0.0
182036,2020-05-10,0.0
182108,2025-05-29,1000000.0
182154,2013-12-31,0.0
182312,2022-10-03,0.0
182381,2024-02-28,0.0
182554,2024-03-06,0.0
182579,2025-05-28,1500000.0
182581,2025-06-17,1300000.0
182584,2025-06-30,0.0
182660,2025-05-07,175000.0
182722,2025-05-29,2500000.0
182813,2023-10-18,0.0
182820,2022-10-03,0.0
182823,2025-05-25,250000.0
182858,2025-09-01,50000.0
182875,2025-06-02,3500000.0
182877,2025-05-22,7500000.0
182894,2025-06-09,2000000.0
182899,2025-03-17,0.0
182913,2025-06-02,25000000.0
182936,2025-05-29,100000.0
182956,2022-12-31,0.0
183118,2024-02-01,0.0
183143,2025-06-17,175000.0
183152,2025-06-09,150000.0
183161,2021-08-15,0.0
183233,2025-06-24,125000.0
183284,2024-09-26,0.0
183288,2025-05-29,12000000.0
183295,2023-10-18,0.0
183296,2016-11-16,0.0
183298,2025-06-29,175000.0
183309,2025-06-09,200000.0
183314,2020-12-27,0.0
183337,2025-06-04,100000.0
183397,2025-06-08,150000.0
183436,2025-05-28,750000.0
183718,2025-06-17,100000.0
183750,2014-11-30,0.0
183893,2017-09-29,0.0
183969,2025-06-18,350000.0
184129,2025-05-26,600000.0
184243,2025-01-12,0.0
184251,2024-09-26,0.0
184381,2022-06-30,0.0
184398,2025-06-16,70000.0
184440,2025-06-17,500000.0
184528,2025-05-29,2000000.0
184565,2022-04-07,0.0
184567,2024-04-21,0.0
184573,2025-05-29,8000000.0
184767,2025-06-23,200000.0
184874,2025-07-11,0.0
184894,2025-06-16,1400000.0
184961,2018-09-14,0.0
185175,2025-05-28,450000.0
185342,2025-06-16,700000.0
185469,2024-09-26,0.0
185593,2025-06-09,2000000.0
185620,2015-12-31,0.0
185623,2025-03-20,0.0
185630,2025-04-03,125000.0
185699,2025-06-04,600000.0
185743,2025-07-14,0.0
185783,2015-09-15,0.0
185817,2025-05-27,1300000.0
185920,2016-06-30,0.0
186172,2025-04-03,450000.0
186176,2023-10-26,0.0
186187,2016-06-30,0.0
186205,2022-10-03,0.0
186207,2018-01-14,0.0
186226,2023-06-28,0.0
186277,2025-07-23,0.0
186282,2025-06-30,0.0
186290,2022-10-03,0.0
186311,2025-04-03,0.0
186477,2025-06-18,500000.0
186536,2018-07-09,0.0
186590,2025-05-29,25000000.0
186592,2025-05-07,250000.0
186648,2015-03-12,0.0
186704,2025-05-27,800000.0
186813,2025-06-19,25000.0
186927,2025-05-26,1000000.0
187088,2016-08-01,0.0
187098,2024-06-29,0.0
187105,2025-05-27,1000000.0
187191,2025-06-03,300000.0
187203,2025-06-10,50000.0
187283,2024-06-30,0.0
187290,2025-06-09,350000.0
187293,2025-04-23,250000.0
187296,2024-07-31,0.0
187298,2025-06-08,250000.0
187312,2024-06-30,0.0
187320,2025-06-16,125000.0
187353,2025-06-11,500000.0
187370,2024-11-22,0.0
187492,2025-06-04,25000000.0
187496,2025-06-10,350000.0
187530,2025-06-05,1200000.0
187587,2025-06-16,1000000.0
187594,2023-06-30,0.0
187711,2024-03-06,0.0
187759,2024-09-26,0.0
187765,2013-06-30,0.0
187789,2022-12-31,0.0
187809,2025-05-27,550000.0
187908,2025-05-15,200000.0
188256,2025-06-17,175000.0
188516,2022-10-03,0.0
188618,2020-03-16,0.0
188690,2014-06-30,0.0
188693,2015-01-11,0.0
188841,2023-03-06,0.0
188905,2023-06-06,0.0
188959,2025-06-26,150000.0
189018,2025-05-07,300000.0
189019,2025-06-04,1200000.0
189070,2025-06-02,600000.0
189189,2020-11-10,0.0
189235,2023-06-30,0.0
189411,2024-03-06,0.0
189413,2023-03-06,0.0
189439,2025-05-22,300000.0
189441,2025-05-25,6000000.0
189445,2023-03-06,0.0
189453,2025-05-28,550000.0
189482,2024-08-31,0.0
189485,2025-05-27,2500000.0
189533,2022-10-03,0.0
189863,2016-06-30,0.0
189876,2025-06-04,3500000.0
189895,2025-06-04,1500000.0
189898,2017-08-14,0.0
189899,2020-03-26,0.0
189912,2025-06-05,350000.0
189940,2024-09-26,0.0
190146,2024-07-10,0.0
190222,2025-06-17,800000.0
190280,2025-06-02,600000.0
190699,2025-06-30,0.0
190705,2025-04-03,0.0
190821,2018-04-27,0.0
190900,2020-06-16,0.0
190915,2025-04-03,50000.0
191217,2025-06-08,2000000.0
191222,2018-11-20,0.0
191424,2022-06-30,0.0
191461,2022-06-12,0.0
191614,2025-06-17,10000000.0
191720,2019-05-10,0.0
191754,2022-01-27,0.0
191823,2024-02-05,0.0
191834,2024-01-13,0.0
191836,2018-06-30,0.0
191885,2017-06-02,0.0
191987,2025-04-03,500000.0
192009,2025-06-08,2500000.0
192080,2025-05-29,8000000.0
192266,2025-06-10,450000.0
192492,2025-06-02,1500000.0
192616,2025-06-02,5000000.0
192622,2023-10-18,0.0
192647,2024-09-26,0.0
192660,2025-06-23,75000.0
192676,2025-06-09,50000.0
192701,2025-06-23,350000.0
192886,2022-10-03,0.0
192965,2018-05-05,0.0
193004,2025-06-04,18000000.0
193026,2024-06-30,0.0
193033,2025-06-04,17000000.0
193050,2025-06-10,200000.0
193071,2018-01-02,0.0
193079,2025-06-16,400000.0
193116,2025-05-29,16000000.0
193142,2025-05-25,200000.0
193478,2020-07-07,0.0
193515,2020-07-07,0.0
193590,2023-12-19,0.0
193597,2015-03-02,0.0
193830,2025-06-12,2700000.0
193881,2025-06-16,350000.0
193883,2025-06-19,350000.0
193900,2025-06-04,3000000.0
193996,2019-04-11,0.0
194067,2025-06-24,50000.0
194141,2019-07-02,0.0
194330,2025-06-22,100000.0
194433,2025-05-27,450000.0
194441,2016-01-31,0.0
194448,2018-06-30,0.0
194453,2019-07-15,0.0
194460,2025-05-26,800000.0
194461,2024-09-26,0.0
194507,2024-06-30,0.0
194603,2025-09-05,0.0
194641,2025-09-07,75000.0
194736,2025-06-05,800000.0
194857,2019-09-03,0.0
195251,2025-05-07,250000.0
195290,2021-05-24,0.0
195514,2021-01-06,0.0
195546,2025-05-27,200000.0
195637,2025-06-17,250000.0
195652,2023-10-18,0.0
195720,2025-06-10,50000.0
195736,2025-06-08,2000000.0
195781,2025-06-10,325000.0
195782,2025-06-18,400000.0
195809,2025-06-09,150000.0
195854,2025-04-03,75000.0
195882,2025-06-05,1500000.0
195911,2025-06-05,350000.0
195936,2025-06-09,100000.0
195954,2025-04-03,0.0
196040,2023-10-31,0.0
196050,2025-06-10,300000.0
196139,2025-06-18,3000000.0
196158,2025-06-08,75000.0
196394,2025-06-22,175000.0
196813,2025-06-04,4500000.0
196832,2023-10-18,0.0
196834,2025-06-18,500000.0
197078,2025-05-27,250000.0
197098,2018-12-07,0.0
197110,2014-06-30,0.0
197130,2023-03-06,0.0
197132,2025-06-24,100000.0
197154,2024-07-28,0.0
197532,2013-06-24,0.0
197539,2023-06-30,0.0
197555,2020-09-09,0.0
197576,2025-06-23,400000.0
197581,2025-06-24,100000.0
197604,2025-05-28,100000.0
197622,2025-06-22,450000.0
197642,2025-06-02,7000000.0
197693,2025-05-26,2800000.0
197838,2025-05-29,1000000.0
198014,2024-03-18,0.0
198015,2025-05-22,750000.0
198093,2016-05-02,0.0
198143,2025-06-15,400000.0
198250,2025-06-05,300000.0
198390,2024-09-26,0.0
198400,2025-06-30,0.0
198410,2025-05-25,250000.0
198575,2013-05-12,0.0
198680,2023-10-18,0.0
198929,2024-06-30,0.0
199316,2025-06-17,7000000.0
199324,2025-06-24,300000.0
199335,2012-03-31,0.0
199375,2025-06-24,200000.0
199453,2025-06-09,100000.0
199463,2025-06-19,125000.0
199472,2025-06-26,600000.0
199559,2025-06-04,800000.0
199636,2019-01-25,0.0
199704,2025-06-02,400000.0
200023,2014-06-30,0.0
200191,2014-07-29,0.0
200320,2024-09-26,0.0
200530,2020-01-01,0.0
201248,2025-09-10,0.0
201311,2025-06-17,1200000.0
201381,2025-07-23,0.0
201656,2018-12-08,0.0
201734,2025-06-18,200000.0
201737,2025-06-02,1000000.0
201812,2022-10-03,0.0
201865,2025-06-17,750000.0
202240,2023-03-06,0.0
202604,2025-06-18,1000000.0
202733,2013-06-30,0.0
202763,2015-07-30,0.0
202885,2022-10-03,0.0
202939,2017-01-17,0.0
203060,2022-12-31,0.0
203348,2025-06-02,2000000.0
203374,2019-09-30,0.0
203378,2025-05-27,175000.0
203469,2020-06-27,0.0
203491,2018-05-18,0.0
203496,2025-05-28,7000000.0
203504,2025-06-01,500000.0
203507,2025-06-02,400000.0
203522,2016-03-31,0.0
203529,2021-06-30,0.0
203537,2025-06-15,250000.0
203614,2025-05-14,75000.0
203643,2017-06-19,0.0
203645,2025-06-18,275000.0
203655,2025-06-17,300000.0
203746,2025-06-02,3500000.0
203750,2016-06-05,0.0
203773,2025-06-17,700000.0
203781,2016-06-30,0.0
203840,2022-10-03,0.0
203938,2025-05-27,3500000.0
203939,2023-10-18,0.0
203981,2025-06-22,275000.0
204103,2025-05-29,9000000.0
204113,2019-07-16,0.0
204178,2020-09-29,0.0
204182,2023-10-18,0.0
204189,2025-06-17,2200000.0
204195,2024-03-06,0.0
204354,2024-09-26,0.0
204587,2025-06-26,250000.0
204858,2025-06-25,175000.0
205004,2025-06-18,900000.0
205116,2025-06-22,75000.0
205276,2025-06-24,150000.0
205346,2022-10-03,0.0
205348,2018-01-04,0.0
205364,2025-06-17,300000.0
205374,2018-04-04,0.0
205393,2020-06-27,0.0
205465,2025-06-02,100000.0
205497,2019-01-24,0.0
205522,2022-10-03,0.0
205638,2016-06-30,0.0
205646,2020-02-20,0.0
205700,2025-06-17,100000.0
205790,2025-03-17,0.0
205809,2025-05-28,500000.0
205878,2024-12-02,150000.0
205902,2025-06-11,150000.0
205940,2025-06-08,2700000.0
206040,2025-05-29,5000000.0
206734,2025-05-27,700000.0
206836,2025-01-08,300000.0
206945,2025-05-27,700000.0
206947,2025-06-17,1300000.0
207025,2025-06-08,600000.0
207037,2025-04-03,400000.0
207056,2025-06-17,100000.0
207273,2020-11-10,0.0
207519,2025-05-29,300000.0
207561,2025-06-04,1200000.0
207578,2025-06-10,600000.0
207592,2025-05-29,175000.0
207771,2025-06-17,175000.0
207854,2025-06-19,150000.0
207922,2025-06-23,300000.0
207930,2019-04-27,0.0
208428,2025-09-11,0.0
208429,2015-01-07,0.0
208602,2015-09-30,0.0
208681,2025-06-05,800000.0
208869,2022-10-03,0.0
208888,2023-06-30,0.0
209183,2023-03-06,0.0
209306,2020-07-30,0.0
209473,2024-01-31,0.0
209800,2022-10-03,0.0
209971,2023-11-12,0.0
210035,2020-07-31,0.0
210088,2025-01-03,0.0
210109,2021-11-30,0.0
210545,2025-06-17,100000.0
210747,2025-05-22,1500000.0
210767,2014-09-01,0.0
210846,2019-03-23,0.0
211072,2025-05-25,7500000.0
211107,2025-06-22,75000.0
211144,2022-10-03,0.0
211157,2014-08-25,0.0
211251,2025-06-08,600000.0
211325,2025-06-17,375000.0
211331,2024-06-30,0.0
211345,2025-05-22,300000.0
211373,2023-12-14,0.0
211389,2025-06-19,550000.0
211453,2025-06-18,200000.0
211628,2025-06-23,600000.0
211671,2025-06-18,600000.0
212209,2025-06-05,700000.0
212283,2024-03-18,0.0
212310,2025-06-01,600000.0
212333,2025-05-01,400000.0
212574,2018-08-19,0.0
212718,2025-06-09,550000.0
212804,2025-06-02,600000.0
212829,2023-07-20,0.0
212867,2025-06-24,100000.0
212872,2025-06-16,225000.0
212893,2016-08-18,0.0
212899,2025-06-18,450000.0
212937,2024-10-13,0.0
213017,2023-12-31,0.0
213025,2022-10-03,0.0
213051,2025-01-21,0.0
213064,2017-12-25,0.0
213317,2025-06-15,250000.0
213366,2025-06-19,150000.0
213555,2025-06-01,2500000.0
213723,2016-06-30,0.0
213835,2021-04-05,0.0
213842,2016-12-14,0.0
213852,2025-06-24,25000.0
213895,2022-10-03,0.0
213920,2019-05-08,0.0
213927,2020-07-17,0.0
213944,2020-07-17,0.0
214070,2025-06-22,100000.0
214074,2018-10-22,0.0
214096,2025-06-01,125000.0
214113,2020-05-23,0.0
214196,2025-06-25,100000.0
214224,2024-09-24,0.0
214300,2023-01-30,0.0
214312,2025-06-26,350000.0
214313,2016-12-14,0.0
214550,2015-05-15,0.0
214699,2025-03-24,0.0
214741,2025-06-24,125000.0
214769,2018-10-01,0.0
214927,2025-02-20,0.0
215041,2014-01-31,0.0
215099,2025-05-27,600000.0
215334,2015-06-30,0.0
215525,2025-06-24,75000.0
215599,2025-06-04,8000000.0
215644,2025-06-05,450000.0
215653,2024-09-26,0.0
215677,2025-06-02,450000.0
215874,2016-01-30,0.0
215977,2025-06-02,5000000.0
216160,2025-06-17,300000.0
216270,2024-12-02,200000.0
216399,2025-06-18,600000.0
216426,2024-09-26,0.0
216443,2025-06-17,3000000.0
216538,2016-06-30,0.0
216569,2025-06-02,10000000.0
216574,2024-01-04,0.0
216597,2025-06-19,150000.0
216633,2025-06-18,125000.0
216681,2016-12-14,0.0
216701,2025-06-02,325000.0
217073,2025-07-17,100000.0
217153,2025-06-24,250000.0
217155,2025-06-23,1000000.0
217274,2024-10-31,0.0
217285,2025-06-10,275000.0
217508,2020-12-20,0.0
217571,2025-07-23,0.0
217649,2023-12-31,0.0
217684,2025-05-21,150000.0
217747,2022-06-19,0.0
217751,2025-05-27,250000.0
217886,2025-06-05,1200000.0
218131,2024-06-30,0.0
218140,2025-05-26,700000.0
218260,2024-03-06,0.0
218371,2025-06-02,250000.0
220333,2023-03-06,0.0
220356,2023-10-18,0.0
220441,2025-06-24,200000.0
220588,2025-09-02,0.0
220808,2025-06-25,100000.0
220896,2023-09-11,0.0
220902,2025-06-01,100000.0
220956,2013-08-17,0.0
221000,2025-05-01,150000.0
221044,2023-12-31,0.0
221076,2021-10-07,0.0
221286,2021-07-08,0.0
221317,2020-05-25,0.0
221561,2020-07-07,0.0
221566,2014-09-12,0.0
221658,2019-07-03,0.0
221766,2025-05-25,200000.0
221921,2025-06-24,25000.0
221947,2024-01-03,0.0
221965,2025-01-13,0.0
221968,2025-05-28,550000.0
221986,2025-06-24,50000.0
222124,2025-04-03,75000.0
222146,2018-05-23,0.0
222417,2025-05-27,25000.0
222552,2025-05-27,75000.0
222565,2025-09-11,2500000.0
222571,2023-06-28,0.0
222582,2025-05-27,50000.0
222667,2023-01-30,0.0
222740,2025-06-17,150000.0
223029,2025-05-26,2200000.0
223032,2023-11-12,0.0
223035,2025-06-16,250000.0
223053,2025-05-22,200000.0
223090,2025-04-03,175000.0
223198,2014-08-10,0.0
223215,2025-06-24,150000.0
223275,2019-10-20,0.0
223283,2022-10-03,0.0
223521,2022-06-07,300000.0
223718,2025-06-24,150000.0
223846,2024-03-06,0.0
223909,2018-12-31,0.0
223912,2025-06-25,275000.0
223914,2019-07-06,0.0
223920,2025-06-17,1200000.0
223965,2025-05-28,350000.0
223977,2025-06-22,275000.0
223978,2024-07-25,0.0
223997,2024-03-06,0.0
224088,2025-06-17,2800000.0
224098,2024-09-26,0.0
224348,2016-11-19,0.0
224354,2013-10-05,0.0
224442,2015-06-30,0.0
224446,2019-08-22,0.0
224503,2025-06-10,300000.0
224513,2025-06-10,250000.0
224639,2013-06-30,0.0
224672,2025-05-22,2000000.0
224884,2025-05-22,2000000.0
225053,2018-04-04,0.0
225068,2025-06-02,450000.0
225095,2023-03-06,0.0
225150,2017-05-07,0.0
225158,2025-06-05,100000.0
225161,2025-05-26,25000000.0
225335,2025-06-26,600000.0
225432,2025-06-05,3000000.0
225452,2025-05-26,5000000.0
225459,2025-06-24,100000.0
225479,2025-06-01,250000.0
225616,2019-06-30,0.0
225639,2023-10-31,0.0
225640,2025-08-21,75000.0
225676,2025-06-17,750000.0
225898,2014-06-30,0.0
226065,2025-06-08,350000.0
226070,2025-06-08,300000.0
226082,2025-06-03,250000.0
226123,2025-06-25,250000.0
226141,2024-04-21,0.0
226151,2025-06-16,100000.0
226171,2020-06-18,0.0
226410,2025-06-17,600000.0
226815,2016-12-31,0.0
226978,2025-06-29,300000.0
227016,2019-12-31,0.0
227037,2025-06-09,50000.0
227089,2025-06-18,100000.0
227093,2025-06-10,325000.0
227110,2025-06-11,4000000.0
227183,2025-05-26,1400000.0
227320,2013-10-03,0.0
227462,2025-03-10,0.0
227623,2018-01-23,0.0
227639,2025-09-08,10000.0
227676,2025-06-24,100000.0
227799,2024-01-31,0.0
227873,2025-06-22,175000.0
227944,2025-06-17,200000.0
227967,2025-06-30,0.0
228006,2025-06-17,1000000.0
228069,2025-06-17,400000.0
228302,2025-05-21,100000.0
228444,2025-06-16,900000.0
228462,2018-06-30,0.0
228572,2025-06-23,550000.0
228583,2023-01-24,0.0
228600,2020-06-28,0.0
228658,2023-03-06,0.0
228727,2025-05-27,200000.0
228761,2025-04-03,0.0
228791,2024-09-26,0.0
228891,2025-07-20,0.0
228914,2022-01-04,0.0
228917,2025-05-28,275000.0
228948,2025-06-02,20000000.0
228953,2025-06-10,250000.0
228975,2025-06-18,350000.0
229003,2025-05-25,200000.0
229008,2025-07-03,0.0
229012,2025-06-01,300000.0
229564,2017-12-31,0.0
229610,2025-05-27,400000.0
229616,2025-06-15,400000.0
229625,2025-06-08,250000.0
229695,2025-06-17,2000000.0
229812,2025-05-14,325000.0
229991,2025-06-18,600000.0
230072,2025-05-21,125000.0
230140,2025-06-04,2000000.0
230166,2025-06-17,250000.0
230210,2025-07-17,150000.0
230212,2025-06-24,150000.0
230229,2023-11-12,0.0
230234,2018-09-30,0.0
230457,2025-05-29,600000.0
230492,2020-01-04,0.0
230765,2025-06-23,50000.0
230895,2025-06-24,50000.0
230937,2025-04-03,250000.0
231161,2023-03-06,0.0
231378,2025-06-18,600000.0
231396,2020-12-31,0.0
231572,2025-05-29,9000000.0
231590,2025-06-10,500000.0
231602,2023-10-18,0.0
231650,2025-05-27,400000.0
231941,2025-06-01,150000.0
232143,2024-03-06,0.0
232219,2025-06-08,300000.0
232296,2025-06-08,200000.0
232349,2025-06-18,250000.0
232355,2025-06-18,650000.0
232463,2025-06-18,600000.0
233007,2025-05-20,300000.0
233090,2024-09-26,0.0
233113,2025-06-24,25000.0
233124,2025-05-29,1000000.0
233484,2025-06-23,0.0
233610,2022-09-27,0.0
233633,2025-04-03,150000.0
233916,2023-03-06,0.0
233998,2025-06-17,250000.0
234140,2020-07-07,0.0
234375,2024-09-12,0.0
234410,2025-01-10,0.0
234499,2025-06-09,800000.0
234523,2025-06-16,2800000.0
234538,2025-06-05,450000.0
234555,2018-09-09,0.0
234781,2025-06-16,8000000.0
234803,2025-05-29,18000000.0
234866,2025-06-23,200000.0
234885,2016-06-29,0.0
234918,2025-05-25,1000000.0
234978,2020-06-28,0.0
234991,2014-05-07,0.0
235024,2022-10-03,0.0
235202,2025-06-16,125000.0
235234,2019-09-01,0.0
235274,2025-05-27,500000.0
235283,2019-05-15,0.0
235448,2025-05-26,500000.0
235483,2025-06-30,0.0
235491,2025-06-09,100000.0
235609,2017-09-26,0.0
235646,2024-12-26,50000.0
235748,2013-01-20,0.0
236041,2025-06-01,1400000.0
236064,2023-10-26,0.0
236400,2025-06-17,2000000.0
236496,2024-09-26,0.0
236509,2025-05-26,400000.0
236693,2025-06-11,2000000.0
236720,2014-05-28,0.0
236727,2023-03-06,0.0
236807,2013-06-30,0.0
236960,2020-08-17,0.0
236979,2015-06-30,0.0
236981,2025-06-18,3000000.0
236986,2025-06-10,400000.0
236989,2025-06-10,125000.0
237141,2025-06-23,175000.0
237161,2024-03-18,0.0
237164,2025-06-04,1000000.0
237176,2023-06-30,0.0
237230,2024-06-30,0.0
237552,2023-10-18,0.0
237576,2025-06-22,175000.0
237641,2025-05-22,600000.0
237660,2025-06-09,100000.0
237681,2018-07-09,0.0
237851,2025-05-28,100000.0
237972,2024-09-26,0.0
238011,2025-03-13,0.0
238048,2019-02-23,0.0
238058,2025-06-03,600000.0
238266,2025-06-02,7000000.0
238436,2025-06-30,0.0
238521,2015-06-30,0.0
238591,2025-05-26,200000.0
238680,2022-10-03,0.0
239044,2025-06-17,500000.0
239055,2025-06-25,250000.0
239527,2025-06-01,600000.0
239738,2025-06-24,100000.0
240026,2025-05-15,75000.0
240031,2025-06-16,100000.0
240106,2025-06-08,300000.0
240197,2025-06-24,250000.0
240260,2025-06-16,450000.0
240263,2025-06-18,400000.0
240274,2025-06-10,275000.0
240298,2025-05-14,50000.0
240303,2022-10-03,0.0
240348,2025-03-13,0.0
240356,2024-06-06,0.0
240436,2025-06-02,350000.0
240536,2025-06-16,600000.0
240773,2024-07-13,0.0
240807,2025-05-14,50000.0
240825,2022-06-29,0.0
240889,2025-06-02,600000.0
240892,2025-05-27,250000.0
240903,2024-12-18,250000.0
240913,2025-06-05,1800000.0
241007,2025-04-03,200000.0
241389,2023-03-06,0.0
241659,2025-05-18,250000.0
241701,2025-06-19,10000.0
242040,2025-06-24,800000.0
242280,2020-06-28,0.0
242299,2025-06-24,300000.0
242301,2025-06-23,700000.0
242384,2020-07-07,0.0
242411,2019-04-06,0.0
242434,2024-09-26,0.0
242481,2014-08-27,0.0
242554,2025-05-07,75000.0
242776,2021-07-01,0.0
242808,2023-03-27,0.0
242991,2025-06-19,100000.0
243603,2025-05-26,2000000.0
243633,2025-05-22,350000.0
243679,2025-06-03,300000.0
243690,2023-03-06,0.0
243714,2025-06-04,30000000.0
243715,2024-03-18,0.0
243741,2022-06-30,0.0
243744,2025-06-24,400000.0
243770,2025-05-27,1700000.0
244130,2025-06-17,150000.0
244149,2025-06-04,600000.0
244154,2025-06-01,100000.0
244223,2025-09-04,0.0
244263,2025-06-16,200000.0
244273,2025-08-21,0.0
244338,2025-06-17,1000000.0
244722,2017-12-15,0.0
244742,2019-08-25,0.0
245157,2025-06-24,200000.0
245193,2025-05-27,1000000.0
245537,2025-06-02,6000000.0
245805,2023-04-05,0.0
246044,2025-06-10,200000.0
246063,2022-12-31,0.0
246196,2018-01-18,0.0
246802,2023-06-30,0.0
246919,2023-03-06,0.0
246932,2022-10-03,0.0
246968,2025-06-08,10000000.0
247200,2017-12-25,0.0
247276,2023-06-30,0.0
247672,2025-05-07,200000.0
247728,2025-06-09,25000.0
247915,2025-06-04,2500000.0
248021,2025-05-14,300000.0
248024,2025-06-05,250000.0
248097,2025-06-19,10000.0
248219,2025-06-24,700000.0
248337,2025-06-24,200000.0
248573,2022-06-27,0.0
248582,2025-03-17,0.0
248629,2016-06-30,0.0
248656,2023-05-29,0.0
248809,2014-03-01,0.0
248850,2025-01-26,0.0
248901,2025-06-22,50000.0
248983,2023-03-06,0.0
248999,2025-06-04,3000000.0
249089,2025-05-29,15000000.0
249102,2025-06-17,2500000.0
249118,2025-04-03,300000.0
249274,2025-05-14,200000.0
249446,2025-06-02,300000.0
249491,2022-12-31,0.0
249518,2018-06-30,0.0
249566,2019-01-16,0.0
249570,2025-04-23,500000.0
249591,2023-06-30,0.0
249994,2025-05-29,7000000.0
250010,2025-06-18,1500000.0
250138,2025-06-11,500000.0
250419,2024-06-30,0.0
250490,2025-06-09,2000000.0
250509,2025-04-23,300000.0
250513,2017-01-30,0.0
250826,2025-05-26,150000.0
250838,2024-12-31,0.0
250972,2018-12-04,0.0
251075,2025-06-16,6000000.0
251089,2025-06-24,100000.0
251099,2023-10-18,0.0
251106,2025-05-29,10000000.0
251107,2024-09-26,0.0
251110,2021-01-21,0.0
251587,2025-06-16,800000.0
251824,2025-06-24,50000.0
251845,2025-06-08,1000000.0
251878,2025-06-16,6500000.0
251880,2025-06-24,300000.0
251888,2025-06-24,150000.0
251892,2025-06-08,1000000.0
251914,2017-05-13,0.0
252005,2016-06-30,0.0
252056,2025-06-24,25000.0
252227,2025-06-24,150000.0
252677,2025-06-23,500000.0
252686,2025-06-23,100000.0
252688,2023-11-12,0.0
252713,2016-06-30,0.0
252731,2017-11-30,0.0
252922,2025-06-24,300000.0
252986,2025-06-29,250000.0
253398,2017-07-20,0.0
253677,2025-05-29,5000000.0
253816,2024-07-11,0.0
253861,2025-05-07,175000.0
253896,2014-06-30,0.0
253905,2025-06-23,700000.0
254115,2016-09-03,0.0
254230,2025-06-04,300000.0
254294,2017-01-30,0.0
254324,2025-03-20,0.0
254487,2025-06-04,100000.0
254666,2014-05-07,0.0
254706,2023-11-12,0.0
254944,2025-06-10,300000.0
254961,2023-11-12,0.0
255129,2025-06-29,175000.0
255436,2018-06-30,0.0
255619,2025-05-15,150000.0
255631,2013-09-19,0.0
255633,2025-06-18,100000.0
255685,2025-06-02,700000.0
255729,2025-06-23,300000.0
255733,2023-10-18,0.0
255754,2025-04-03,0.0
255755,2025-06-05,4000000.0
255816,2025-06-17,150000.0
255908,2025-05-28,50000.0
255916,2025-09-11,1200000.0
255918,2023-02-18,0.0
255919,2019-02-14,0.0
255922,2025-04-03,150000.0
255995,2025-06-05,1200000.0
256008,2025-06-18,900000.0
256013,2025-06-22,250000.0
256436,2022-10-03,0.0
256445,2016-11-28,0.0
256453,2025-05-22,300000.0
256680,2025-05-22,400000.0
256897,2018-07-31,0.0
256972,2018-02-25,0.0
256990,2023-10-18,0.0
257001,2023-03-06,0.0
257095,2025-06-04,1000000.0
257252,2015-11-15,0.0
257345,2022-10-03,0.0
257366,2025-06-12,300000.0
257380,2020-06-30,0.0
257391,2023-06-30,0.0
257455,2025-06-04,30000000.0
257727,2025-05-26,600000.0
257873,2015-06-30,0.0
257988,2025-06-15,800000.0
258002,2025-06-16,400000.0
258004,2025-05-29,65000000.0
258005,2025-05-29,3000000.0
258011,2025-06-04,800000.0
258032,2025-05-26,1200000.0
258070,2025-06-04,600000.0
258161,2025-05-25,200000.0
258284,2019-11-23,0.0
258312,2025-05-29,175000.0
258335,2025-06-08,275000.0
258363,2025-06-08,350000.0
262019,2018-10-22,0.0
262022,2025-06-04,400000.0
262092,2025-05-11,200000.0
262164,2017-07-15,0.0
262322,2025-04-03,200000.0
262389,2025-05-27,400000.0
262391,2025-06-23,500000.0
262396,2025-06-08,28000000.0
262545,2025-06-16,250000.0
262703,2025-06-24,200000.0
262861,2025-06-01,800000.0
262865,2024-03-18,0.0
262951,2025-06-22,350000.0
263066,2025-06-24,100000.0
263268,2025-05-26,2000000.0
263359,2025-06-16,200000.0
263360,2025-05-29,100000.0
263427,2014-08-31,0.0
263541,2025-06-22,25000.0
263546,2025-06-17,500000.0
263553,2022-06-30,0.0
263628,2024-03-06,0.0
263792,2025-06-15,700000.0
263835,2025-06-02,225000.0
263951,2025-05-27,1000000.0
264082,2025-06-02,750000.0
264220,2025-05-26,1500000.0
264284,2025-04-14,0.0
264310,2025-06-10,100000.0
264431,2025-06-24,275000.0
264638,2023-06-12,0.0
264906,2025-06-25,100000.0
265093,2025-06-02,500000.0
265109,2025-06-24,50000.0
265136,2025-06-15,200000.0
265159,2025-06-22,175000.0
265209,2025-06-18,600000.0
265307,2025-05-21,100000.0
265383,2025-06-12,500000.0
265391,2024-07-23,0.0
265454,2025-04-03,250000.0
265512,2025-05-07,175000.0
265577,2025-06-17,300000.0
265581,2022-10-03,0.0
265586,2017-01-30,0.0
265659,2017-12-31,0.0
265671,2024-09-23,0.0
265711,2020-11-10,0.0
265833,2020-08-04,0.0
265977,2025-05-27,150000.0
266024,2016-07-09,0.0
266165,2025-05-07,125000.0
266359,2025-05-27,7000000.0
266795,2025-06-23,600000.0
267109,2020-07-02,0.0
267186,2018-01-09,0.0
267409,2025-03-17,0.0
267443,2024-03-06,0.0
267614,2025-06-18,50000.0
267655,2025-05-29,450000.0
267677,2025-05-21,350000.0
267814,2021-03-04,0.0
267862,2025-05-21,50000.0
268084,2018-06-30,0.0
268112,2025-06-11,3000000.0
268122,2025-09-11,0.0
268163,2025-06-24,50000.0
268289,2019-05-04,0.0
268325,2025-06-23,300000.0
268396,2020-09-02,0.0
268521,2023-10-31,0.0
268590,2025-06-12,350000.0
268682,2025-06-25,175000.0
268732,2025-06-24,650000.0
268958,2025-06-22,500000.0
269010,2025-06-25,350000.0
269135,2025-05-28,100000.0
269467,2025-06-26,550000.0
269526,2025-06-09,100000.0
269601,2025-06-02,400000.0
269817,2025-07-20,0.0
269886,2025-06-01,200000.0
270029,2025-05-15,200000.0
270051,2025-05-26,3000000.0
270164,2025-06-10,225000.0
270171,2025-05-29,20000000.0
270187,2025-06-24,200000.0
270326,2017-01-14,0.0
270411,2025-06-02,750000.0
270536,2018-09-05,0.0
270596,2025-06-16,150000.0
270646,2025-05-25,25000.0
270650,2022-10-27,0.0
270678,2015-01-12,0.0
270701,2024-03-18,0.0
270906,2024-11-28,125000.0
270930,2025-04-03,200000.0
270977,2025-05-21,100000.0
271103,2025-06-18,500000.0
271198,2025-06-04,400000.0
271223,2025-06-05,800000.0
271331,2016-06-30,0.0
271332,2020-11-10,0.0
271341,2024-07-10,0.0
271353,2025-06-01,25000.0
271378,2018-04-13,0.0
271451,2025-06-24,250000.0
271476,2022-10-03,0.0
271511,2024-03-06,0.0
271549,2025-06-08,450000.0
271596,2016-12-31,0.0
271640,2020-05-10,0.0
272042,2019-05-17,0.0
272202,2025-06-23,75000.0
272305,2025-06-17,300000.0
272471,2023-12-31,0.0
272570,2025-06-30,0.0
272619,2024-09-26,0.0
272622,2025-05-29,14000000.0
272630,2025-06-30,0.0
272638,2025-04-03,250000.0
272640,2025-06-09,800000.0
272644,2025-06-01,200000.0
272684,2020-11-10,0.0
272687,2022-10-03,0.0
272698,2025-06-08,300000.0
272707,2025-07-09,0.0
272806,2025-06-22,50000.0
272828,2014-06-30,0.0
272839,2016-06-30,0.0
272881,2025-06-04,300000.0
273031,2017-12-31,0.0
273422,2018-06-30,0.0
273432,2025-05-27,750000.0
273442,2025-06-05,1200000.0
273542,2020-11-10,0.0
273738,2025-06-05,1000000.0
273742,2025-05-26,8000000.0
273958,2023-03-06,0.0
274083,2014-07-28,0.0
274115,2022-10-03,0.0
274439,2025-06-09,1500000.0
274459,2024-04-21,0.0
274461,2025-06-04,2000000.0
274463,2022-06-22,0.0
274498,2025-05-27,900000.0
274521,2024-08-11,0.0
274567,2024-07-17,0.0
274640,2025-04-03,150000.0
274681,2025-06-22,125000.0
274753,2025-06-24,100000.0
274771,2023-03-06,0.0
274775,2023-03-06,0.0
274951,2025-01-14,0.0
274971,2024-03-18,0.0
275249,2025-06-02,1800000.0
275287,2024-06-30,0.0
276029,2025-06-30,0.0
276030,2025-05-29,300000.0
276036,2022-10-03,0.0
276051,2025-06-24,150000.0
276114,2019-11-23,0.0
276205,2020-07-07,0.0
276337,2025-06-17,175000.0
276474,2023-10-18,0.0
276566,2024-06-30,0.0
276586,2024-09-24,0.0
276764,2025-06-16,500000.0
276768,2025-06-01,250000.0
276853,2025-05-27,1000000.0
276877,2025-06-05,350000.0
276885,2024-12-26,125000.0
276895,2024-10-15,200000.0
277033,2025-05-29,10000000.0
277093,2023-01-04,0.0
277135,2025-05-28,100000.0
277145,2022-10-03,0.0
277179,2025-06-16,20000000.0
277277,2020-11-10,0.0
277296,2023-03-06,0.0
277500,2025-06-23,300000.0
277713,2025-06-26,300000.0
278092,2025-06-29,325000.0
278323,2025-06-10,150000.0
278324,2025-06-10,275000.0
278467,2025-06-24,200000.0
278632,2017-06-12,0.0
278729,2022-04-19,0.0
278761,2025-06-08,150000.0
278828,2016-03-31,0.0
278956,2022-10-03,0.0
278984,2025-06-24,150000.0
278989,2025-06-22,100000.0
279021,2019-07-29,0.0
279079,2025-06-09,300000.0
279099,2023-06-26,0.0
279192,2025-06-23,75000.0
279446,2025-06-24,75000.0
279458,2025-06-29,300000.0
279502,2019-09-08,0.0
279508,2025-06-15,300000.0
279529,2021-06-30,0.0
279960,2020-07-31,0.0
280125,2017-06-30,0.0
280178,2025-06-05,500000.0
280204,2025-05-21,10000.0
280267,2025-06-30,0.0
280312,2025-06-05,600000.0
280379,2025-05-25,300000.0
280398,2020-09-07,0.0
280491,2025-06-24,250000.0
280581,2025-06-18,1700000.0
280701,2025-06-03,6000000.0
280730,2025-06-08,1000000.0
281602,2023-03-06,0.0
281605,2025-05-25,200000.0
281695,2016-03-31,0.0
281773,2025-06-23,600000.0
281798,2015-08-31,0.0
281891,2025-02-04,0.0
281906,2025-06-16,350000.0
281928,2025-06-17,250000.0
282013,2025-06-24,100000.0
282031,2024-03-06,0.0
282169,2025-06-16,1000000.0
282265,2025-06-26,175000.0
282349,2025-06-04,1500000.0
282388,2025-06-16,5000000.0
282404,2017-08-21,0.0
282409,2025-06-24,150000.0
282410,2025-06-23,700000.0
282417,2025-06-24,500000.0
282429,2025-05-29,6000000.0
282434,2025-06-05,1500000.0
282460,2025-06-24,50000.0
282472,2025-06-19,50000.0
282502,2025-08-21,250000.0
282520,2025-06-09,100000.0
282558,2025-06-19,125000.0
282610,2025-04-03,125000.0
282689,2025-06-17,1500000.0
282690,2025-05-21,75000.0
282691,2025-05-21,200000.0
282694,2025-06-01,250000.0
282724,2025-06-23,400000.0
282823,2025-05-29,500000.0
282927,2025-05-25,1500000.0
283166,2025-06-05,3500000.0
283211,2025-06-24,400000.0
283391,2025-06-24,375000.0
283420,2016-06-05,0.0
283473,2025-05-25,800000.0
283478,2025-06-17,175000.0
283497,2025-06-04,2000000.0
283655,2025-06-17,200000.0
283734,2025-05-07,75000.0
283833,2025-05-15,1500000.0
283863,2025-04-03,0.0
283986,2024-06-06,0.0
283994,2025-06-02,4000000.0
284022,2018-10-23,0.0
284062,2018-09-30,0.0
284165,2025-05-26,14000000.0
284216,2025-06-22,50000.0
284364,2020-03-26,0.0
284454,2025-06-24,200000.0
284701,2025-05-29,1000000.0
284722,2025-05-21,25000.0
284724,2025-06-01,300000.0
284731,2025-06-22,250000.0
284732,2025-06-04,7000000.0
284737,2025-06-26,600000.0
284769,2025-06-04,1200000.0
284780,2018-01-07,0.0
284876,2025-05-22,800000.0
284880,2025-06-24,100000.0
284883,2025-05-29,6000000.0
284922,2023-10-18,0.0
284943,2025-06-26,350000.0
285153,2022-10-03,0.0
285319,2025-06-26,100000.0
285323,2025-06-02,7000000.0
285447,2020-08-13,0.0
285548,2025-06-03,2000000.0
285551,2025-06-17,100000.0
285775,2025-06-02,250000.0
285846,2025-06-29,175000.0
285884,2023-03-06,0.0
285894,2022-10-03,0.0
285921,2018-04-04,0.0
285944,2025-06-18,100000.0
285969,2024-08-15,0.0
286170,2025-06-17,325000.0
286378,2022-06-30,0.0
286415,2025-05-25,2500000.0
286448,2024-09-26,0.0
286474,2025-01-09,0.0
286496,2023-10-18,0.0
286503,2025-05-28,175000.0
286560,2021-08-25,0.0
286593,2025-06-10,350000.0
286596,2025-06-05,700000.0
286807,2025-07-27,0.0
286908,2025-05-29,500000.0
286919,2024-08-14,0.0
286945,2025-06-15,0.0
287043,2025-06-24,125000.0
287051,2025-06-16,400000.0
287109,2024-09-26,0.0
287167,2025-06-02,1200000.0
287182,2025-06-05,250000.0
287188,2025-06-18,4000000.0
287220,2025-06-10,325000.0
287297,2017-12-02,0.0
287298,2019-04-10,0.0
287315,2025-04-03,0.0
287490,2021-10-04,0.0
287710,2025-06-18,275000.0
287892,2024-09-24,0.0
287995,2025-06-05,800000.0
288005,2025-07-13,0.0
288016,2017-05-30,0.0
288076,2017-06-16,0.0
288121,2025-06-12,375000.0
288221,2025-07-03,50000.0
288228,2025-06-05,400000.0
288245,2020-11-10,0.0
288348,2025-06-09,300000.0
288352,2022-06-30,0.0
288380,2025-06-24,100000.0
288438,2020-02-17,0.0
288454,2025-06-24,150000.0
288459,2024-03-18,0.0
288484,2025-06-24,100000.0
288499,2025-05-28,900000.0
288508,2025-05-01,150000.0
288521,2023-10-18,0.0
288650,2025-06-10,350000.0
288786,2025-09-04,2000000.0
288798,2015-07-29,0.0
288831,2014-06-30,0.0
288844,2022-06-30,0.0
289004,2014-06-30,0.0
289117,2025-05-22,400000.0
289160,2025-06-16,150000.0
289193,2020-06-25,0.0
289194,2019-12-27,0.0
289241,2025-06-24,100000.0
289272,2025-06-23,500000.0
289286,2025-06-23,200000.0
289396,2025-05-29,250000.0
289437,2024-09-26,0.0
289564,2025-04-23,300000.0
289579,2025-06-19,10000.0
289587,2025-06-01,400000.0
289640,2025-04-23,150000.0
289707,2025-06-24,25000.0
289772,2024-06-25,0.0
289809,2024-03-18,0.0
289843,2025-06-19,250000.0
290013,2025-03-13,0.0
290021,2021-10-04,0.0
290032,2025-06-09,500000.0
290034,2024-03-18,0.0
290059,2025-06-24,150000.0
290088,2025-05-29,175000.0
290091,2023-07-28,0.0
290249,2025-06-08,12000000.0
290250,2025-06-26,400000.0
290256,2025-05-29,2000000.0
290261,2025-06-01,600000.0
290269,2024-09-26,0.0
290290,2023-10-18,0.0
290388,2025-06-05,500000.0
290488,2025-06-30,0.0
290532,2025-06-23,10000000.0
290559,2025-06-01,1000000.0
290569,2024-09-26,0.0
290587,2025-06-04,7500000.0
290588,2024-06-30,0.0
290595,2024-09-26,0.0
290607,2025-06-09,150000.0
290608,2025-06-18,0.0
290699,2015-05-07,0.0
290739,2020-05-17,0.0
290774,2025-06-01,1200000.0
290838,2025-06-02,350000.0
290922,2018-04-24,0.0
290940,2024-04-07,0.0
291007,2023-10-31,0.0
291110,2025-06-09,1000000.0
291120,2025-05-25,300000.0
291124,2025-06-24,325000.0
291177,2025-06-16,800000.0
291187,2025-05-25,100000.0
291200,2025-06-02,15000000.0
291254,2025-06-15,800000.0
291266,2025-05-14,75000.0
291323,2015-12-31,0.0
291324,2018-03-16,0.0
291352,2025-06-16,125000.0
291402,2025-06-22,75000.0
291422,2025-06-19,200000.0
291544,2025-06-17,175000.0
291653,2025-05-29,300000.0
291657,2024-03-18,0.0
291658,2025-05-25,1800000.0
291693,2025-06-25,350000.0
291749,2023-10-18,0.0
291764,2022-08-24,0.0
291856,2025-06-26,150000.0
291939,2025-05-29,1800000.0
291968,2025-05-29,200000.0
292154,2025-05-22,150000.0
292199,2025-06-17,9500000.0
292221,2024-07-19,0.0
292246,2025-05-29,12000000.0
292261,2025-02-02,0.0
292265,2025-06-02,75000.0
292281,2025-06-22,250000.0
292348,2025-06-18,200000.0
292363,2025-06-30,0.0
292403,2016-06-30,0.0
292409,2018-10-01,0.0
292518,2020-01-07,0.0
292536,2025-06-16,150000.0
292545,2025-06-24,200000.0
292604,2025-01-23,0.0
292610,2025-04-23,300000.0
292615,2024-10-23,0.0
292617,2025-06-23,1600000.0
292726,2022-10-03,0.0
292731,2025-06-05,900000.0
292812,2025-06-11,1300000.0
292820,2025-06-02,150000.0
292965,2024-09-26,0.0
292982,2025-06-02,100000.0
293002,2025-06-16,200000.0
293135,2025-06-19,150000.0
293169,2025-06-17,3300000.0
293187,2025-06-26,250000.0
293228,2025-06-01,750000.0
293231,2025-06-03,1000000.0
293257,2024-05-23,1500000.0
293361,2023-10-18,0.0
293388,2025-06-23,1600000.0
293570,2025-06-29,275000.0
293903,2025-06-24,250000.0
293985,2021-12-30,0.0
294007,2021-07-01,0.0
294029,2019-01-15,0.0
294042,2020-01-20,0.0
294100,2025-06-24,400000.0
294418,2020-03-02,0.0
294583,2025-06-09,400000.0
294647,2025-06-19,125000.0
294687,2025-05-11,125000.0
294789,2025-06-26,200000.0
294801,2025-06-09,400000.0
294807,2025-05-27,350000.0
294823,2025-06-23,25000.0
294857,2025-06-02,350000.0
294877,2025-07-14,0.0
294894,2025-05-25,2500000.0
295024,2025-06-17,1500000.0
295026,2017-10-18,0.0
295046,2023-01-31,0.0
295060,2025-06-04,1500000.0
295082,2025-06-24,200000.0
295414,2025-05-29,1500000.0
296024,2025-06-19,75000.0
296188,2025-06-10,400000.0
296224,2025-06-24,250000.0
296234,2025-06-24,150000.0
296320,2020-07-07,0.0
296363,2024-07-15,0.0
296428,2025-06-04,1000000.0
296429,2025-06-10,250000.0
296443,2025-05-01,200000.0
296741,2025-06-18,500000.0
296787,2025-05-28,500000.0
296879,2025-06-18,700000.0
296903,2024-09-26,0.0
296912,2017-12-06,200000.0
296970,2025-06-25,75000.0
297075,2024-09-26,0.0
297163,2019-05-15,0.0
297189,2024-03-06,0.0
297202,2016-02-16,100000.0
297373,2025-05-27,100000.0
297482,2025-04-03,75000.0
297590,2025-05-29,150000.0
297720,2025-06-02,550000.0
297913,2025-06-16,20000.0
298134,2025-06-24,200000.0
298140,2014-06-30,0.0
298228,2024-11-08,0.0
298366,2019-03-24,0.0
298583,2025-06-08,2000000.0
298883,2025-06-02,500000.0
298975,2025-06-02,4000000.0
298976,2025-06-08,7500000.0
299596,2025-06-26,200000.0
300062,2018-06-30,0.0
300272,2025-06-19,250000.0
300312,2025-05-21,25000.0
300508,2025-06-18,600000.0
301020,2025-06-16,175000.0
301707,2018-06-30,0.0
301717,2023-03-06,0.0
302792,2020-06-15,0.0
302806,2024-09-26,0.0
302818,2025-06-02,200000.0
303385,2025-06-22,500000.0
303401,2022-10-03,0.0
303406,2025-06-09,25000.0
303420,2025-06-08,1000000.0
303924,2024-09-26,0.0
304103,2020-07-07,0.0
304215,2024-01-31,0.0
304250,2025-06-24,150000.0
304813,2025-05-20,75000.0
305332,2025-06-23,50000.0
306024,2025-05-29,16000000.0
306052,2025-05-27,250000.0
306166,2025-06-17,600000.0
306304,2025-05-27,100000.0
306321,2025-05-27,275000.0
306391,2023-11-25,0.0
306401,2025-05-07,150000.0
306688,2018-10-22,0.0
307052,2025-05-28,1000000.0
307058,2025-06-16,3500000.0
307069,2025-05-26,1500000.0
307108,2024-01-31,0.0
307289,2025-06-26,75000.0
307497,2025-05-26,2300000.0
307519,2025-06-23,800000.0
307728,2024-07-20,0.0
307763,2022-11-07,1000000.0
307823,2025-06-16,100000.0
307845,2025-06-18,750000.0
307892,2025-04-03,100000.0
307912,2019-11-07,0.0
307924,2025-06-04,3500000.0
308118,2025-05-28,125000.0
308241,2025-06-24,125000.0
308243,2025-05-28,650000.0
308265,2025-05-27,500000.0
308367,2025-06-24,150000.0
308431,2025-06-17,275000.0
308459,2025-06-17,250000.0
308477,2025-05-25,700000.0
308501,2025-05-07,125000.0
308631,2025-05-27,250000.0
308781,2025-05-28,900000.0
308982,2025-06-22,300000.0
308989,2025-06-08,800000.0
308995,2018-02-23,0.0
309041,2025-06-17,275000.0
309182,2025-06-25,225000.0
309512,2025-04-03,125000.0
309843,2025-06-08,375000.0
309947,2024-09-26,0.0
309977,2025-06-09,1200000.0
310131,2025-06-11,1800000.0
310215,2015-01-09,0.0
310654,2023-10-18,0.0
310662,2025-06-04,2500000.0
310744,2025-05-25,5500000.0
310822,2025-05-28,1000000.0
311277,2025-05-29,275000.0
311351,2025-09-11,2000000.0
311439,2023-03-06,0.0
311454,2025-06-23,300000.0
311489,2025-06-17,2500000.0
311687,2024-03-18,0.0
311702,2016-06-30,0.0
312011,2019-07-16,0.0
312114,2025-06-12,125000.0
312480,2023-10-18,0.0
312493,2025-05-27,1500000.0
312553,2025-06-29,100000.0
312569,2025-04-03,80000.0
312648,2015-12-31,0.0
312715,2025-05-15,900000.0
313359,2025-05-28,2200000.0
313571,2022-11-30,0.0
313729,2025-06-08,150000.0
314137,2025-06-22,600000.0
314210,2025-05-26,4000000.0
314241,2025-05-26,1800000.0
314245,2025-06-18,1200000.0
314280,2025-06-17,300000.0
314284,2023-10-18,0.0
314295,2025-06-04,500000.0
314302,2025-02-03,0.0
314378,2025-08-21,0.0
314382,2025-06-17,75000.0
314463,2023-03-06,0.0
314706,2025-05-28,225000.0
314773,2025-06-17,500000.0
314875,2025-05-29,40000000.0
314891,2025-05-25,100000.0
314912,2022-10-03,0.0
314963,2025-05-22,300000.0
314980,2025-06-11,250000.0
314998,2025-05-26,500000.0
315075,2025-06-01,150000.0
315086,2017-07-12,0.0
315090,2020-06-26,0.0
315095,2025-06-01,400000.0
315203,2025-06-19,25000.0
315211,2025-05-27,850000.0
315260,2025-05-07,175000.0
315283,2025-05-27,1300000.0
315287,2025-06-19,50000.0
315291,2025-05-26,8000000.0
315329,2018-07-03,0.0
315337,2025-06-11,50000.0
315733,2025-06-17,400000.0
315780,2023-03-06,0.0
315968,2025-06-17,125000.0
316245,2019-05-15,0.0
316257,2024-12-31,0.0
316369,2023-03-06,0.0
316398,2025-04-23,300000.0
316405,2016-06-30,0.0
316406,2025-04-23,200000.0
316419,2018-09-26,0.0
316523,2016-10-03,0.0
316575,2025-06-18,1000000.0
316889,2025-06-04,10000000.0
316915,2023-07-24,0.0
316934,2025-06-16,4500000.0
316938,2022-10-03,0.0
316983,2025-06-18,400000.0
317023,2025-05-26,300000.0
317024,2023-06-12,175000.0
317032,2025-06-16,100000.0
317057,2025-06-01,3500000.0
317429,2025-06-24,150000.0
317442,2025-05-29,500000.0
317593,2025-05-27,275000.0
317728,2019-06-30,0.0
317733,2025-06-23,0.0
317747,2025-06-10,225000.0
317806,2025-06-16,4000000.0
317810,2020-01-05,0.0
318219,2025-05-28,900000.0
318507,2025-06-09,2800000.0
318521,2025-06-04,1200000.0
318549,2025-06-17,600000.0
318816,2016-07-15,0.0
318819,2025-06-01,200000.0
318829,2025-06-08,600000.0
319160,2025-08-20,0.0
319429,2025-06-09,325000.0
319490,2023-03-06,0.0
319674,2025-06-24,375000.0
319786,2025-05-25,100000.0
319825,2025-05-29,100000.0
319900,2025-05-26,6500000.0
320701,2025-06-05,800000.0
320753,2024-03-06,0.0
320825,2025-04-03,50000.0
320842,2025-03-06,0.0
321050,2025-06-05,350000.0
321070,2025-06-04,3500000.0
321099,2025-04-03,50000.0
321135,2025-05-28,1700000.0
321158,2025-06-17,2000000.0
321405,2022-10-03,0.0
321528,2025-06-16,35000000.0
321644,2025-09-07,1000000.0
321647,2025-06-11,700000.0
321919,2025-06-24,200000.0
322014,2025-03-18,0.0
322071,2025-06-24,250000.0
322075,2025-06-17,500000.0
322107,2025-06-17,350000.0
322190,2025-05-27,650000.0
322305,2025-06-01,2500000.0
322397,2019-09-27,0.0
322512,2025-06-09,75000.0
322516,2024-03-06,0.0
322610,2025-06-01,2000000.0
322725,2024-10-01,0.0
322873,2025-06-17,2800000.0
323296,2025-08-12,0.0
323345,2020-01-05,0.0
323379,2025-06-24,225000.0
323620,2025-05-07,175000.0
323788,2023-10-18,0.0
323803,2017-08-02,0.0
323854,2025-06-15,1200000.0
323868,2025-06-23,200000.0
323874,2025-06-04,14000000.0
323934,2025-06-23,1200000.0
323946,2022-10-03,0.0
324111,2025-06-18,225000.0
324234,2017-10-17,0.0
324300,2023-06-30,0.0
324475,2025-06-24,200000.0
324660,2025-06-10,275000.0
324702,2025-04-03,150000.0
324799,2025-07-14,0.0
324800,2025-06-01,1000000.0
324804,2025-06-16,1800000.0
324829,2022-10-03,0.0
324856,2025-06-18,500000.0
324921,2025-06-08,200000.0
324959,2025-05-21,175000.0
325192,2020-01-16,0.0
325443,2025-05-29,75000000.0
325455,2025-06-17,350000.0
325590,2025-06-09,300000.0
325596,2025-05-18,800000.0
325602,2025-05-18,100000.0
325614,2025-05-25,600000.0
325819,2023-06-28,0.0
326025,2024-06-26,0.0
326028,2022-10-03,0.0
326300,2025-06-01,900000.0
326329,2025-05-27,2000000.0
326363,2025-05-26,800000.0
326505,2025-06-02,700000.0
326509,2025-04-03,50000.0
326590,2025-06-16,250000.0
326853,2025-06-10,25000.0
326884,2022-07-04,0.0
326997,2025-06-15,300000.0
327251,2025-06-04,9000000.0
327379,2017-06-30,0.0
327402,2025-06-17,1200000.0
327618,2025-06-23,100000.0
327649,2023-03-06,0.0
327651,2024-09-26,0.0
327897,2018-06-30,0.0
327911,2025-05-25,350000.0
328119,2025-06-03,300000.0
328264,2025-06-18,600000.0
328609,2025-06-02,5000000.0
328914,2025-05-26,400000.0
329135,2025-06-22,50000.0
329221,2025-04-03,350000.0
329524,2017-12-31,0.0
329661,2023-03-06,0.0
329668,2025-05-14,100000.0
330145,2021-06-30,0.0
330174,2025-06-16,150000.0
330223,2023-06-30,0.0
330349,2023-06-30,0.0
330468,2018-07-31,0.0
330469,2025-05-18,150000.0
330699,2025-06-18,1500000.0
330798,2025-07-24,0.0
330839,2025-01-15,0.0
330855,2025-06-19,50000.0
330871,2025-06-17,2200000.0
330878,2025-06-19,175000.0
330995,2022-10-03,0.0
331007,2016-10-19,0.0
331282,2025-05-07,600000.0
331505,2025-06-08,20000000.0
331508,2025-06-24,200000.0
331519,2025-06-30,0.0
331637,2025-06-10,400000.0
331638,2025-06-22,100000.0
331725,2025-05-01,150000.0
331840,2025-06-08,400000.0
332061,2021-09-22,0.0
332252,2025-06-11,350000.0
332259,2025-09-04,5000000.0
332340,2025-06-16,700000.0
332554,2025-06-16,300000.0
332635,2025-06-19,50000.0
332707,2024-10-15,0.0
332811,2023-10-18,0.0
332813,2015-12-17,0.0
332913,2018-09-23,0.0
332947,2023-08-07,0.0
333014,2025-05-29,25000000.0
333015,2023-12-18,0.0
333074,2025-06-30,0.0
333092,2025-06-24,200000.0
333117,2025-06-02,375000.0
333159,2025-06-26,1000000.0
333161,2025-06-08,100000.0
333184,2024-06-30,0.0
333497,2025-06-16,25000.0
333498,2025-06-03,250000.0
333602,2025-06-26,50000.0
333609,2020-06-11,0.0
333666,2025-06-10,150000.0
333801,2018-07-17,0.0
333857,2025-04-03,0.0
333894,2025-06-22,125000.0
333913,2025-06-18,1000000.0
333915,2025-05-15,75000.0
334046,2022-10-03,0.0
334056,2025-06-01,350000.0
334057,2025-06-01,100000.0
334059,2024-03-02,0.0
334082,2025-06-11,175000.0
334186,2025-06-18,1200000.0
334207,2025-06-04,1500000.0
334213,2025-06-09,900000.0
334221,2025-06-04,3500000.0
334229,2025-06-05,750000.0
334538,2025-05-22,450000.0
334543,2025-06-10,350000.0
334554,2025-06-10,350000.0
334557,2025-05-22,5000000.0
334558,2023-06-19,0.0
334673,2021-01-06,0.0
334839,2025-06-16,150000.0
334960,2022-10-03,0.0
334972,2018-02-23,0.0
334999,2025-06-04,2000000.0
335063,2024-06-30,0.0
335182,2025-06-29,150000.0
335216,2025-06-23,3000000.0
335245,2025-06-05,350000.0
335344,2017-06-30,0.0
335464,2025-06-30,0.0
335588,2022-10-03,0.0
335593,2025-06-29,100000.0
335619,2020-02-02,0.0
335694,2024-09-24,0.0
335856,2018-08-31,0.0
336002,2025-06-23,75000.0
336006,2023-01-30,0.0
336012,2025-06-16,12000000.0
336070,2025-06-24,150000.0
336074,2025-06-17,900000.0
336108,2025-05-18,300000.0
336167,2025-06-04,200000.0
336168,2025-06-04,1500000.0
336324,2025-06-30,0.0
336331,2025-06-08,400000.0
336367,2025-05-29,500000.0
336370,2025-05-29,175000.0
336382,2025-06-04,5500000.0
336585,2025-06-10,200000.0
336651,2018-09-06,0.0
336679,2025-05-07,200000.0
336733,2025-06-24,200000.0
336736,2025-06-09,200000.0
336828,2024-10-24,0.0
336856,2025-06-24,250000.0
336858,2025-04-03,0.0
336974,2025-05-22,600000.0
337097,2025-06-18,800000.0
337247,2024-03-18,0.0
337333,2025-06-08,6000000.0
337494,2025-06-22,150000.0
337673,2025-05-27,500000.0
337674,2017-12-17,0.0
337682,2025-06-10,125000.0
337716,2025-06-18,200000.0
337725,2025-06-16,4000000.0
337798,2025-06-09,700000.0
337816,2025-06-09,800000.0
337922,2025-06-01,225000.0
338013,2024-02-02,0.0
338097,2022-10-03,0.0
338170,2025-06-01,200000.0
338288,2025-06-24,300000.0
338328,2016-12-28,0.0
338651,2025-05-26,2000000.0
338655,2023-06-01,0.0
338657,2025-04-23,300000.0
338670,2025-06-16,25000000.0
338673,2025-06-11,1700000.0
338680,2025-06-09,450000.0
338802,2020-11-10,0.0
338962,2025-06-19,1800000.0
339041,2025-06-19,450000.0
339069,2025-06-16,550000.0
339079,2025-06-08,2000000.0
339238,2025-05-07,175000.0
339252,2024-03-06,0.0
339314,2025-06-04,20000000.0
339332,2025-05-27,25000000.0
339584,2025-06-08,1200000.0
339752,2024-09-26,0.0
339879,2023-08-31,0.0
339982,2025-06-18,275000.0
340205,2025-06-08,9000000.0
340307,2024-06-30,0.0
340310,2025-06-17,1500000.0
340320,2025-05-26,800000.0
340330,2017-05-13,0.0
340345,2025-06-24,200000.0
340346,2025-06-24,50000.0
340353,2025-06-16,7500000.0
340376,2025-06-08,4000000.0
340394,2025-05-26,1700000.0
340460,2025-05-27,2300000.0
340480,2025-03-13,0.0
340490,2016-09-10,0.0
340526,2025-03-13,0.0
340531,2025-06-09,100000.0
340557,2025-06-26,150000.0
340853,2025-06-08,1500000.0
340885,2025-06-24,150000.0
340950,2025-05-29,40000000.0
340961,2025-06-24,350000.0
341019,2025-05-29,1200000.0
341043,2025-08-31,0.0
341049,2025-06-16,14000000.0
341103,2024-09-26,0.0
341263,2025-06-23,1200000.0
341317,2025-06-04,3000000.0
341429,2025-06-17,20000000.0
341530,2025-05-29,300000.0
341647,2025-06-04,7500000.0
341705,2025-06-05,25000000.0
341796,2025-06-23,50000.0
341942,2025-06-08,700000.0
342007,2018-06-30,0.0
342012,2025-06-15,200000.0
342018,2025-06-17,150000.0
342058,2025-06-30,0.0
342095,2025-06-09,100000.0
342149,2025-06-01,700000.0
342176,2025-06-24,250000.0
342202,2025-04-03,75000.0
342212,2020-07-07,0.0
342226,2025-06-02,2500000.0
342229,2025-06-08,180000000.0
342385,2025-05-29,10000000.0
342701,2025-06-01,200000.0
342702,2025-05-27,5000000.0
342825,2025-06-09,50000.0
342877,2025-06-05,2000000.0
342968,2025-06-10,400000.0
343016,2024-10-09,0.0
343052,2025-06-08,6000000.0
343055,2025-04-23,150000.0
343082,2018-06-30,0.0
343205,2025-05-27,50000.0
343256,2025-06-24,100000.0
343475,2025-05-29,6000000.0
343602,2023-10-06,0.0
343619,2025-06-05,250000.0
343742,2025-05-21,10000.0
344027,2020-10-05,0.0
344028,2019-08-22,0.0
344029,2019-09-01,0.0
344030,2018-03-04,0.0
344072,2025-06-02,2500000.0
344090,2025-05-28,300000.0
344353,2023-03-06,0.0
344392,2025-05-29,500000.0
344540,2025-05-26,300000.0
344575,2025-06-01,500000.0
344576,2025-06-09,2000000.0
344579,2025-06-16,150000.0
344606,2025-03-17,0.0
344610,2025-06-09,900000.0
344647,2025-06-09,300000.0
344649,2025-05-26,400000.0
344693,2025-06-17,300000.0
344821,2024-03-06,0.0
344864,2025-06-11,2500000.0
344870,2025-04-03,75000.0
344886,2025-06-01,3500000.0
344888,2025-05-26,6500000.0
344916,2022-10-03,0.0
345035,2020-01-15,0.0
345061,2025-05-28,850000.0
345098,2025-05-27,150000.0
345298,2019-12-27,0.0
345323,2025-05-28,2200000.0
345326,2025-05-28,650000.0
345364,2024-01-09,0.0
345595,2022-10-03,0.0
345627,2025-06-04,2500000.0
345759,2025-06-16,200000.0
345771,2025-01-26,0.0
345800,2025-03-10,150000.0
345886,2025-06-08,7000000.0
345899,2020-03-09,0.0
345983,2018-02-14,0.0
346065,2025-06-05,500000.0
346066,2019-03-04,0.0
346067,2025-05-07,200000.0
346072,2025-06-26,150000.0
346095,2025-05-28,850000.0
346181,2025-06-29,75000.0
346247,2016-03-27,0.0
346469,2025-04-03,175000.0
346480,2022-10-03,0.0
346647,2025-05-28,1200000.0
346718,2018-08-09,0.0
346729,2025-06-26,200000.0
346840,2025-07-20,250000.0
346844,2023-02-03,0.0
346870,2023-10-31,0.0
346886,2025-03-20,0.0
346889,2025-06-30,0.0
346923,2025-06-26,100000.0
347015,2022-10-03,0.0
347017,2025-06-04,0.0
347038,2025-06-02,450000.0
347140,2025-06-17,450000.0
347285,2025-06-26,150000.0
347435,2025-05-28,350000.0
347542,2025-06-19,150000.0
347575,2025-05-18,600000.0
347601,2016-06-30,0.0
347666,2025-06-17,400000.0
347748,2025-06-17,200000.0
347905,2023-03-06,0.0
347909,2025-06-18,1200000.0
348027,2020-11-22,0.0
348039,2025-06-26,500000.0
348082,2018-08-29,0.0
348202,2022-10-03,0.0
348260,2025-05-15,150000.0
348264,2025-05-25,1200000.0
348354,2025-09-04,4000000.0
348431,2025-05-25,200000.0
348488,2024-09-26,0.0
348601,2025-06-01,2200000.0
348630,2025-06-04,1800000.0
348795,2025-06-08,15000000.0
348870,2020-07-31,0.0
349163,2018-09-02,0.0
349300,2025-06-17,2500000.0
349318,2025-03-12,0.0
349422,2025-06-25,250000.0
349433,2025-06-18,1500000.0
349447,2023-10-31,0.0
349465,2025-06-18,1800000.0
349520,2019-12-31,0.0
349580,2016-09-10,0.0
349608,2025-06-17,100000.0
349733,2019-01-24,0.0
349737,2023-10-31,0.0
349781,2025-06-23,50000.0
349820,2024-04-21,0.0
349856,2025-06-01,2000000.0
349933,2024-03-18,0.0
350193,2022-10-03,0.0
350208,2025-06-23,500000.0
350232,2025-06-29,125000.0
350285,2016-09-13,0.0
350307,2020-06-28,0.0
350364,2025-05-22,1300000.0
350438,2025-06-24,200000.0
350698,2025-06-25,175000.0
351094,2018-07-28,0.0
351216,2025-06-24,150000.0
351217,2025-04-03,50000.0
351229,2020-07-07,0.0
351502,2025-06-17,250000.0
351504,2025-06-04,800000.0
351567,2025-05-27,2500000.0
351602,2025-06-16,150000.0
351666,2018-04-29,0.0
351691,2025-06-17,375000.0
351738,2025-05-26,3500000.0
351749,2025-05-29,12000000.0
351750,2025-06-26,300000.0
351873,2025-06-08,400000.0
351898,2025-04-03,0.0
351903,2025-03-27,500000.0
351990,2025-05-28,1500000.0
352017,2025-05-26,1500000.0
352041,2025-06-02,10000000.0
352042,2025-06-26,275000.0
352126,2025-03-13,0.0
352326,2025-04-03,400000.0
352393,2025-05-25,250000.0
352448,2025-06-01,300000.0
352662,2025-06-24,400000.0
352709,2019-12-31,0.0
352718,2025-06-24,400000.0
352757,2022-10-03,0.0
352812,2023-03-06,0.0
352832,2023-03-06,0.0
353034,2025-06-23,800000.0
353037,2025-06-03,3000000.0
353149,2025-04-03,50000.0
353180,2025-05-27,200000.0
353263,2025-05-18,250000.0
353268,2023-03-06,0.0
353336,2025-05-18,400000.0
353374,2025-06-08,600000.0
353377,2024-09-26,0.0
353403,2025-06-17,1600000.0
353404,2025-06-02,8000000.0
353423,2018-05-11,0.0
353565,2025-05-28,500000.0
353785,2025-06-11,1500000.0
353845,2017-06-30,0.0
353860,2025-06-04,125000.0
353886,2025-06-09,3500000.0
353953,2025-03-13,0.0
353967,2025-06-19,100000.0
354022,2025-06-05,3500000.0
354054,2025-05-29,150000.0
354088,2020-09-01,0.0
354151,2020-01-05,0.0
354164,2025-06-24,200000.0
354173,2025-06-17,1800000.0
354262,2021-08-31,0.0
354278,2025-06-25,250000.0
354291,2015-06-30,0.0
354303,2022-10-03,0.0
354330,2025-05-18,400000.0
354340,2025-06-17,2700000.0
354359,2023-06-30,0.0
354449,2025-06-25,0.0
354476,2025-06-08,450000.0
354518,2023-11-12,0.0
354609,2025-06-04,400000.0
354667,2025-06-04,200000.0
354726,2025-06-02,2000000.0
354741,2025-05-22,3000000.0
354742,2025-05-22,700000.0
354879,2017-12-31,0.0
354892,2018-11-27,0.0
354900,2022-10-03,0.0
355104,2025-06-23,500000.0
355149,2020-06-28,0.0
355316,2025-01-22,0.0
355368,2025-05-22,100000.0
355370,2025-04-03,150000.0
355379,2022-10-03,0.0
355396,2025-06-24,200000.0
355397,2025-06-24,250000.0
355595,2022-10-03,0.0
355629,2022-06-30,0.0
355633,2025-06-16,400000.0
355651,2025-04-03,250000.0
355685,2025-06-08,400000.0
355721,2024-06-30,0.0
355736,2025-06-02,150000.0
355763,2025-06-24,300000.0
355816,2025-06-04,12000000.0
356145,2025-05-28,650000.0
356169,2016-06-30,0.0
356226,2025-04-03,100000.0
356236,2025-06-17,1800000.0
356341,2024-10-15,0.0
356450,2025-05-28,300000.0
356582,2022-10-03,0.0
357147,2025-05-29,30000000.0
357148,2025-06-01,300000.0
357233,2025-05-29,15000000.0
357280,2023-11-30,0.0
357310,2025-06-09,700000.0
357313,2024-07-02,0.0
357566,2024-09-24,0.0
357778,2025-06-08,4000000.0
357796,2025-06-16,4000000.0
357868,2025-06-09,100000.0
357884,2025-06-08,1500000.0
357937,2025-06-01,1200000.0
357988,2025-05-04,250000.0
358013,2025-05-21,25000.0
358025,2025-04-23,500000.0
358038,2024-06-30,0.0
358114,2025-06-24,150000.0
358136,2023-10-18,0.0
358144,2022-04-07,0.0
358304,2020-06-28,0.0
358419,2020-11-10,0.0
358505,2025-06-01,400000.0
358515,2025-06-01,5000000.0
358613,2024-02-19,0.0
358710,2018-12-18,0.0
358766,2025-06-18,1500000.0
358855,2023-03-06,0.0
358870,2025-06-18,400000.0
359040,2024-09-24,0.0
359079,2025-06-09,75000.0
359148,2025-06-15,300000.0
359199,2025-06-16,700000.0
359210,2025-06-23,1200000.0
359233,2025-06-26,800000.0
359256,2025-06-29,150000.0
359408,2020-04-05,0.0
359517,2018-08-09,0.0
359693,2025-06-29,325000.0
360203,2025-06-01,25000.0
360227,2019-02-11,0.0
360311,2025-06-10,200000.0
360412,2025-06-23,1200000.0
360438,2024-09-26,0.0
360514,2025-06-08,250000.0
360709,2020-06-23,0.0
360791,2025-05-22,1200000.0
361033,2020-06-09,0.0
361066,2025-05-27,2000000.0
361068,2025-06-16,7000000.0
361071,2025-06-05,350000.0
361074,2025-05-27,10000000.0
361093,2025-05-29,42000000.0
361112,2025-05-27,2500000.0
361124,2025-05-27,350000.0
361254,2025-06-08,800000.0
361321,2017-12-25,0.0
361504,2025-05-27,7500000.0
361516,2025-06-09,150000.0
361597,2023-10-31,0.0
362347,2025-06-16,200000.0
362370,2025-05-14,25000.0
362562,2025-06-16,6000000.0
362779,2025-05-28,375000.0
362790,2022-10-03,0.0
362809,2025-06-29,100000.0
363223,2025-05-26,2500000.0
363654,2018-06-30,0.0
363668,2019-03-15,0.0
363778,2019-06-30,0.0
363871,2025-06-24,100000.0
364177,2018-10-22,0.0
364205,2025-06-12,125000.0
364239,2025-05-29,400000.0
364257,2025-06-05,1300000.0
364262,2018-10-22,0.0
364278,2025-06-01,400000.0
364375,2025-06-05,250000.0
364404,2021-06-06,0.0
364406,2025-06-05,600000.0
364640,2025-05-11,150000.0
364827,2025-06-02,3000000.0
364972,2025-06-05,6000000.0
365104,2024-03-18,0.0
365124,2025-06-09,200000.0
365313,2025-06-24,50000.0
365394,2025-05-27,10000000.0
365449,2025-06-09,300000.0
366719,2019-07-28,0.0
366930,2025-06-08,20000000.0
367070,2025-05-07,175000.0
367250,2025-06-25,350000.0
367422,2019-11-30,0.0
367423,2025-06-04,1800000.0
367465,2025-06-05,250000.0
367652,2025-05-29,700000.0
367680,2023-03-06,0.0
367730,2023-03-06,0.0
367795,2025-06-08,750000.0
367980,2025-08-07,0.0
368629,2025-06-16,500000.0
368681,2025-05-27,75000.0
368801,2025-04-03,300000.0
368845,2025-05-14,125000.0
368860,2025-06-10,300000.0
368862,2025-05-26,800000.0
368891,2025-06-04,24000000.0
368904,2023-11-12,0.0
369101,2025-06-18,250000.0
369122,2025-03-13,0.0
369162,2025-06-10,275000.0
369283,2023-08-04,0.0
369316,2025-05-29,25000000.0
369319,2025-05-27,2000000.0
369522,2025-06-01,700000.0
369523,2024-12-02,50000.0
369708,2023-03-06,0.0
369772,2025-06-17,250000.0
369795,2024-07-17,0.0
369872,2025-06-09,150000.0
370042,2025-06-08,200000.0
370110,2025-06-18,125000.0
370138,2025-06-29,125000.0
370277,2023-10-18,0.0
370394,2021-09-24,0.0
370522,2025-05-28,325000.0
370534,2025-05-21,300000.0
370691,2024-03-18,0.0
370768,2025-05-14,25000.0
370834,2025-06-19,0.0
370975,2024-03-18,0.0
370998,2025-06-08,1500000.0
371003,2025-06-16,600000.0
371013,2025-05-26,2000000.0
371023,2019-01-25,0.0
371101,2025-06-17,300000.0
371141,2025-06-04,2500000.0
371143,2025-06-01,500000.0
371144,2023-04-18,0.0
371184,2025-04-03,150000.0
371245,2025-05-29,900000.0
371256,2025-05-22,11000000.0
371347,2025-06-22,100000.0
371557,2020-01-05,0.0
371967,2025-06-26,1000000.0
371968,2025-06-05,1000000.0
371980,2025-06-08,225000.0
371992,2025-02-27,0.0
371997,2025-01-07,0.0
372013,2025-06-26,1500000.0
372127,2025-06-10,125000.0
372246,2025-05-29,18000000.0
372268,2025-05-29,175000.0
372445,2025-06-15,2500000.0
372468,2024-08-31,0.0
372609,2022-02-28,0.0
372711,2025-06-02,8000000.0
372712,2025-06-04,6000000.0
374698,2025-06-24,100000.0
374851,2025-06-17,150000.0
374858,2025-05-26,500000.0
374889,2025-05-27,750000.0
374954,2025-06-04,6500000.0
374987,2025-05-29,300000.0
375044,2025-06-17,175000.0
375226,2025-04-03,250000.0
375355,2025-06-05,450000.0
375371,2024-09-02,0.0
375380,2025-06-24,600000.0
375392,2025-05-29,400000.0
375403,2025-06-25,400000.0
375559,2024-09-26,0.0
375617,2025-05-07,250000.0
375745,2025-05-27,50000.0
375800,2020-03-31,0.0
375885,2025-05-29,24000000.0
376155,2025-05-28,500000.0
376252,2025-06-29,225000.0
376445,2025-09-08,500000.0
376447,2022-08-21,0.0
376486,2025-06-05,1500000.0
376589,2025-06-23,700000.0
376859,2025-05-13,2000000.0
376937,2020-04-27,0.0
377006,2018-03-16,0.0
377219,2025-06-08,1600000.0
377641,2025-06-02,8000000.0
377720,2025-05-27,450000.0
378052,2023-03-06,0.0
378189,2025-09-04,500000.0
378293,2025-06-08,15000000.0
378335,2025-06-10,100000.0
378348,2025-06-11,350000.0
378350,2025-05-18,600000.0
378467,2025-06-30,0.0
378478,2025-06-04,500000.0
378798,2025-06-22,100000.0
378871,2025-06-04,1500000.0
378872,2025-05-26,250000.0
378947,2025-06-25,0.0
379114,2025-06-10,350000.0
379196,2018-10-30,0.0
379399,2024-01-29,0.0
379410,2024-12-31,0.0
379444,2025-06-02,225000.0
379628,2017-08-21,0.0
379632,2025-06-24,250000.0
379737,2025-05-25,150000.0
379739,2025-06-24,150000.0
379752,2025-06-05,5000000.0
379804,2025-06-23,125000.0
379869,2025-06-02,1200000.0
379875,2025-06-22,800000.0
379995,2025-06-10,100000.0
380255,2019-06-30,0.0
380365,2025-04-03,700000.0
380416,2025-06-11,300000.0
380472,2016-06-30,0.0
380533,2019-08-31,0.0
380598,2025-06-08,8000000.0
380737,2025-05-26,500000.0
380959,2025-06-24,100000.0
381133,2025-06-22,125000.0
381156,2023-10-18,0.0
381187,2025-06-04,1500000.0
381206,2025-05-22,350000.0
381237,2023-03-06,0.0
381362,2025-06-24,1800000.0
381430,2024-09-11,0.0
381705,2025-06-17,250000.0
381755,2025-06-10,250000.0
381968,2025-06-11,1200000.0
381986,2025-06-25,200000.0
382096,2025-06-16,500000.0
382478,2025-06-04,7000000.0
383008,2025-05-29,100000.0
383246,2024-09-26,0.0
383250,2018-10-01,0.0
383310,2025-05-28,375000.0
383538,2018-03-03,0.0
383654,2025-05-28,800000.0
384125,2017-06-30,0.0
384129,2025-06-04,200000.0
384334,2025-05-18,550000.0
384560,2025-05-28,100000.0
384859,2025-06-02,1800000.0
384879,2025-06-16,2000000.0
385131,2023-12-31,0.0
385457,2023-03-05,0.0
385635,2025-04-23,750000.0
385662,2017-05-13,0.0
385668,2017-12-31,0.0
385909,2025-06-19,50000.0
385912,2025-06-24,250000.0
386021,2019-09-01,0.0
386065,2025-05-14,50000.0
386091,2025-06-04,200000.0
386114,2025-06-22,50000.0
386164,2025-05-27,375000.0
386196,2025-05-29,200000.0
386263,2025-03-07,0.0
386315,2019-06-26,1750000.0
386512,2025-07-13,0.0
386685,2025-06-18,600000.0
386726,2025-05-22,5000000.0
386827,2025-06-18,25000.0
387106,2025-06-04,17000000.0
387355,2024-09-26,0.0
387502,2025-05-28,400000.0
387687,2025-06-03,4500000.0
387745,2025-09-07,700000.0
387946,2018-09-17,0.0
387965,2018-10-01,0.0
387967,2024-09-26,0.0
388029,2025-06-18,600000.0
388136,2020-05-24,0.0
388138,2024-09-26,0.0
388160,2025-06-18,2000000.0
388166,2025-06-17,200000.0
388167,2025-06-17,150000.0
388212,2024-07-31,0.0
388214,2021-10-04,0.0
388220,2025-05-27,1800000.0
388223,2025-06-09,75000.0
388316,2025-06-10,300000.0
388361,2025-06-19,25000.0
388514,2025-06-05,300000.0
388538,2023-06-28,0.0
388551,2024-09-24,0.0
388581,2025-06-24,250000.0
388849,2020-07-30,0.0
388862,2025-06-22,75000.0
388872,2020-04-05,0.0
389255,2025-09-11,7000000.0
389332,2017-01-11,0.0
390038,2025-06-17,300000.0
390167,2025-06-09,400000.0
390175,2021-01-06,0.0
390179,2025-06-09,1500000.0
390368,2025-05-28,1500000.0
390494,2025-06-19,150000.0
390548,2020-06-27,0.0
390631,2025-06-22,100000.0
390687,2024-03-06,0.0
390693,2025-06-29,200000.0
390814,2025-06-08,150000.0
390894,2025-06-22,200000.0
390953,2025-06-24,100000.0
390970,2025-03-17,0.0
391127,2025-05-28,600000.0
391192,2025-04-03,150000.0
391237,2025-06-09,200000.0
391271,2025-06-24,200000.0
391272,2020-06-23,0.0
391332,2025-05-22,800000.0
391381,2023-03-06,0.0
391497,2025-06-26,700000.0
391535,2025-06-25,0.0
391547,2025-05-28,800000.0
391677,2018-08-23,0.0
391678,2023-11-12,0.0
391719,2025-05-28,850000.0
391788,2025-06-17,350000.0
391887,2025-06-22,350000.0
391901,2021-01-20,0.0
391929,2025-06-05,3000000.0
392133,2025-06-18,450000.0
392142,2023-06-30,0.0
392151,2021-07-29,0.0
392156,2025-06-22,100000.0
392303,2025-05-25,300000.0
392703,2023-06-30,0.0
392717,2025-06-15,550000.0
392743,2025-06-09,300000.0
392761,2025-06-29,250000.0
392770,2025-06-02,20000000.0
392771,2025-05-26,20000000.0
392773,2025-06-17,2000000.0
392774,2025-05-26,600000.0
392777,2025-05-29,1200000.0
392870,2025-01-12,0.0
392873,2024-02-20,0.0
392992,2025-04-23,300000.0
393013,2017-11-28,0.0
393018,2025-06-11,200000.0
393243,2025-06-24,400000.0
393271,2023-03-06,0.0
393321,2025-06-04,3000000.0
393485,2023-03-06,0.0
393487,2025-06-18,650000.0
393512,2025-06-04,8000000.0
393519,2025-06-23,0.0
393632,2023-01-24,0.0
393735,2023-03-06,0.0
393830,2025-06-26,500000.0
393835,2025-06-26,150000.0
393957,2022-10-03,0.0
258520,2024-09-26,0.0
258624,2025-06-02,550000.0
258626,2025-06-17,10000000.0
258632,2018-07-30,0.0
258699,2016-08-18,0.0
258745,2024-09-24,0.0
258825,2025-06-24,200000.0
258827,2025-06-01,3200000.0
258878,2025-05-29,20000000.0
258885,2025-05-26,2500000.0
258889,2025-05-29,40000000.0
258914,2025-05-26,1000000.0
258915,2025-05-26,4000000.0
258956,2015-12-17,0.0
258957,2025-06-17,250000.0
258970,2025-05-04,150000.0
259110,2023-12-31,0.0
259116,2020-06-30,0.0
259150,2021-09-01,0.0
259250,2025-05-18,650000.0
259535,2018-12-20,0.0
259721,2025-06-02,300000.0
259724,2023-01-16,0.0
259840,2018-12-31,0.0
259943,2025-04-03,250000.0
260071,2025-06-16,250000.0
260189,2025-05-28,450000.0
260387,2025-03-13,0.0
260393,2025-06-19,200000.0
260493,2025-06-16,200000.0
260655,2025-06-04,4000000.0
260925,2025-06-26,350000.0
261020,2025-05-27,3500000.0
261106,2020-07-31,0.0
261154,2019-06-28,0.0
261240,2025-05-21,50000.0
261383,2019-05-08,0.0
261397,2023-03-06,0.0
261406,2025-05-01,200000.0
261413,2025-06-02,250000.0
261414,2025-06-02,175000.0
261494,2025-06-19,150000.0
261497,2020-01-13,0.0
261516,2019-07-31,0.0
261530,2025-05-07,100000.0
261691,2024-12-31,0.0
261738,2025-03-24,0.0
261739,2020-10-11,0.0
261815,2023-03-06,0.0
261988,2025-06-08,2000000.0
261998,2025-06-17,350000.0
262016,2025-05-28,1200000.0
262270,2025-06-09,100000.0
262595,2025-06-18,200000.0
262999,2025-06-04,7500000.0
263065,2025-06-04,200000.0
263084,2022-10-03,0.0
263214,2025-06-24,200000.0
263267,2025-06-24,450000.0
263292,2025-07-17,100000.0
263353,2021-07-14,0.0
263361,2025-05-26,8000000.0
263406,2020-01-08,0.0
263431,2023-03-30,0.0
263511,2025-04-03,0.0
263555,2025-06-08,450000.0
263595,2024-09-23,0.0
263731,2016-06-30,0.0
263857,2025-06-24,100000.0
264014,2025-09-04,3000000.0
264072,2019-01-29,0.0
264116,2025-06-01,500000.0
264133,2025-05-25,600000.0
264412,2023-03-06,0.0
264559,2025-05-27,1000000.0
264641,2022-06-30,0.0
264653,2025-01-29,0.0
264718,2022-10-03,0.0
264848,2025-05-27,400000.0
264858,2019-01-31,0.0
264905,2025-06-10,200000.0
264956,2025-06-05,250000.0
264960,2025-06-18,1800000.0
264966,2022-10-03,0.0
265033,2025-06-01,750000.0
265038,2025-06-16,200000.0
265054,2023-07-25,0.0
265082,2025-05-13,250000.0
265127,2025-06-19,700000.0
265207,2015-06-30,0.0
265208,2025-06-09,300000.0
265265,2013-06-30,0.0
265306,2025-06-29,75000.0
265396,2014-07-01,0.0
265403,2018-06-09,0.0
265450,2025-06-24,100000.0
265471,2025-05-26,5000000.0
265569,2025-06-17,1300000.0
265592,2025-06-17,200000.0
265611,2020-09-28,0.0
265666,2025-06-25,900000.0
265677,2019-12-01,0.0
265678,2022-11-30,0.0
265706,2023-01-31,0.0
265720,2016-11-19,0.0
265768,2023-10-31,0.0
265837,2024-04-21,0.0
265849,2025-06-03,50000.0
266332,2022-10-03,0.0
266600,2025-06-26,1200000.0
266809,2025-06-01,1200000.0
267016,2014-06-30,0.0
267431,2025-06-23,900000.0
267716,2025-06-01,150000.0
267732,2025-06-12,500000.0
267747,2025-03-13,0.0
267753,2025-05-25,2500000.0
267778,2024-09-26,0.0
267882,2025-06-01,200000.0
268076,2020-06-30,0.0
268113,2025-06-15,1700000.0
268119,2025-06-16,450000.0
268151,2025-06-17,350000.0
268176,2025-06-04,2500000.0
268186,2025-06-24,150000.0
268235,2025-06-23,100000.0
268257,2025-06-24,50000.0
268302,2025-06-04,1000000.0
268452,2025-03-20,0.0
268502,2019-06-29,0.0
268522,2023-10-31,0.0
268536,2025-04-03,50000.0
268561,2025-06-17,500000.0
268572,2025-01-09,0.0
268620,2025-06-17,800000.0
268670,2025-06-08,1500000.0
268675,2025-04-03,50000.0
268713,2025-06-17,250000.0
268757,2025-06-22,150000.0
268846,2025-05-21,100000.0
268932,2014-08-31,0.0
268949,2021-12-13,0.0
268957,2025-06-23,1000000.0
269116,2025-08-21,175000.0
269167,2025-06-16,100000.0
269306,2025-09-04,25000.0
269483,2023-01-31,0.0
269503,2025-06-17,700000.0
269586,2015-06-30,0.0
269784,2025-06-01,200000.0
269793,2025-06-01,700000.0
269927,2025-06-22,100000.0
269944,2022-11-30,0.0
270036,2020-07-07,0.0
270191,2025-06-26,400000.0
270390,2019-06-30,0.0
270420,2025-06-05,500000.0
270425,2025-06-09,50000.0
270571,2023-03-06,0.0
270855,2025-06-17,800000.0
270987,2025-06-11,225000.0
270988,2025-06-17,250000.0
271072,2025-09-11,1000000.0
271183,2025-06-04,1500000.0
271214,2019-12-31,0.0
271271,2025-06-24,200000.0
271321,2025-05-25,1000000.0
271323,2025-05-26,600000.0
271441,2025-06-11,600000.0
271546,2022-01-05,0.0
271584,2019-07-31,0.0
271611,2020-08-31,0.0
271806,2022-10-03,0.0
271966,2025-06-23,1200000.0
271988,2025-06-24,150000.0
272017,2016-08-29,0.0
272364,2019-07-04,0.0
272628,2022-10-03,0.0
272629,2018-05-18,0.0
272645,2020-06-26,0.0
273004,2022-10-03,0.0
273052,2019-07-04,0.0
273118,2019-06-30,0.0
273137,2019-07-02,0.0
273250,2025-05-15,450000.0
273421,2018-06-30,0.0
273431,2025-05-01,350000.0
273553,2025-06-05,350000.0
273588,2025-06-23,450000.0
273597,2023-06-28,0.0
273773,2025-04-03,225000.0
274039,2025-06-18,250000.0
274154,2025-05-07,100000.0
274274,2025-06-10,350000.0
274556,2025-06-04,250000.0
274691,2022-10-03,0.0
274765,2020-06-24,0.0
274979,2024-09-26,0.0
275009,2025-07-14,0.0
275028,2025-06-24,200000.0
275127,2025-06-23,125000.0
275226,2024-07-08,0.0
275412,2025-06-05,2500000.0
275423,2025-06-05,200000.0
275454,2024-03-17,0.0
275590,2025-05-26,1000000.0
275614,2025-06-01,1500000.0
275671,2025-06-19,25000.0
275681,2025-06-17,200000.0
275938,2022-10-03,0.0
275956,2025-06-03,900000.0
276000,2025-07-29,0.0
276002,2025-06-17,1200000.0
276080,2025-06-24,100000.0
276133,2014-06-30,0.0
276428,2025-03-17,0.0
276807,2015-01-12,0.0
276892,2025-08-21,125000.0
277112,2025-04-03,100000.0
277215,2023-06-30,0.0
277242,2025-06-08,300000.0
277692,2017-06-29,0.0
277743,2025-06-05,175000.0
277751,2016-07-09,0.0
277788,2019-04-06,0.0
278166,2025-05-26,1200000.0
278296,2025-06-08,1800000.0
278329,2025-06-10,300000.0
278330,2025-05-15,300000.0
278332,2025-06-04,3500000.0
278343,2025-06-17,7000000.0
278345,2025-04-03,75000.0
278357,2025-05-28,800000.0
278365,2022-10-03,0.0
278450,2015-06-30,0.0
278547,2022-10-03,0.0
278579,2025-01-07,0.0
278702,2022-10-03,0.0
278881,2018-01-04,0.0
278980,2025-05-21,25000.0
278982,2025-05-14,25000.0
278992,2025-06-04,5000000.0
279009,2025-06-18,1500000.0
279070,2024-08-14,0.0
279110,2025-05-18,300000.0
279117,2015-07-15,0.0
279355,2025-04-03,50000.0
279457,2025-06-04,2500000.0
279471,2025-06-29,100000.0
279634,2025-06-24,75000.0
279681,2025-06-04,175000.0
279793,2025-05-21,300000.0
280147,2025-06-12,200000.0
280254,2025-07-09,0.0
280276,2023-10-18,0.0
280362,2025-01-27,0.0
280416,2025-05-14,25000.0
280425,2025-01-31,0.0
280543,2024-06-30,0.0
280553,2025-06-18,600000.0
280575,2025-06-04,3500000.0
280700,2025-05-27,2000000.0
281141,2016-05-15,0.0
281610,2019-05-28,0.0
281612,2022-06-30,0.0
281613,2018-08-10,0.0
281769,2025-06-04,7000000.0
281803,2022-10-03,0.0
282041,2025-06-02,5000000.0
282108,2025-03-20,0.0
282144,2025-06-16,10000000.0
282150,2025-06-18,300000.0
282180,2025-05-11,150000.0
282350,2025-06-11,325000.0
282406,2025-04-03,300000.0
282425,2025-06-24,100000.0
282449,2025-06-24,150000.0
282473,2025-04-03,250000.0
282476,2025-06-01,3000000.0
282613,2015-02-18,0.0
282671,2025-05-15,200000.0
282696,2025-06-24,100000.0
282727,2025-05-22,6000000.0
282877,2024-09-26,0.0
282918,2025-05-29,400000.0
282985,2025-07-08,0.0
283141,2025-04-03,350000.0
283185,2025-06-17,2000000.0
283193,2025-06-17,400000.0
283223,2025-06-17,1400000.0
283398,2025-06-01,275000.0
283580,2025-06-11,250000.0
283624,2025-05-07,300000.0
283687,2023-07-20,0.0
283893,2019-09-27,0.0
284035,2025-06-09,700000.0
284061,2025-09-04,50000.0
284248,2025-06-18,1000000.0
284280,2025-06-09,250000.0
284321,2025-06-01,250000.0
284720,2015-05-16,0.0
284728,2025-06-11,250000.0
284730,2025-05-29,28000000.0
284741,2025-05-28,300000.0
284760,2021-01-06,0.0
284806,2016-07-15,0.0
284855,2025-06-24,250000.0
284857,2025-05-29,35000000.0
284875,2019-09-16,0.0
284888,2025-06-24,200000.0
284931,2025-08-31,0.0
284938,2020-07-07,0.0
284959,2025-06-17,150000.0
285225,2025-06-02,350000.0
285296,2025-06-30,0.0
285457,2025-06-08,200000.0
285477,2022-10-03,0.0
285658,2024-09-15,0.0
285960,2016-07-15,0.0
286005,2025-06-11,400000.0
286018,2023-03-06,0.0
286044,2025-06-11,300000.0
286077,2024-10-18,0.0
286214,2025-06-24,150000.0
286264,2023-10-31,0.0
286339,2025-05-25,3000000.0
286375,2025-06-23,300000.0
286443,2025-06-22,100000.0
286602,2024-06-30,0.0
286646,2022-12-31,0.0
286772,2025-06-22,350000.0
286806,2025-05-18,75000.0
286849,2025-06-24,150000.0
286949,2025-06-16,1500000.0
287025,2023-06-30,0.0
287240,2024-03-05,0.0
287549,2025-06-09,50000.0
287762,2019-10-31,0.0
287940,2015-05-02,0.0
288035,2018-07-31,0.0
288067,2025-05-27,3500000.0
288125,2025-04-03,50000.0
288230,2025-06-02,90000000.0
288235,2025-07-09,0.0
288237,2025-05-22,900000.0
288241,2025-04-03,250000.0
288251,2025-05-25,2500000.0
288266,2021-09-06,0.0
288313,2024-03-18,0.0
288318,2025-06-08,1200000.0
288323,2025-05-26,800000.0
288353,2020-06-11,0.0
288415,2025-06-05,7000000.0
288453,2025-06-24,150000.0
288668,2022-06-30,0.0
288692,2014-08-07,0.0
288695,2025-01-12,0.0
288799,2025-06-18,300000.0
288924,2025-06-19,75000.0
289010,2014-06-30,0.0
289182,2025-06-18,600000.0
289216,2025-06-02,0.0
289219,2025-07-02,0.0
289222,2022-12-31,0.0
289234,2019-09-01,0.0
289250,2025-06-04,200000.0
289255,2025-06-08,5000000.0
289404,2025-06-17,450000.0
289433,2025-05-26,1200000.0
289438,2022-10-03,0.0
289584,2025-04-23,400000.0
289648,2025-06-11,5000000.0
289651,2025-06-01,500000.0
289796,2023-06-30,0.0
289898,2024-09-26,0.0
290017,2025-06-16,3500000.0
290027,2020-01-05,0.0
290040,2025-06-09,200000.0
290054,2017-08-21,0.0
290106,2023-01-25,0.0
290237,2025-06-24,10000.0
290262,2025-06-22,350000.0
290336,2025-05-29,1000000.0
290605,2025-07-15,0.0
290614,2024-09-26,0.0
290615,2025-05-27,400000.0
290746,2025-04-03,300000.0
290751,2017-12-15,0.0
290754,2025-05-14,50000.0
290761,2023-03-06,0.0
290771,2025-05-11,200000.0
290807,2018-01-20,0.0
290862,2025-06-01,6000000.0
291129,2025-06-29,100000.0
291239,2025-06-24,100000.0
291256,2023-03-06,0.0
291359,2025-06-16,50000.0
291399,2025-06-17,250000.0
291417,2025-06-08,14000000.0
291537,2025-06-10,450000.0
291596,2025-06-16,150000.0
291816,2025-06-17,175000.0
291895,2023-10-18,0.0
291927,2025-06-17,150000.0
291965,2025-06-19,10000.0
291981,2023-10-31,0.0
292051,2016-06-30,0.0
292152,2025-06-05,400000.0
292250,2024-03-06,0.0
292488,2025-06-15,25000.0
292509,2025-06-19,125000.0
292538,2025-06-24,50000.0
292666,2025-06-08,700000.0
292671,2025-06-19,10000.0
292733,2025-06-22,25000.0
292808,2025-05-29,15000000.0
292878,2016-09-22,0.0
293000,2023-10-18,0.0
293168,2025-06-17,1500000.0
293194,2025-06-16,4500000.0
293213,2025-06-17,4500000.0
293223,2025-08-05,0.0
293247,2025-06-09,600000.0
293258,2025-06-12,275000.0
293450,2025-06-17,200000.0
293513,2018-08-27,0.0
293533,2022-10-03,0.0
293709,2025-06-17,175000.0
293759,2025-06-19,75000.0
293777,2021-09-28,0.0
293941,2025-05-28,225000.0
293944,2025-05-27,2500000.0
294008,2025-06-24,50000.0
294022,2024-09-26,0.0
294056,2024-03-06,0.0
294057,2025-05-29,42000000.0
294134,2023-10-18,0.0
294221,2025-05-19,75000.0
294321,2025-05-29,700000.0
294322,2025-06-22,250000.0
294525,2025-05-26,1800000.0
294702,2016-11-11,0.0
294707,2025-05-12,100000.0
294778,2025-06-08,600000.0
294840,2025-05-14,100000.0
294847,2025-05-21,10000.0
294853,2025-06-01,6000000.0
294873,2025-09-04,4000000.0
295022,2025-06-25,150000.0
295168,2016-07-09,0.0
295433,2025-05-18,300000.0
295483,2025-06-15,700000.0
295572,2025-06-17,1200000.0
295624,2025-05-27,200000.0
295804,2025-03-09,0.0
295955,2025-06-17,1200000.0
296061,2025-06-16,100000.0
296102,2025-06-19,125000.0
296166,2024-08-31,0.0
296227,2025-05-27,600000.0
296345,2025-04-03,0.0
296422,2025-06-02,1200000.0
296582,2025-05-26,2800000.0
296622,2025-05-29,20000000.0
296748,2025-06-15,50000.0
296783,2025-06-04,5000000.0
296838,2025-06-24,200000.0
296897,2025-06-10,500000.0
296946,2025-05-14,75000.0
297096,2019-09-27,0.0
297194,2025-06-08,900000.0
297257,2025-05-26,3000000.0
297365,2025-06-24,175000.0
297376,2025-06-09,450000.0
297467,2025-06-22,200000.0
297471,2025-06-24,250000.0
297483,2024-01-29,0.0
297629,2021-06-23,0.0
297693,2025-05-27,650000.0
298091,2025-05-29,6000000.0
298197,2025-06-08,6000000.0
298240,2025-09-10,0.0
298410,2025-06-29,400000.0
298587,2019-06-14,0.0
298613,2025-06-23,500000.0
298662,2025-05-18,500000.0
298678,2025-06-25,150000.0
299121,2024-07-28,0.0
299492,2023-12-31,0.0
299715,2025-05-07,200000.0
300168,2025-06-08,2500000.0
300334,2025-06-19,25000.0
300532,2025-06-16,2500000.0
300536,2025-06-17,225000.0
300600,2025-06-04,600000.0
300708,2023-02-07,0.0
300716,2025-05-29,9000000.0
301708,2024-09-26,0.0
301721,2025-04-03,75000.0
301966,2024-09-24,0.0
302278,2019-01-31,0.0
302289,2016-06-30,0.0
302417,2025-07-27,0.0
303206,2020-05-10,0.0
303248,2025-06-24,250000.0
303414,2018-05-18,0.0
303417,2019-06-30,0.0
303429,2017-11-04,0.0
303845,2023-10-18,0.0
304241,2022-10-03,0.0
304242,2020-02-10,0.0
304892,2025-05-22,200000.0
305076,2025-05-12,300000.0
305274,2025-06-17,600000.0
305425,2025-06-08,500000.0
305434,2025-05-01,125000.0
305853,2025-05-14,25000.0
305957,2025-06-24,200000.0
306042,2018-01-23,0.0
306222,2025-06-24,350000.0
306230,2022-06-30,0.0
306233,2021-06-30,0.0
306293,2019-02-18,0.0
306382,2025-05-26,1000000.0
306383,2025-05-27,100000.0
306384,2025-01-23,0.0
306939,2019-01-07,0.0
306947,2017-05-06,0.0
307389,2025-05-27,50000.0
307485,2025-05-29,150000.0
307509,2025-06-18,800000.0
307511,2025-06-05,300000.0
307689,2025-05-29,175000.0
307696,2023-07-16,0.0
307817,2025-06-05,600000.0
307843,2025-06-05,200000.0
307870,2025-06-11,1000000.0
307871,2025-05-29,225000.0
307947,2023-06-28,0.0
308214,2025-05-28,500000.0
308256,2025-06-19,300000.0
308300,2021-10-04,0.0
308444,2025-06-17,600000.0
308615,2024-09-26,0.0
308632,2025-06-17,500000.0
309110,2025-06-08,22000000.0
309174,2023-03-06,0.0
309397,2025-06-18,450000.0
309398,2025-06-22,125000.0
309475,2025-06-25,100000.0
309492,2021-06-30,0.0
309841,2025-06-17,400000.0
310066,2025-06-09,100000.0
310343,2025-06-25,0.0
310361,2025-06-09,300000.0
310437,2022-10-03,0.0
310441,2025-04-03,50000.0
310639,2025-05-25,1500000.0
310720,2024-09-24,0.0
311287,2025-06-18,400000.0
311344,2015-08-27,0.0
311696,2025-06-24,300000.0
311739,2025-06-09,700000.0
312123,2025-06-18,800000.0
312178,2023-06-30,0.0
312314,2025-09-04,2500000.0
312317,2025-06-02,450000.0
312486,2017-06-30,0.0
312520,2025-06-26,300000.0
312531,2024-03-06,0.0
312570,2025-05-25,650000.0
312678,2025-06-17,3000000.0
312704,2023-10-18,0.0
312731,2025-06-19,800000.0
312735,2025-03-16,0.0
313094,2025-05-27,6500000.0
313097,2025-06-08,325000.0
313137,2025-05-28,750000.0
313241,2025-06-03,250000.0
313399,2024-02-05,0.0
313741,2025-06-09,400000.0
314140,2025-05-26,4000000.0
314237,2025-06-17,300000.0
314242,2025-04-03,250000.0
314317,2020-06-27,0.0
314353,2025-05-29,75000000.0
314366,2025-06-17,175000.0
314367,2025-05-26,12000000.0
314381,2025-06-17,600000.0
314416,2016-05-31,0.0
314457,2023-10-18,0.0
314838,2025-05-27,100000.0
314854,2025-04-03,75000.0
314862,2025-06-01,150000.0
314965,2025-06-16,1500000.0
315040,2024-01-29,0.0
315060,2024-06-16,0.0
315088,2019-05-03,0.0
315106,2018-06-30,0.0
315110,2025-05-26,2000000.0
315111,2022-10-03,0.0
315112,2020-06-27,0.0
315124,2025-05-04,150000.0
315125,2025-05-25,2500000.0
315128,2025-05-27,1600000.0
315138,2025-06-16,600000.0
315140,2025-06-08,250000.0
315185,2022-10-03,0.0
315202,2024-09-26,0.0
315208,2025-06-24,1000000.0
315209,2025-06-24,225000.0
315233,2025-05-27,1000000.0
315235,2025-05-04,300000.0
315238,2023-10-18,0.0
315280,2025-06-11,500000.0
315312,2025-06-23,600000.0
315474,2025-09-07,450000.0
315619,2025-06-17,225000.0
315751,2025-04-03,0.0
315753,2025-06-24,50000.0
315761,2025-06-11,300000.0
315772,2025-05-07,250000.0
315889,2017-12-13,0.0
315932,2025-03-17,0.0
315969,2025-06-16,50000000.0
316067,2025-06-26,200000.0
316230,2025-04-03,100000.0
316269,2025-06-02,300000.0
316312,2025-06-17,300000.0
316490,2025-05-07,75000.0
316613,2025-06-09,600000.0
316748,2024-03-06,0.0
316932,2023-07-25,0.0
317420,2023-03-06,0.0
317424,2018-06-30,0.0
317444,2025-06-18,900000.0
317454,2025-06-04,8500000.0
317482,2025-06-08,750000.0
317739,2025-06-10,325000.0
317818,2025-06-24,300000.0
317835,2024-09-26,0.0
318096,2020-03-06,0.0
318204,2025-06-04,20000000.0
318361,2024-07-19,0.0
318508,2025-05-27,20000000.0
318799,2025-07-11,0.0
319009,2022-10-03,0.0
319318,2025-06-15,200000.0
319368,2025-06-02,150000.0
319630,2024-09-26,0.0
319691,2025-06-01,600000.0
319745,2025-06-08,10000000.0
319774,2025-06-02,225000.0
319851,2025-05-26,400000.0
319922,2025-06-02,150000.0
320107,2023-10-18,0.0
320259,2025-06-24,200000.0
320440,2025-06-11,5000000.0
320466,2025-06-24,150000.0
320808,2025-06-17,50000.0
320826,2025-06-22,75000.0
321054,2025-06-30,0.0
321096,2025-06-05,250000.0
321155,2025-06-04,1000000.0
321202,2025-06-16,150000.0
321239,2025-09-04,7000000.0
321310,2021-12-03,0.0
321535,2022-04-07,0.0
321571,2022-01-05,100000.0
321579,2025-06-17,200000.0
321663,2025-04-03,50000.0
321666,2021-10-04,0.0
321847,2025-06-05,250000.0
321870,2025-06-05,400000.0
321874,2025-06-05,300000.0
321970,2022-06-27,0.0
321994,2024-03-06,0.0
322077,2025-06-04,1500000.0
322293,2025-06-15,2000000.0
322296,2022-06-30,0.0
322497,2022-10-03,0.0
322506,2025-06-18,1000000.0
322520,2022-10-03,0.0
322616,2025-06-03,500000.0
322655,2025-06-16,2700000.0
322761,2025-06-22,200000.0
322781,2022-10-03,0.0
322843,2025-06-05,350000.0
322985,2025-05-26,16000000.0
323422,2025-06-01,450000.0
323435,2023-01-02,0.0
323452,2025-06-05,2000000.0
323589,2025-06-24,850000.0
323618,2025-01-09,0.0
323652,2025-05-26,900000.0
323891,2025-06-25,275000.0
323903,2025-06-19,350000.0
323920,2025-06-09,250000.0
323944,2025-06-05,400000.0
324112,2017-07-20,0.0
324117,2025-06-29,125000.0
324137,2023-10-18,0.0
324152,2025-06-22,300000.0
324358,2025-05-29,40000000.0
324513,2024-09-26,0.0
324690,2025-06-16,7000000.0
324727,2025-05-25,200000.0
324760,2025-06-10,250000.0
324795,2025-06-02,9000000.0
324803,2025-06-17,750000.0
324851,2025-06-10,700000.0
324895,2019-09-15,0.0
324957,2025-06-08,400000.0
325089,2025-05-01,100000.0
325199,2019-06-09,0.0
325214,2025-06-17,600000.0
325524,2024-09-24,0.0
325600,2025-05-25,600000.0
325603,2025-06-04,800000.0
325816,2019-06-16,0.0
325887,2025-06-08,3000000.0
325924,2025-06-11,2500000.0
325938,2023-10-18,0.0
325984,2015-08-24,0.0
326103,2015-06-30,0.0
326346,2025-06-10,450000.0
326520,2017-11-30,0.0
326585,2024-09-26,0.0
326594,2025-06-17,300000.0
326701,2025-06-03,1500000.0
326843,2024-03-06,0.0
327126,2025-06-08,900000.0
327207,2025-05-26,400000.0
327536,2025-06-09,600000.0
327650,2025-06-24,300000.0
327657,2025-06-24,150000.0
328105,2019-01-31,0.0
328354,2019-04-09,0.0
328455,2025-06-23,400000.0
328770,2025-06-02,600000.0
328879,2019-07-02,0.0
329013,2025-06-18,1700000.0
329324,2025-06-22,100000.0
329493,2018-06-30,0.0
329504,2019-07-14,0.0
329648,2025-06-24,50000.0
329723,2025-05-29,1500000.0
329738,2025-06-05,200000.0
329812,2025-06-16,8000000.0
329847,2018-10-22,0.0
329893,2024-09-09,0.0
329924,2025-06-17,900000.0
330035,2024-12-31,0.0
330066,2025-05-28,150000.0
330085,2025-06-05,7500000.0
330175,2019-04-06,0.0
330186,2025-05-07,200000.0
330269,2025-06-10,400000.0
330351,2025-06-24,50000.0
330682,2025-06-15,1000000.0
330685,2023-03-06,0.0
330819,2025-08-07,0.0
330824,2025-06-24,650000.0
330876,2025-06-17,600000.0
330909,2025-06-16,350000.0
330985,2025-06-24,250000.0
331059,2025-06-03,8000000.0
331356,2025-06-24,150000.0
331376,2025-06-01,150000.0
331498,2025-05-29,500000.0
331511,2025-06-04,20000000.0
331549,2025-06-17,150000.0
331553,2019-07-31,0.0
331574,2023-10-18,0.0
331756,2025-04-03,700000.0
331757,2025-06-19,200000.0
331975,2025-02-06,0.0
331984,2022-06-24,0.0
332046,2025-01-12,0.0
332054,2018-05-18,0.0
332248,2025-06-01,200000.0
332305,2025-06-23,2000000.0
332392,2025-06-18,1500000.0
332560,2025-06-02,3000000.0
332693,2017-01-25,0.0
332705,2025-05-29,18000000.0
332736,2025-04-03,0.0
332800,2025-05-27,150000.0
332889,2025-06-02,9000000.0
332961,2019-05-28,0.0
333075,2025-05-07,175000.0
333175,2025-06-01,800000.0
333198,2018-11-30,0.0
333239,2025-06-10,400000.0
333451,2025-05-07,100000.0
333513,2025-06-17,300000.0
333516,2025-06-10,500000.0
333633,2025-07-31,0.0
333637,2025-06-05,250000.0
333640,2025-05-27,1500000.0
333645,2021-07-08,0.0
333654,2023-03-06,0.0
333661,2025-06-10,175000.0
333664,2018-07-14,0.0
333694,2023-03-06,0.0
334042,2025-05-22,7000000.0
334045,2023-10-18,0.0
334049,2022-10-03,0.0
334092,2020-05-16,0.0
334222,2025-06-23,3500000.0
334238,2025-06-10,250000.0
334264,2025-06-09,125000.0
334276,2020-03-26,0.0
334321,2025-06-09,250000.0
334371,2025-06-18,200000.0
334495,2025-05-27,800000.0
334511,2025-05-21,125000.0
334526,2025-06-02,30000000.0
334531,2018-01-07,0.0
334566,2024-03-03,0.0
334586,2025-06-01,2300000.0
334632,2022-10-03,0.0
334663,2020-01-05,0.0
334721,2025-06-17,500000.0
334802,2025-06-16,4000000.0
334803,2025-06-16,1000000.0
334998,2023-06-30,0.0
335100,2025-06-10,350000.0
335221,2025-06-23,600000.0
335226,2025-06-24,250000.0
335270,2023-06-13,0.0
335298,2025-09-07,700000.0
335356,2022-10-03,0.0
335400,2024-09-26,0.0
335427,2025-06-26,100000.0
335591,2025-06-29,175000.0
335598,2025-06-17,500000.0
335603,2025-04-03,100000.0
335615,2025-05-26,800000.0
335635,2016-06-30,0.0
335698,2023-03-06,0.0
335768,2025-05-12,300000.0
335927,2024-08-14,0.0
335998,2025-06-10,275000.0
336039,2025-05-27,100000.0
336041,2025-06-24,200000.0
336072,2022-10-03,0.0
336077,2025-05-29,8000000.0
336170,2025-05-07,200000.0
336182,2025-06-04,1200000.0
336303,2025-09-01,200000.0
336307,2025-06-16,1300000.0
336308,2024-09-24,0.0
336317,2025-04-03,150000.0
336326,2025-06-30,0.0
336330,2024-09-26,0.0
336360,2025-05-21,10000.0
336390,2025-06-26,100000.0
336587,2025-06-16,175000.0
336640,2025-05-26,800000.0
336644,2025-06-22,125000.0
336672,2025-06-23,75000.0
336697,2025-06-05,350000.0
336735,2024-07-07,0.0
336863,2025-06-24,50000.0
337027,2022-07-31,0.0
337031,2025-06-18,800000.0
337036,2025-06-04,1800000.0
337062,2025-06-29,275000.0
337082,2025-06-18,1000000.0
337090,2025-06-22,125000.0
337152,2025-04-03,0.0
337181,2018-09-30,0.0
337282,2025-06-02,600000.0
337408,2024-09-26,0.0
337409,2016-06-30,0.0
337416,2025-05-14,75000.0
337448,2024-09-26,0.0
337658,2018-01-12,0.0
337670,2025-05-27,600000.0
337781,2025-04-03,225000.0
337805,2025-07-03,0.0
337891,2017-09-27,0.0
337921,2025-06-19,450000.0
337977,2025-06-24,100000.0
338076,2025-06-30,0.0
338169,2025-06-04,800000.0
338226,2025-06-24,200000.0
338287,2025-06-24,100000.0
338291,2025-06-29,175000.0
338401,2025-05-15,175000.0
338628,2025-04-23,250000.0
338652,2025-04-23,350000.0
338783,2025-06-19,50000.0
338794,2025-06-17,1600000.0
338801,2025-06-19,50000.0
338817,2025-04-23,400000.0
338838,2025-06-19,175000.0
338888,2025-09-03,0.0
338939,2025-06-17,350000.0
339340,2025-05-27,8000000.0
339411,2019-01-14,0.0
339699,2025-06-03,2500000.0
339709,2024-03-06,0.0
339814,2024-09-01,0.0
339824,2018-07-06,0.0
339826,2025-06-05,250000.0
339851,2016-07-15,0.0
340075,2025-06-18,200000.0
340166,2025-06-11,5000000.0
340177,2025-06-01,2500000.0
340178,2022-10-03,0.0
340201,2017-06-30,0.0
340256,2025-06-09,50000.0
340260,2025-06-18,100000.0
340309,2023-03-14,0.0
340324,2025-05-29,18000000.0
340329,2025-05-29,22000000.0
340337,2018-07-01,0.0
340456,2025-05-29,25000000.0
340459,2025-06-04,2500000.0
340487,2025-06-11,600000.0
340507,2025-06-01,500000.0
340728,2025-06-17,650000.0
340736,2025-06-12,250000.0
340775,2025-06-08,750000.0
340784,2025-06-17,200000.0
340870,2025-06-23,900000.0
340879,2025-05-26,13000000.0
340967,2025-06-17,750000.0
341009,2020-01-05,0.0
341230,2024-09-24,0.0
341281,2020-07-31,0.0
341437,2018-06-30,0.0
341438,2024-09-01,0.0
341553,2019-08-26,0.0
341642,2025-03-31,0.0
341646,2025-06-17,200000.0
341649,2025-06-19,150000.0
341678,2025-09-08,300000.0
341717,2024-09-04,0.0
341724,2025-06-24,200000.0
341991,2020-07-22,0.0
342013,2025-04-03,0.0
342063,2025-06-09,300000.0
342126,2021-04-12,0.0
342134,2025-05-01,400000.0
342165,2025-06-10,275000.0
342208,2025-05-25,200000.0
342215,2019-04-29,0.0
342217,2022-10-03,0.0
342364,2022-10-03,0.0
342407,2025-03-27,0.0
342472,2025-05-22,450000.0
342490,2025-06-17,250000.0
342719,2025-06-03,700000.0
342971,2025-06-19,175000.0
342995,2025-06-19,125000.0
343044,2025-05-15,650000.0
343065,2025-09-07,500000.0
343158,2025-06-05,2000000.0
343236,2019-06-13,0.0
343273,2025-06-08,800000.0
343334,2025-06-04,250000.0
343337,2025-06-04,800000.0
343463,2025-06-08,3500000.0
343504,2025-06-26,300000.0
343555,2024-09-26,0.0
343970,2023-06-30,0.0
344151,2025-06-17,1700000.0
344381,2025-05-29,35000000.0
344541,2025-04-03,125000.0
344581,2025-06-16,200000.0
344584,2025-06-16,200000.0
344587,2023-10-18,0.0
344589,2025-06-17,325000.0
344596,2025-06-02,5000000.0
344599,2025-06-01,1200000.0
344605,2025-05-29,12000000.0
344676,2025-05-12,450000.0
344830,2025-05-26,5000000.0
344843,2025-05-01,200000.0
344854,2025-05-25,3500000.0
344892,2025-06-01,4000000.0
345083,2025-06-23,400000.0
345349,2016-07-31,0.0
345368,2025-06-19,275000.0
345401,2025-06-26,100000.0
345545,2025-05-21,100000.0
345547,2022-11-24,0.0
345621,2025-06-04,1200000.0
345700,2025-06-17,2000000.0
345760,2025-05-26,2500000.0
345772,2025-04-03,125000.0
345843,2017-06-30,0.0
345901,2025-05-28,225000.0
346018,2025-05-29,2500000.0
346122,2023-11-12,0.0
346237,2025-06-17,150000.0
346289,2025-06-08,2000000.0
346314,2025-05-29,25000000.0
346315,2025-06-16,3500000.0
346332,2025-06-10,225000.0
346467,2025-05-26,1200000.0
346483,2025-05-29,28000000.0
346645,2020-09-14,0.0
346707,2025-05-29,20000000.0
346849,2025-06-17,4000000.0
346850,2023-10-06,0.0
346855,2025-05-29,300000.0
346884,2025-06-09,150000.0
346895,2024-03-06,0.0
346898,2025-06-09,3000000.0
346901,2025-03-13,0.0
346903,2025-06-17,800000.0
346904,2025-06-09,400000.0
346922,2025-06-05,200000.0
346935,2025-06-05,2000000.0
347091,2023-10-31,0.0
347097,2025-06-09,25000.0
347184,2025-06-26,250000.0
347204,2024-03-06,0.0
347212,2023-10-18,0.0
347252,2019-10-24,0.0
347291,2025-05-28,1500000.0
347389,2025-05-26,2500000.0
347473,2025-06-16,250000.0
347577,2025-05-25,3000000.0
347619,2025-06-16,1000000.0
347623,2019-07-31,0.0
347722,2025-06-10,125000.0
347849,2025-06-17,700000.0
347932,2025-05-25,2000000.0
347958,2025-05-28,1300000.0
348026,2025-06-04,10000000.0
348214,2025-06-10,175000.0
348332,2023-10-18,0.0
348349,2025-05-18,500000.0
348391,2025-06-22,100000.0
348553,2025-06-24,200000.0
348623,2025-05-26,4000000.0
348778,2025-06-18,350000.0
348854,2021-09-28,0.0
348875,2025-06-17,400000.0
349036,2022-10-03,0.0
349310,2023-10-31,0.0
349347,2022-06-30,0.0
349499,2022-10-03,0.0
349518,2020-06-30,0.0
349530,2025-06-10,75000.0
349567,2025-05-27,500000.0
349571,2022-12-31,0.0
349581,2017-06-30,0.0
349599,2025-05-29,30000000.0
349706,2025-06-04,1000000.0
349735,2023-10-18,0.0
349742,2017-12-31,0.0
349796,2025-06-19,100000.0
349825,2023-11-12,0.0
349829,2022-10-03,0.0
349836,2024-12-31,0.0
349873,2025-06-24,150000.0
349884,2025-06-23,800000.0
349903,2025-06-02,600000.0
350001,2025-06-24,100000.0
350197,2025-06-23,1200000.0
350219,2025-06-02,40000000.0
350311,2025-06-11,750000.0
350401,2022-10-03,0.0
350730,2019-07-02,0.0
350766,2025-04-03,0.0
351031,2019-05-04,0.0
351155,2023-08-04,0.0
351283,2016-06-30,0.0
351361,2018-12-07,0.0
351405,2025-06-01,100000.0
351477,2025-06-04,175000.0
351523,2025-06-25,125000.0
351524,2025-06-17,400000.0
351540,2025-03-03,0.0
351772,2025-05-28,225000.0
351895,2025-06-26,800000.0
351897,2025-06-02,325000.0
351933,2025-08-07,0.0
351977,2018-06-30,0.0
351978,2025-06-23,275000.0
351989,2024-09-26,0.0
352004,2019-08-02,0.0
352088,2022-10-03,0.0
352324,2025-09-04,8000000.0
352332,2025-06-18,600000.0
352334,2019-02-22,0.0
352392,2025-06-11,2000000.0
352464,2025-03-20,0.0
352558,2021-08-31,0.0
352567,2025-06-11,550000.0
352659,2025-06-24,275000.0
352717,2022-10-03,0.0
352721,2025-06-19,75000.0
352815,2025-01-09,0.0
352909,2023-10-10,0.0
352916,2024-03-06,0.0
352918,2025-06-22,275000.0
352979,2021-09-02,0.0
353032,2025-06-08,8000000.0
353147,2025-06-16,200000.0
353148,2021-01-15,0.0
353266,2025-06-04,200000.0
353366,2025-06-16,25000000.0
353371,2025-05-25,150000.0
353400,2023-10-18,0.0
353418,2025-06-09,350000.0
353479,2025-06-29,150000.0
353573,2022-10-03,0.0
353843,2023-03-06,0.0
353878,2025-05-28,400000.0
353892,2025-06-04,25000000.0
353900,2025-05-28,375000.0
353922,2025-06-17,6000000.0
353940,2025-05-25,75000.0
353958,2023-10-18,0.0
354063,2021-07-27,0.0
354069,2025-06-05,800000.0
354134,2025-06-17,600000.0
354232,2022-10-03,0.0
354259,2025-06-19,200000.0
354264,2025-06-19,150000.0
354335,2025-09-11,800000.0
354352,2025-06-16,2500000.0
354482,2025-06-02,10000000.0
354567,2025-06-17,500000.0
354595,2015-08-30,0.0
354613,2025-06-04,800000.0
354640,2025-07-31,0.0
354697,2025-06-23,600000.0
354702,2025-05-27,125000.0
354725,2023-01-06,0.0
354792,2025-06-04,4000000.0
354840,2025-06-04,200000.0
354898,2025-06-18,150000.0
355092,2017-07-03,0.0
355230,2025-04-03,200000.0
355471,2025-06-26,250000.0
355475,2017-06-30,0.0
355483,2024-03-06,0.0
355663,2025-06-08,500000.0
355861,2025-06-08,4000000.0
355915,2025-05-29,50000000.0
355997,2025-04-03,200000.0
356036,2025-06-24,150000.0
356042,2025-05-25,3000000.0
356046,2025-05-18,400000.0
356081,2025-06-11,11000000.0
356099,2025-05-25,1800000.0
356225,2025-06-25,0.0
356456,2025-06-22,75000.0
356546,2025-05-22,600000.0
356586,2025-05-27,1000000.0
356618,2025-06-16,150000.0
356621,2025-06-16,200000.0
356640,2025-06-18,450000.0
357003,2025-06-16,4000000.0
357047,2025-06-02,3000000.0
357066,2023-03-06,0.0
357091,2025-06-26,400000.0
357117,2025-06-02,3000000.0
357119,2025-05-29,60000000.0
357149,2025-05-29,200000.0
357162,2025-05-29,22000000.0
357174,2025-04-03,150000.0
357251,2025-06-09,250000.0
357423,2020-02-16,0.0
357745,2023-10-18,0.0
357770,2025-06-08,1200000.0
357791,2025-01-06,0.0
357809,2019-06-30,0.0
357842,2025-06-04,5000000.0
357871,2025-06-09,50000.0
357916,2024-01-30,0.0
357956,2025-06-01,650000.0
357997,2025-06-18,100000.0
358021,2025-05-27,1300000.0
358129,2023-10-18,0.0
358143,2025-06-04,2000000.0
358177,2025-04-03,200000.0
358206,2019-07-03,0.0
358416,2025-05-14,50000.0
358507,2025-06-09,1500000.0
358508,2022-10-03,0.0
358513,2020-06-30,0.0
358644,2020-07-22,0.0
358718,2025-06-22,250000.0
358719,2024-07-31,0.0
358907,2025-06-05,75000.0
359204,2025-06-17,225000.0
359238,2025-05-28,450000.0
359375,2024-03-14,0.0
359434,2015-12-31,0.0
359444,2017-11-05,0.0
360299,2023-10-26,0.0
360314,2024-05-09,0.0
360516,2025-05-26,250000.0
360517,2025-06-15,450000.0
360520,2025-05-27,550000.0
361032,2025-06-17,2000000.0
361070,2025-05-26,1200000.0
361089,2023-10-18,0.0
361126,2023-06-22,0.0
361207,2025-06-08,700000.0
361467,2025-05-21,225000.0
362108,2025-06-02,7000000.0
362184,2025-06-10,350000.0
362276,2025-06-08,250000.0
362358,2025-06-01,1000000.0
362364,2025-06-09,900000.0
362667,2025-06-03,10000000.0
363177,2024-07-12,0.0
363227,2025-06-16,1800000.0
363265,2016-12-08,0.0
363270,2025-06-09,25000.0
363617,2021-10-04,0.0
363731,2025-05-07,150000.0
363794,2025-06-05,500000.0
364238,2025-04-03,50000.0
364246,2025-06-08,400000.0
364258,2025-06-04,5500000.0
364314,2025-06-01,400000.0
364409,2025-06-02,3000000.0
364461,2021-06-06,0.0
364624,2025-04-03,75000.0
364658,2025-06-09,25000.0
364689,2019-11-14,0.0
364696,2025-06-02,650000.0
364853,2022-10-03,0.0
364896,2025-06-11,4500000.0
364971,2019-11-14,0.0
365032,2025-05-07,300000.0
365103,2025-06-09,100000.0
365107,2025-06-17,650000.0
365112,2025-06-09,250000.0
365210,2024-03-18,0.0
365931,2016-05-01,0.0
366102,2017-09-26,0.0
366146,2021-03-25,0.0
366278,2025-05-29,250000.0
366287,2025-06-05,700000.0
366456,2020-09-28,0.0
366458,2025-06-17,350000.0
366543,2025-05-28,600000.0
366645,2025-06-29,250000.0
366666,2025-05-21,25000.0
366746,2025-06-12,2000000.0
366883,2025-05-28,150000.0
366947,2023-03-06,0.0
366948,2025-06-08,1000000.0
366951,2022-10-03,0.0
367063,2025-06-04,1000000.0
367232,2025-06-25,550000.0
367255,2025-05-28,750000.0
367284,2025-06-04,10000000.0
367429,2025-06-04,800000.0
367468,2025-05-29,2500000.0
367552,2025-06-04,800000.0
367621,2025-05-14,75000.0
367706,2018-07-12,0.0
368825,2025-06-10,700000.0
368843,2019-12-31,0.0
368907,2025-05-04,200000.0
369098,2023-07-25,0.0
369171,2025-06-17,750000.0
369258,2025-06-10,250000.0
369315,2020-11-10,0.0
369424,2025-06-16,250000.0
369563,2025-06-29,225000.0
369599,2025-06-09,600000.0
369642,2025-05-27,25000.0
369650,2025-06-02,325000.0
369707,2025-05-21,100000.0
369888,2025-06-18,1000000.0
369896,2025-06-22,100000.0
370109,2023-10-31,0.0
370501,2020-10-05,0.0
370551,2024-09-26,0.0
370559,2025-05-26,250000.0
370664,2021-10-19,0.0
370791,2025-06-02,8000000.0
370859,2025-05-18,350000.0
370862,2024-01-16,0.0
370869,2025-05-18,200000.0
370894,2025-06-09,1800000.0
370995,2023-03-06,0.0
370997,2025-05-22,9000000.0
371009,2025-09-04,6000000.0
371011,2024-09-26,0.0
371088,2025-06-09,200000.0
371100,2025-05-07,200000.0
371142,2025-05-26,1000000.0
371147,2025-06-17,50000.0
371167,2025-06-04,250000.0
371175,2025-05-18,550000.0
371259,2024-04-21,0.0
371262,2025-05-26,3200000.0
371502,2019-03-28,0.0
371533,2024-12-31,0.0
371564,2025-06-22,200000.0
371814,2025-05-26,3000000.0
371914,2025-06-26,100000.0
371990,2023-10-31,0.0
371998,2025-06-08,170000000.0
372050,2025-06-24,300000.0
372163,2025-06-11,175000.0
372201,2025-06-17,375000.0
372472,2023-03-06,0.0
374838,2020-06-30,0.0
374984,2025-06-16,125000.0
375039,2025-06-08,650000.0
375137,2025-06-17,7000000.0
375434,2025-06-16,1200000.0
375476,2018-04-28,0.0
375532,2025-06-26,100000.0
375564,2025-06-04,150000.0
375610,2025-06-09,7500000.0
375710,2025-06-12,275000.0
375744,2025-05-27,175000.0
375770,2025-06-22,150000.0
375821,2025-05-28,1200000.0
375828,2018-10-22,0.0
375856,2025-05-28,1500000.0
375877,2025-05-26,4000000.0
375881,2025-06-08,1000000.0
376083,2025-05-21,225000.0
376230,2024-03-18,0.0
376484,2025-05-22,450000.0
376847,2025-08-31,0.0
376860,2025-05-22,400000.0
377112,2025-04-03,50000.0
377288,2023-11-12,0.0
377394,2025-05-25,250000.0
377434,2025-06-11,200000.0
377799,2025-06-26,200000.0
378174,2025-06-12,300000.0
378225,2025-04-23,150000.0
378482,2025-05-29,4000000.0
378972,2025-06-12,450000.0
379064,2025-07-22,0.0
379092,2025-06-18,250000.0
379093,2023-03-06,0.0
379369,2025-06-05,700000.0
379411,2025-06-02,250000.0
379438,2025-05-28,1600000.0
379534,2025-06-23,750000.0
379536,2022-10-03,0.0
379548,2025-06-23,2500000.0
379629,2025-05-29,125000.0
379666,2025-06-29,300000.0
379742,2025-05-25,250000.0
379743,2025-06-23,600000.0
379806,2022-06-30,0.0
379877,2025-05-14,75000.0
379979,2025-06-10,225000.0
379980,2025-04-03,175000.0
380026,2022-10-03,0.0
380146,2025-06-26,400000.0
380271,2024-03-06,0.0
380275,2025-03-20,0.0
380285,2025-06-08,450000.0
380301,2025-05-15,100000.0
380350,2025-05-29,20000000.0
380409,2025-03-20,0.0
380473,2025-05-26,6000000.0
380483,2017-09-25,0.0
380646,2022-06-30,0.0
380994,2023-06-30,0.0
381004,2025-06-08,150000.0
381230,2017-07-12,0.0
381312,2025-06-23,200000.0
381616,2025-08-31,0.0
381967,2025-06-08,8000000.0
382032,2025-07-17,0.0
382201,2016-12-14,0.0
382550,2025-06-29,150000.0
382642,2019-08-28,0.0
382774,2025-06-09,600000.0
382778,2025-04-03,125000.0
382836,2025-05-25,2500000.0
383014,2025-05-29,500000.0
383046,2025-08-31,0.0
383124,2025-03-13,0.0
383430,2024-03-06,0.0
383433,2024-03-06,0.0
383451,2025-06-19,25000.0
383617,2016-12-13,0.0
383637,2025-06-02,275000.0
383806,2025-06-23,300000.0
383807,2025-05-29,1000000.0
383883,2025-06-02,450000.0
384293,2023-03-06,0.0
384531,2025-06-23,100000.0
384553,2025-06-18,400000.0
384741,2025-06-04,600000.0
384744,2024-02-14,0.0
384745,2025-06-18,500000.0
384807,2025-04-03,100000.0
385255,2018-08-21,0.0
385454,2025-05-25,800000.0
385497,2017-07-01,0.0
385574,2017-09-26,0.0
385588,2017-07-31,0.0
385639,2025-06-26,1000000.0
385648,2018-08-22,0.0
385839,2025-04-23,600000.0
385917,2020-05-03,0.0
385918,2025-06-04,3000000.0
386049,2025-05-25,200000.0
386111,2025-06-22,100000.0
386148,2019-03-21,0.0
386150,2025-06-24,250000.0
386556,2016-12-03,0.0
386666,2025-06-24,150000.0
386668,2025-06-24,300000.0
386671,2021-06-30,0.0
386775,2025-06-23,50000.0
386784,2025-06-22,75000.0
386914,2025-05-27,4000000.0
386937,2025-06-29,150000.0
387102,2025-05-14,50000.0
387201,2025-06-10,100000.0
387321,2025-06-24,150000.0
387360,2023-10-18,0.0
387391,2024-01-16,0.0
387699,2022-10-03,0.0
387725,2025-06-10,175000.0
387925,2025-06-05,1800000.0
387966,2020-01-29,0.0
387968,2021-10-27,0.0
388001,2025-06-10,125000.0
388043,2018-06-30,0.0
388050,2018-06-30,0.0
388058,2025-06-18,400000.0
388119,2022-10-03,0.0
388121,2025-06-03,250000.0
388125,2025-06-08,1200000.0
388133,2023-11-12,0.0
388144,2025-06-08,700000.0
388165,2025-05-29,32000000.0
388198,2025-06-04,40000000.0
388241,2025-06-22,50000.0
388289,2025-06-29,1000000.0
388313,2025-05-18,150000.0
388409,2025-06-04,4000000.0
388513,2025-06-08,800000.0
388542,2025-06-23,500000.0
388555,2025-06-12,200000.0
388562,2019-06-30,0.0
388588,2025-04-03,150000.0
388610,2020-02-04,0.0
388636,2020-11-10,0.0
388644,2025-06-25,125000.0
388715,2020-01-05,0.0
388752,2022-02-06,0.0
388866,2022-08-09,0.0
388913,2025-06-24,450000.0
389051,2019-10-28,0.0
389078,2025-06-22,175000.0
389398,2025-05-12,100000.0
389996,2021-08-31,0.0
390048,2020-01-07,0.0
390157,2025-05-14,50000.0
390158,2025-05-14,75000.0
390162,2025-06-30,0.0
390168,2025-06-09,600000.0
390173,2024-03-06,0.0
390379,2025-06-17,2400000.0
390478,2025-05-27,1200000.0
390523,2025-06-15,125000.0
390638,2025-05-29,10000000.0
390661,2025-06-18,400000.0
391010,2020-02-17,0.0
391065,2025-06-02,20000000.0
391205,2025-06-24,100000.0
391282,2025-06-24,200000.0
391352,2022-10-03,0.0
391375,2025-06-01,300000.0
391376,2025-06-02,600000.0
391377,2025-06-01,700000.0
391379,2025-06-22,200000.0
391428,2023-09-10,0.0
391443,2024-09-26,0.0
391470,2025-06-29,150000.0
391474,2023-03-06,0.0
391632,2025-05-28,700000.0
391694,2022-10-03,0.0
391742,2025-06-18,1000000.0
392124,2025-06-04,150000.0
392160,2024-03-06,0.0
392179,2025-05-27,4500000.0
392256,2025-05-14,25000.0
392257,2024-03-06,0.0
392275,2025-09-07,700000.0
392487,2025-09-04,1200000.0
392714,2025-06-10,325000.0
392765,2025-05-29,30000000.0
392768,2025-05-29,25000000.0
393319,2025-01-29,0.0
393324,2022-11-08,0.0
393325,2025-05-26,16000000.0
393369,2017-01-26,0.0
393378,2025-06-19,250000.0
393581,2025-06-11,700000.0
393621,2025-06-02,6000000.0
393769,2023-10-18,0.0
393796,2017-07-15,0.0
393825,2025-06-08,1200000.0
393922,2023-11-30,0.0
265819,2017-05-26,0.0
265900,2016-06-30,0.0
266025,2015-12-31,0.0
266333,2015-06-30,0.0
266414,2025-04-03,150000.0
266451,2025-06-11,500000.0
266729,2023-10-18,0.0
266807,2025-06-08,10000000.0
267116,2023-03-06,0.0
267330,2025-05-22,250000.0
267393,2025-06-01,75000.0
267430,2022-04-07,0.0
267445,2024-03-06,0.0
267450,2025-05-27,25000.0
267464,2025-01-02,0.0
267767,2025-05-21,50000.0
267772,2025-06-01,225000.0
267932,2024-02-11,0.0
267952,2025-06-19,25000.0
268093,2025-03-13,0.0
268117,2025-04-03,600000.0
268167,2025-06-03,800000.0
268175,2024-03-06,0.0
268237,2015-12-17,0.0
268310,2024-03-21,0.0
268327,2025-06-11,2000000.0
268335,2025-05-29,75000.0
268506,2025-06-05,700000.0
268642,2025-06-05,2000000.0
268729,2017-09-26,0.0
268819,2024-12-05,0.0
268926,2021-09-06,0.0
268940,2018-08-14,0.0
268946,2025-06-23,600000.0
268947,2014-10-20,0.0
268959,2025-06-23,400000.0
269093,2025-06-05,1000000.0
269166,2022-10-03,0.0
269171,2025-06-17,1700000.0
269558,2025-06-23,150000.0
269766,2025-03-13,0.0
269860,2025-06-05,200000.0
269862,2016-05-26,500000.0
270009,2022-10-03,0.0
270027,2025-06-18,500000.0
270035,2025-05-18,700000.0
270188,2025-06-05,3500000.0
270414,2024-12-31,0.0
270423,2018-10-22,0.0
270532,2023-11-12,0.0
270541,2025-06-04,45000000.0
271021,2025-06-23,1500000.0
271092,2025-06-24,50000.0
271320,2016-06-05,0.0
271325,2016-07-31,0.0
271335,2025-05-22,600000.0
271337,2025-06-23,175000.0
271377,2025-05-29,50000.0
271434,2018-06-30,0.0
271455,2025-06-08,900000.0
271495,2025-06-17,3600000.0
271498,2025-04-03,0.0
271585,2014-06-30,0.0
271608,2025-04-03,0.0
271718,2025-06-04,500000.0
271724,2023-11-30,0.0
271743,2025-06-08,350000.0
271787,2025-05-28,2200000.0
272036,2025-08-20,0.0
272206,2025-05-27,3500000.0
272215,2016-06-30,0.0
272413,2022-01-31,0.0
272476,2020-01-05,0.0
272554,2025-06-26,450000.0
272617,2025-06-01,300000.0
272618,2025-05-25,300000.0
272621,2025-05-28,175000.0
272634,2022-10-03,0.0
272636,2025-05-22,4000000.0
272643,2019-06-30,0.0
272689,2023-04-19,0.0
272706,2025-05-27,300000.0
272720,2018-08-21,0.0
272845,2025-06-22,100000.0
272930,2025-05-27,1000000.0
273012,2025-05-12,1200000.0
273236,2025-06-04,3000000.0
273404,2025-06-09,25000.0
273436,2019-07-02,0.0
273445,2025-05-27,75000.0
273937,2025-06-18,175000.0
274014,2019-06-30,0.0
274047,2025-06-05,450000.0
274058,2025-05-21,125000.0
274061,2025-05-01,250000.0
274149,2014-06-30,0.0
274466,2025-06-24,75000.0
274536,2025-05-15,1500000.0
274571,2024-09-26,0.0
274766,2022-01-02,0.0
274839,2025-05-29,15000000.0
274860,2015-08-31,0.0
274940,2022-12-31,0.0
274958,2025-06-01,150000.0
274963,2025-05-25,1300000.0
274984,2025-06-15,200000.0
274989,2023-01-07,0.0
275003,2023-12-31,0.0
275027,2020-06-28,0.0
275303,2025-06-02,2500000.0
275321,2016-02-01,0.0
275361,2024-03-05,0.0
275381,2025-06-01,4700000.0
275385,2025-06-24,400000.0
275457,2024-10-01,0.0
275507,2019-07-02,0.0
275539,2025-06-25,0.0
275620,2018-06-30,0.0
275914,2023-03-06,0.0
275949,2024-06-30,0.0
276035,2023-03-06,0.0
276111,2025-06-23,1400000.0
276255,2025-06-01,250000.0
276376,2024-09-24,0.0
276541,2019-07-04,0.0
276727,2023-08-24,0.0
276757,2025-06-30,0.0
276894,2015-01-12,0.0
276914,2025-06-17,800000.0
276998,2025-07-14,0.0
277274,2024-03-06,0.0
277288,2016-08-01,0.0
277318,2025-06-04,2500000.0
277335,2025-06-05,400000.0
277469,2023-10-18,0.0
277560,2025-06-24,50000.0
277845,2022-10-03,0.0
277962,2025-06-22,400000.0
278151,2019-02-14,0.0
278359,2025-06-08,3000000.0
278402,2024-12-31,0.0
278488,2018-11-20,0.0
278524,2025-03-13,0.0
278553,2025-06-24,200000.0
278569,2025-06-10,125000.0
278796,2025-06-15,800000.0
278869,2017-11-04,0.0
278958,2016-06-30,0.0
278985,2025-02-11,0.0
279018,2025-06-23,75000.0
279090,2025-08-05,0.0
279480,2021-09-07,0.0
279644,2020-04-05,0.0
279777,2020-06-30,0.0
279785,2025-05-07,50000.0
280275,2025-06-24,150000.0
280387,2025-06-02,4000000.0
280410,2025-02-02,0.0
280418,2015-12-17,0.0
280431,2024-03-06,0.0
280483,2016-09-30,0.0
280507,2015-08-31,0.0
280589,2025-06-18,325000.0
280727,2020-11-10,0.0
280795,2025-06-04,2500000.0
280968,2019-01-13,0.0
281404,2025-06-08,300000.0
281418,2020-01-13,0.0
281436,2017-10-18,0.0
281588,2025-06-23,300000.0
281606,2014-09-23,0.0
281611,2025-06-01,250000.0
281614,2023-10-18,0.0
281615,2023-03-06,0.0
281670,2015-04-03,0.0
281704,2024-03-06,0.0
281706,2014-06-30,0.0
281805,2023-03-06,0.0
281926,2025-05-25,250000.0
281989,2025-06-08,3500000.0
282008,2025-06-24,50000.0
282028,2025-06-02,1200000.0
282058,2024-09-30,0.0
282073,2025-04-03,0.0
282104,2025-06-10,200000.0
282163,2025-06-18,750000.0
282256,2025-06-17,100000.0
282372,2020-07-31,0.0
282421,2025-06-08,2000000.0
282435,2023-03-06,0.0
282464,2016-02-11,0.0
282513,2025-06-09,150000.0
282544,2025-05-25,1300000.0
282577,2025-06-10,350000.0
282615,2025-06-24,275000.0
282672,2025-06-08,700000.0
282688,2025-06-24,100000.0
282722,2025-05-26,2200000.0
282734,2025-05-29,600000.0
282820,2025-06-08,400000.0
282821,2025-05-26,500000.0
282843,2025-06-02,250000.0
282873,2019-09-27,0.0
282900,2025-06-23,200000.0
282920,2025-05-14,50000.0
282945,2015-12-17,0.0
283127,2025-09-09,0.0
283140,2025-06-22,150000.0
283168,2017-03-10,0.0
283170,2025-06-08,8000000.0
283198,2025-06-19,25000.0
283286,2025-06-18,600000.0
283394,2023-01-09,0.0
283489,2025-06-23,1500000.0
283514,2025-05-26,2800000.0
283554,2016-06-30,0.0
283621,2025-06-16,2000000.0
284010,2025-06-04,12000000.0
284020,2025-06-09,200000.0
284047,2025-06-10,100000.0
284058,2025-06-10,350000.0
284177,2025-06-18,450000.0
284320,2025-06-17,850000.0
284346,2025-06-10,500000.0
284366,2025-01-02,75000.0
284660,2024-04-17,0.0
284688,2025-06-18,275000.0
284691,2025-06-09,150000.0
284695,2025-06-09,100000.0
284749,2016-07-19,0.0
284763,2018-01-01,0.0
284835,2025-06-24,200000.0
284884,2025-06-08,2000000.0
284890,2018-12-02,0.0
284891,2025-06-24,100000.0
284974,2024-09-24,0.0
285020,2024-12-15,0.0
285033,2025-06-17,350000.0
285126,2025-03-20,0.0
285283,2025-06-16,250000.0
285306,2022-10-03,0.0
285583,2025-06-29,100000.0
285613,2024-03-06,0.0
285663,2025-06-29,150000.0
285810,2025-06-19,800000.0
285845,2025-06-02,12000000.0
285919,2025-03-20,0.0
285951,2025-06-11,100000.0
286007,2025-04-23,600000.0
286252,2020-07-07,0.0
286266,2025-06-24,150000.0
286384,2025-06-08,2000000.0
286504,2025-05-28,1000000.0
286546,2025-06-05,250000.0
286622,2025-06-05,300000.0
286623,2025-06-05,200000.0
287191,2025-06-19,125000.0
287282,2023-01-20,0.0
287313,2024-09-26,0.0
287431,2023-02-13,0.0
287635,2025-06-02,700000.0
287700,2025-05-22,600000.0
287725,2016-06-29,0.0
287920,2025-06-04,2000000.0
287925,2025-06-24,50000.0
288218,2025-05-25,150000.0
288222,2023-10-18,0.0
288233,2025-05-27,400000.0
288236,2025-05-25,400000.0
288458,2014-08-03,0.0
288496,2025-06-26,700000.0
288506,2023-11-28,0.0
288522,2024-09-26,0.0
288524,2020-07-31,0.0
289003,2014-06-30,0.0
289042,2022-07-03,0.0
289196,2025-05-25,250000.0
289199,2025-06-24,50000.0
289236,2025-06-23,2200000.0
289240,2024-03-06,0.0
289257,2025-06-08,3000000.0
289258,2022-10-03,0.0
289267,2025-06-01,700000.0
289287,2025-06-24,150000.0
289432,2025-06-02,1200000.0
289510,2025-05-27,650000.0
289553,2025-04-23,400000.0
289614,2020-10-04,0.0
289645,2023-10-18,0.0
289792,2017-05-26,0.0
289802,2025-05-28,2700000.0
289844,2025-04-03,75000.0
289854,2020-06-08,0.0
290085,2025-06-04,1200000.0
290171,2025-06-02,450000.0
290346,2025-06-08,700000.0
290366,2025-06-22,350000.0
290500,2025-05-28,300000.0
290508,2025-05-29,700000.0
290530,2025-06-23,350000.0
290533,2025-06-23,500000.0
290537,2025-06-16,3500000.0
290549,2025-08-10,0.0
290551,2025-03-11,0.0
290561,2025-06-01,1500000.0
290604,2025-06-18,125000.0
290613,2025-05-15,175000.0
290677,2016-06-30,0.0
290768,2025-05-15,800000.0
290770,2019-02-24,0.0
291015,2023-03-06,0.0
291097,2025-05-26,1000000.0
291140,2024-09-26,0.0
291215,2023-10-18,0.0
291222,2025-06-18,3500000.0
291258,2025-05-18,25000.0
291262,2025-05-18,100000.0
291325,2025-07-16,0.0
291383,2025-06-09,200000.0
291415,2025-06-01,1200000.0
291586,2017-10-10,0.0
291592,2017-10-18,0.0
291689,2014-08-26,0.0
291746,2023-03-27,0.0
291748,2023-10-18,0.0
291760,2025-06-24,200000.0
291896,2025-06-09,150000.0
291947,2025-06-16,600000.0
291983,2016-01-06,0.0
292174,2025-06-15,225000.0
292236,2015-07-30,0.0
292299,2024-09-26,0.0
292326,2025-06-24,125000.0
292333,2025-06-24,150000.0
292353,2021-09-06,0.0
292393,2025-05-07,125000.0
292402,2022-10-03,0.0
292413,2016-11-19,0.0
292417,2025-05-26,3500000.0
292489,2023-06-30,0.0
292496,2025-06-24,50000.0
292541,2016-06-30,0.0
292558,2021-02-09,0.0
292734,2025-06-17,600000.0
292736,2022-06-30,0.0
292745,2025-04-03,200000.0
292817,2025-06-01,800000.0
293015,2025-05-29,250000.0
293084,2025-06-05,900000.0
293196,2025-05-26,250000.0
293355,2025-06-16,1000000.0
293357,2025-06-16,3000000.0
293367,2025-06-01,450000.0
293373,2020-08-13,0.0
293377,2018-04-10,0.0
293383,2025-06-24,300000.0
293385,2025-06-08,60000000.0
293387,2024-09-26,0.0
293569,2025-05-26,14000000.0
293592,2025-06-02,750000.0
293645,2021-07-29,0.0
293729,2025-06-17,500000.0
293746,2025-05-26,1800000.0
293956,2023-10-18,0.0
293982,2024-09-26,0.0
294020,2025-06-19,125000.0
294348,2025-03-13,0.0
294349,2024-09-24,0.0
294401,2025-06-24,600000.0
294576,2025-05-28,125000.0
294701,2025-04-03,150000.0
294804,2025-05-25,1200000.0
294817,2025-06-22,175000.0
294895,2025-06-29,100000.0
294912,2024-09-26,0.0
294931,2020-01-09,0.0
295059,2025-05-28,550000.0
295064,2025-06-25,300000.0
295085,2025-06-25,225000.0
295129,2017-03-14,0.0
295169,2023-03-06,0.0
295424,2025-05-25,2000000.0
295425,2022-10-03,0.0
296384,2025-06-17,400000.0
296397,2025-06-04,4000000.0
296415,2025-06-10,100000.0
296431,2025-06-10,125000.0
296471,2025-05-28,700000.0
296577,2025-06-29,0.0
296681,2025-06-12,500000.0
296694,2025-06-23,75000.0
296802,2025-05-27,7500000.0
296885,2025-05-28,150000.0
296913,2018-01-12,0.0
296944,2016-06-30,0.0
296986,2025-06-17,2000000.0
297370,2025-06-17,350000.0
297422,2024-01-22,0.0
297518,2018-12-20,0.0
297571,2025-06-29,100000.0
297583,2025-06-04,4000000.0
297661,2022-10-03,0.0
297663,2018-12-20,0.0
297675,2025-06-16,100000.0
298106,2018-02-11,0.0
298249,2025-06-24,50000.0
298336,2022-10-03,0.0
298575,2025-06-08,1500000.0
298576,2023-10-18,0.0
298580,2025-06-19,25000.0
298589,2025-05-27,7000000.0
298592,2018-07-16,0.0
298602,2024-09-05,0.0
298603,2025-06-18,4000000.0
298607,2021-06-30,0.0
298796,2025-05-25,3000000.0
298865,2017-01-07,0.0
299024,2025-05-18,250000.0
299063,2025-06-23,75000.0
299232,2025-07-21,0.0
299394,2025-06-17,200000.0
299422,2017-03-14,0.0
299717,2025-06-24,500000.0
299961,2025-04-03,200000.0
300086,2025-06-17,1000000.0
300181,2024-09-07,0.0
300502,2025-06-23,100000.0
300509,2025-06-30,0.0
301841,2022-10-03,0.0
301881,2025-06-25,450000.0
302416,2025-06-11,250000.0
302627,2025-05-07,125000.0
302991,2025-06-23,300000.0
303259,2025-06-08,20000000.0
303410,2025-06-09,400000.0
303455,2025-06-05,300000.0
303899,2025-06-17,100000.0
303939,2025-06-16,700000.0
304171,2022-10-03,0.0
304214,2023-02-16,0.0
304223,2022-10-03,0.0
304322,2023-12-28,600000.0
304870,2025-06-19,500000.0
305428,2025-06-05,700000.0
305946,2025-05-29,1000000.0
305956,2024-03-05,0.0
306039,2020-07-03,0.0
306164,2019-09-22,0.0
306224,2022-10-03,0.0
306294,2017-01-03,0.0
306668,2025-05-29,300000.0
306743,2019-02-09,0.0
307183,2025-06-04,1500000.0
307297,2025-06-17,150000.0
307300,2025-06-25,600000.0
307334,2025-06-01,175000.0
307362,2022-10-03,0.0
307591,2025-05-29,250000.0
307598,2025-06-05,200000.0
307641,2025-04-03,200000.0
307664,2025-06-05,250000.0
307667,2025-05-25,100000.0
307748,2023-03-06,0.0
307781,2025-05-26,1000000.0
307784,2022-10-03,0.0
307800,2025-06-11,1000000.0
307805,2025-06-24,150000.0
307867,2025-06-30,0.0
307883,2020-07-15,0.0
307887,2022-01-03,0.0
307939,2025-06-05,300000.0
308117,2025-06-17,200000.0
308469,2021-12-05,0.0
308551,2025-06-17,0.0
308560,2025-05-25,2000000.0
308650,2025-05-27,175000.0
309007,2025-04-03,75000.0
309196,2025-06-04,3000000.0
309393,2025-06-05,400000.0
309472,2025-06-05,500000.0
309474,2025-05-28,600000.0
309586,2019-06-28,0.0
309942,2017-09-22,0.0
309944,2025-06-16,1000000.0
309980,2024-10-29,250000.0
310527,2025-06-01,800000.0
311044,2025-06-08,1200000.0
311435,2025-06-24,200000.0
311486,2017-08-31,0.0
311665,2025-06-24,200000.0
311680,2025-05-25,1200000.0
311730,2025-05-27,600000.0
312017,2025-06-12,1500000.0
312051,2025-06-09,450000.0
312177,2025-03-05,0.0
312374,2025-06-17,75000.0
312446,2025-06-02,600000.0
312473,2025-05-27,50000.0
312594,2025-06-17,350000.0
312619,2025-06-24,150000.0
312666,2025-05-28,1500000.0
312684,2025-04-02,0.0
312848,2023-01-09,0.0
312862,2025-06-05,750000.0
312901,2022-11-30,0.0
313106,2025-04-03,225000.0
313286,2025-06-19,450000.0
313504,2025-05-27,400000.0
313691,2025-06-15,450000.0
313712,2025-05-07,150000.0
313855,2025-05-28,300000.0
313969,2022-01-31,0.0
314183,2025-05-26,3800000.0
314214,2025-06-10,350000.0
314215,2025-06-19,50000.0
314253,2025-06-17,800000.0
314266,2025-06-29,150000.0
314288,2025-06-04,3000000.0
314341,2025-05-26,1600000.0
314372,2024-12-20,0.0
314388,2025-04-03,50000.0
314868,2020-07-19,0.0
314886,2025-05-29,200000.0
314940,2025-06-30,0.0
314959,2025-04-03,150000.0
314989,2025-02-02,0.0
314997,2024-09-26,0.0
315037,2017-07-12,0.0
315063,2025-05-26,4500000.0
315078,2016-06-22,0.0
315096,2016-04-29,0.0
315130,2025-05-28,225000.0
315131,2025-04-03,500000.0
315145,2025-06-02,8000000.0
315169,2025-06-04,6000000.0
315205,2025-06-19,125000.0
315212,2025-06-19,75000.0
315215,2021-09-01,0.0
315253,2025-06-02,2000000.0
315332,2025-06-18,500000.0
315378,2022-10-03,0.0
315393,2023-10-18,0.0
315579,2024-03-06,0.0
315610,2024-09-26,0.0
315762,2025-09-11,2500000.0
315886,2024-09-03,0.0
315922,2015-12-31,0.0
315930,2025-04-03,350000.0
315970,2025-07-30,0.0
316047,2025-06-08,300000.0
316111,2025-06-26,175000.0
316125,2025-05-29,15000000.0
316280,2025-04-03,75000.0
316445,2025-06-05,400000.0
316750,2025-05-27,750000.0
316757,2023-01-09,0.0
316893,2020-11-10,0.0
317035,2025-06-03,350000.0
317114,2025-06-19,125000.0
317467,2025-06-08,500000.0
317583,2025-06-09,150000.0
317764,2025-05-27,750000.0
317846,2023-03-06,0.0
317847,2025-06-05,250000.0
318461,2025-05-07,125000.0
318645,2025-06-17,0.0
318707,2025-06-09,1200000.0
319162,2025-09-01,200000.0
319166,2018-12-20,0.0
319295,2017-06-29,0.0
319300,2023-10-18,0.0
319366,2025-07-03,0.0
319539,2023-07-31,0.0
319541,2025-06-24,250000.0
320046,2025-09-07,700000.0
320140,2025-09-07,550000.0
320263,2025-01-17,0.0
320408,2025-06-25,400000.0
320447,2025-06-24,100000.0
320694,2022-06-12,0.0
320913,2023-09-20,0.0
320915,2025-05-29,250000.0
321071,2025-06-10,125000.0
321247,2025-06-04,15000000.0
321311,2022-11-30,0.0
321370,2025-06-19,100000.0
322059,2025-06-09,150000.0
322061,2025-06-09,200000.0
322063,2018-04-04,0.0
322089,2024-09-24,0.0
322174,2025-05-25,1000000.0
322218,2022-10-03,0.0
322517,2025-06-18,2000000.0
322588,2025-04-03,250000.0
322696,2025-05-25,900000.0
323169,2025-06-24,150000.0
323253,2025-05-25,250000.0
323303,2022-08-11,0.0
323363,2025-06-15,350000.0
323462,2025-06-24,150000.0
323491,2015-06-30,0.0
323602,2025-04-23,700000.0
323704,2025-05-26,22000000.0
323740,2025-05-28,1800000.0
323831,2025-09-04,6000000.0
323838,2025-06-19,700000.0
323869,2025-08-21,175000.0
323875,2024-04-21,0.0
323876,2025-06-17,700000.0
323929,2025-03-31,0.0
324023,2025-06-16,200000.0
324161,2024-09-24,0.0
324223,2025-05-29,2500000.0
324278,2025-06-04,12000000.0
324321,2025-05-26,2500000.0
324344,2025-05-22,700000.0
324796,2025-06-09,4000000.0
324806,2025-05-29,1500000.0
324811,2025-06-04,5000000.0
324820,2024-12-26,0.0
324839,2024-09-26,0.0
324861,2025-06-18,2200000.0
324946,2025-06-01,400000.0
325090,2018-12-08,0.0
325196,2025-06-26,600000.0
325200,2025-06-01,600000.0
325213,2025-03-17,0.0
325216,2025-06-29,175000.0
325223,2025-06-02,4000000.0
325261,2025-06-23,100000.0
325368,2024-12-25,0.0
325459,2016-06-30,0.0
325510,2025-02-09,0.0
325598,2025-05-25,2300000.0
325727,2023-03-06,0.0
325852,2025-06-18,100000.0
325873,2020-05-10,0.0
325957,2019-09-01,0.0
326029,2025-05-29,25000000.0
326230,2025-05-26,900000.0
326427,2025-06-12,300000.0
326558,2016-06-30,0.0
326587,2025-06-19,100000.0
326738,2019-06-30,0.0
326851,2020-06-30,0.0
326921,2025-06-10,350000.0
326929,2020-08-27,0.0
327631,2025-06-10,200000.0
327774,2025-06-24,100000.0
328429,2025-06-16,100000.0
328480,2025-06-08,9000000.0
328648,2017-06-30,0.0
328784,2025-06-04,18000000.0
328908,2023-06-25,0.0
328959,2021-08-15,0.0
329148,2025-06-24,50000.0
329212,2025-06-11,350000.0
329373,2025-06-04,2000000.0
329508,2024-08-08,0.0
329713,2025-06-04,600000.0
329720,2025-06-05,3500000.0
329813,2025-05-29,800000.0
329814,2025-06-22,100000.0
329816,2024-09-24,0.0
329845,2025-06-05,300000.0
329849,2025-06-29,150000.0
330041,2025-06-15,300000.0
330060,2025-02-16,0.0
330172,2021-02-13,0.0
330289,2025-05-14,75000.0
330352,2025-06-23,1500000.0
330655,2025-06-24,150000.0
330659,2025-05-29,35000000.0
330795,2025-05-11,100000.0
330875,2023-03-06,0.0
330930,2025-05-04,150000.0
330931,2025-05-07,125000.0
331017,2025-06-02,350000.0
331056,2025-06-19,300000.0
331089,2025-04-03,150000.0
331092,2025-06-16,100000.0
331148,2025-06-22,125000.0
331362,2025-06-04,1500000.0
331365,2025-06-18,150000.0
331467,2025-05-26,100000.0
331496,2025-06-08,2000000.0
331497,2025-06-24,200000.0
331501,2025-06-22,500000.0
331502,2022-06-30,0.0
331540,2025-06-09,100000.0
331570,2025-06-16,125000.0
331630,2019-06-30,0.0
331726,2025-06-16,15000000.0
332041,2025-06-19,125000.0
332049,2025-05-28,125000.0
332140,2025-04-23,300000.0
332142,2025-06-01,300000.0
332323,2022-10-03,0.0
332402,2025-06-22,75000.0
332612,2025-06-17,1600000.0
332764,2025-05-25,800000.0
332829,2025-05-25,2000000.0
332864,2015-06-30,0.0
333004,2025-06-12,300000.0
333016,2025-06-17,1200000.0
333157,2024-09-26,0.0
333241,2025-05-29,35000000.0
333261,2025-06-16,225000.0
333347,2023-11-12,0.0
333355,2025-05-15,1200000.0
333361,2025-06-23,1800000.0
333496,2025-06-22,100000.0
333502,2023-03-06,0.0
333647,2025-06-04,35000000.0
333676,2017-07-12,0.0
333726,2023-10-18,0.0
333767,2025-06-23,275000.0
333903,2025-06-04,1000000.0
333904,2023-03-06,0.0
333923,2025-05-27,400000.0
333942,2025-06-22,175000.0
334006,2025-05-25,250000.0
334055,2025-06-01,1000000.0
334225,2025-06-10,325000.0
334336,2024-06-14,0.0
334499,2025-06-16,900000.0
334587,2025-06-23,125000.0
334627,2025-06-09,100000.0
334687,2025-06-29,300000.0
334810,2025-06-05,400000.0
335002,2024-03-05,0.0
335057,2016-11-29,0.0
335086,2025-05-25,1200000.0
335103,2025-06-18,4000000.0
335146,2025-06-11,400000.0
335177,2025-06-29,225000.0
335181,2025-06-29,100000.0
335225,2025-06-08,2500000.0
335247,2025-06-24,100000.0
335253,2017-07-20,0.0
335380,2025-06-05,350000.0
335455,2025-06-22,100000.0
335548,2025-06-01,200000.0
335631,2025-06-04,800000.0
335633,2016-06-30,0.0
335924,2025-06-23,0.0
335993,2025-06-04,5000000.0
336051,2025-06-23,1000000.0
336062,2023-07-24,0.0
336103,2025-06-24,300000.0
336158,2025-06-18,900000.0
336160,2025-06-01,450000.0
336163,2025-06-04,200000.0
336166,2025-05-07,300000.0
336305,2024-06-19,0.0
336313,2022-10-03,0.0
336474,2025-04-03,250000.0
336704,2018-12-31,0.0
336724,2025-03-12,0.0
336827,2025-07-21,0.0
336835,2024-06-30,0.0
336857,2025-04-03,175000.0
336975,2025-06-10,150000.0
336992,2017-09-26,0.0
337014,2023-10-31,0.0
337042,2025-06-18,700000.0
337066,2025-06-23,800000.0
337070,2025-06-23,300000.0
337202,2019-12-31,0.0
337237,2025-06-23,175000.0
337248,2025-06-23,75000.0
337290,2025-06-17,250000.0
337516,2025-06-24,275000.0
337640,2023-12-15,0.0
337645,2023-10-18,0.0
337669,2025-06-08,250000.0
337680,2025-06-10,25000.0
337787,2025-06-04,1200000.0
337800,2025-06-17,18000000.0
337807,2025-06-04,4000000.0
337873,2020-01-07,0.0
337915,2025-07-06,0.0
337917,2025-06-23,600000.0
337981,2025-04-01,0.0
338062,2020-09-16,0.0
338068,2025-07-17,0.0
338101,2025-06-01,250000.0
338198,2025-06-19,150000.0
338285,2025-06-08,3000000.0
338329,2025-06-24,200000.0
338416,2019-01-28,0.0
338420,2018-01-27,0.0
338424,2025-05-29,35000000.0
338425,2025-06-08,9000000.0
338441,2025-05-14,275000.0
338635,2025-05-26,3500000.0
338665,2025-04-23,400000.0
338668,2025-06-04,9000000.0
338836,2016-06-30,0.0
338879,2025-06-22,125000.0
339235,2025-06-17,600000.0
339253,2025-05-26,750000.0
339331,2025-04-03,0.0
339335,2025-04-03,75000.0
339451,2017-08-27,0.0
339556,2025-05-29,15000000.0
339816,2025-06-16,2000000.0
339820,2025-06-08,900000.0
339823,2024-03-06,0.0
339861,2025-06-29,150000.0
339943,2025-05-26,2200000.0
340005,2018-09-30,0.0
340088,2022-10-03,0.0
340113,2024-09-26,0.0
340164,2025-05-21,200000.0
340172,2025-06-08,2000000.0
340251,2025-06-17,125000.0
340311,2020-06-27,0.0
340322,2025-06-04,15000000.0
340328,2025-05-29,10000000.0
340331,2018-05-19,0.0
340453,2022-10-03,0.0
340491,2025-06-24,550000.0
340521,2025-05-29,700000.0
340530,2024-03-06,0.0
340538,2025-05-28,450000.0
340682,2025-06-23,400000.0
340700,2025-06-04,1200000.0
340791,2025-05-27,1200000.0
340846,2025-06-24,100000.0
340864,2025-05-29,700000.0
340880,2025-06-24,75000.0
340969,2023-03-06,0.0
340990,2025-05-26,4000000.0
341110,2025-06-08,800000.0
341265,2025-06-24,200000.0
341271,2025-06-24,350000.0
341278,2025-06-08,6000000.0
341295,2025-06-17,150000.0
341300,2025-06-08,1000000.0
341393,2025-05-27,3000000.0
341424,2025-05-27,350000.0
341462,2018-06-22,0.0
341501,2025-05-26,4500000.0
341549,2025-06-17,450000.0
341554,2017-09-14,0.0
341570,2025-06-24,300000.0
341701,2025-06-05,1700000.0
341713,2025-06-08,7500000.0
341762,2025-05-29,200000.0
341993,2025-05-26,500000.0
342024,2025-09-04,2500000.0
342039,2025-06-04,3500000.0
342047,2025-06-17,200000.0
342096,2025-06-09,100000.0
342209,2025-05-26,1200000.0
342213,2022-10-03,0.0
342216,2023-10-18,0.0
342218,2025-06-19,600000.0
342223,2025-06-23,800000.0
342230,2025-08-29,0.0
342239,2022-01-02,0.0
342240,2025-06-10,700000.0
342367,2025-03-20,0.0
342405,2025-06-04,12000000.0
342482,2025-06-09,200000.0
342573,2025-06-24,100000.0
342876,2025-06-18,150000.0
342967,2025-06-04,7000000.0
343022,2025-06-29,125000.0
343049,2025-06-02,250000.0
343050,2025-03-20,0.0
343336,2025-06-22,125000.0
343359,2025-06-04,1800000.0
343374,2025-06-10,275000.0
343553,2025-06-04,1000000.0
343735,2025-06-02,125000.0
343949,2025-05-27,325000.0
344382,2025-05-25,400000.0
344519,2025-05-29,500000.0
344595,2025-04-03,500000.0
344598,2025-06-04,2000000.0
344603,2024-06-10,0.0
344607,2025-06-17,1600000.0
344612,2023-10-18,0.0
344626,2025-05-01,1000000.0
344627,2024-04-21,0.0
344677,2023-06-30,0.0
344695,2025-06-04,50000000.0
344816,2020-02-08,0.0
344818,2023-03-06,0.0
344850,2019-07-20,0.0
344869,2025-06-17,14000000.0
344889,2025-04-03,125000.0
344894,2019-07-02,0.0
344895,2023-08-31,0.0
344905,2023-06-25,0.0
344987,2025-06-17,700000.0
345031,2018-12-26,0.0
345067,2025-06-01,800000.0
345078,2025-06-23,100000.0
345105,2025-06-17,1800000.0
345225,2025-07-06,0.0
345235,2025-06-09,400000.0
345251,2020-05-04,0.0
345322,2024-02-27,0.0
345343,2025-05-22,250000.0
345468,2025-06-11,4000000.0
345473,2025-06-09,250000.0
345624,2025-05-25,400000.0
345654,2025-06-23,400000.0
345739,2025-09-01,250000.0
345758,2025-06-16,150000.0
345763,2025-06-17,1200000.0
346051,2023-10-31,0.0
346062,2019-09-29,0.0
346175,2022-10-03,0.0
346290,2025-05-25,150000.0
346291,2025-06-09,250000.0
346328,2025-06-05,250000.0
346472,2025-05-26,1500000.0
346478,2025-05-26,2500000.0
346643,2025-06-16,200000.0
346644,2025-05-21,225000.0
346766,2025-09-04,8000000.0
346846,2025-06-05,500000.0
346853,2025-06-04,17000000.0
346868,2024-04-21,0.0
346888,2024-03-06,0.0
346890,2025-06-16,13000000.0
346892,2024-03-06,0.0
346896,2024-03-06,0.0
346900,2025-06-09,1000000.0
346905,2024-03-06,0.0
346909,2022-10-03,0.0
347016,2024-09-23,0.0
347079,2023-10-31,0.0
347100,2025-06-26,200000.0
347135,2022-01-07,0.0
347181,2022-10-03,0.0
347253,2025-06-16,4000000.0
347283,2025-01-06,0.0
347293,2016-01-31,0.0
347469,2019-07-03,0.0
347595,2025-07-15,0.0
347664,2025-06-02,150000.0
347823,2025-06-29,600000.0
347824,2020-09-17,0.0
347845,2016-12-14,0.0
347883,2024-08-02,0.0
347913,2025-06-05,1000000.0
347918,2019-01-31,0.0
347927,2025-03-13,0.0
348425,2025-06-17,2000000.0
348714,2025-06-25,0.0
348791,2025-06-02,6000000.0
348863,2025-05-26,3000000.0
349133,2025-03-15,0.0
349150,2025-05-25,1200000.0
349151,2018-07-30,0.0
349161,2024-04-21,0.0
349366,2024-04-21,0.0
349418,2025-06-26,150000.0
349420,2025-06-26,50000.0
349475,2025-06-24,600000.0
349532,2021-10-04,0.0
349582,2023-03-06,0.0
349585,2025-09-04,6000000.0
349622,2021-12-29,0.0
349699,2025-06-04,1200000.0
349701,2025-05-29,35000000.0
349707,2025-06-04,1500000.0
349721,2018-03-04,0.0
349722,2018-12-07,0.0
349744,2025-06-26,250000.0
349826,2025-06-26,300000.0
349944,2025-05-28,700000.0
350144,2025-06-24,100000.0
350347,2025-06-02,200000.0
350357,2025-06-22,300000.0
351152,2024-03-06,0.0
351255,2021-03-04,0.0
351261,2025-05-26,2800000.0
351391,2016-06-30,0.0
351392,2016-01-18,0.0
351393,2016-06-30,0.0
351394,2016-06-30,0.0
351541,2025-06-18,1500000.0
351562,2024-02-27,0.0
351563,2025-05-28,650000.0
351746,2025-07-21,0.0
351751,2025-06-22,450000.0
351755,2025-05-26,2800000.0
351809,2025-06-08,40000000.0
351816,2025-06-02,15000000.0
351834,2023-10-18,0.0
351838,2025-05-25,75000.0
351892,2025-06-05,2000000.0
351894,2025-05-29,600000.0
351979,2021-07-01,0.0
352013,2020-07-03,0.0
352020,2025-06-01,100000.0
352067,2025-05-19,125000.0
352107,2020-07-31,0.0
352331,2023-06-20,0.0
352336,2025-05-25,150000.0
352754,2023-03-06,0.0
352831,2023-03-06,0.0
352934,2025-09-08,0.0
353018,2025-06-23,600000.0
353019,2025-06-24,100000.0
353035,2025-06-01,1500000.0
353108,2025-06-05,1000000.0
353205,2025-06-18,200000.0
353213,2017-05-13,0.0
353279,2025-06-26,400000.0
353365,2025-06-02,1200000.0
353372,2018-05-31,0.0
353395,2025-06-01,600000.0
353396,2025-06-15,75000.0
353397,2022-10-03,0.0
353399,2025-06-02,7000000.0
353468,2025-07-07,0.0
353559,2025-06-03,800000.0
353899,2025-05-29,175000.0
353934,2024-03-18,0.0
353948,2025-06-04,2500000.0
353981,2025-06-01,300000.0
354017,2025-05-29,125000.0
354128,2023-06-07,0.0
354129,2021-01-02,0.0
354155,2025-05-29,500000.0
354314,2023-06-30,0.0
354362,2025-05-29,30000000.0
354456,2025-05-26,1400000.0
354671,2025-06-09,500000.0
354886,2025-06-04,125000.0
354912,2025-05-07,200000.0
355335,2025-06-05,1000000.0
355344,2024-09-26,0.0
355373,2023-03-06,0.0
355375,2025-05-15,400000.0
355482,2025-05-14,125000.0
355489,2025-06-17,250000.0
355624,2025-06-23,800000.0
355628,2025-06-08,12000000.0
355630,2025-06-11,50000.0
355757,2025-06-24,275000.0
355860,2025-07-09,0.0
355998,2025-05-25,3000000.0
356089,2025-06-01,1000000.0
356141,2025-05-29,12000000.0
356229,2023-01-15,0.0
356241,2025-04-03,50000.0
356325,2025-06-10,500000.0
356577,2023-05-29,0.0
356579,2025-05-27,100000.0
356685,2025-03-20,0.0
357072,2025-04-03,1500000.0
357145,2016-12-14,0.0
357150,2025-06-22,200000.0
357153,2025-05-29,40000000.0
357156,2025-06-04,17000000.0
357163,2025-05-29,1000000.0
357164,2025-06-16,70000000.0
357165,2025-06-09,750000.0
357266,2025-06-09,200000.0
357333,2025-07-02,0.0
357337,2024-03-06,0.0
357338,2025-06-01,400000.0
357397,2025-04-03,175000.0
357565,2025-05-29,110000000.0
357628,2025-06-08,5000000.0
357776,2025-06-09,800000.0
357858,2025-06-11,125000.0
357860,2025-06-09,100000.0
357917,2025-06-15,750000.0
357951,2025-06-02,300000.0
358016,2025-05-21,400000.0
358020,2024-09-24,0.0
358032,2025-06-16,8000000.0
358197,2017-08-21,0.0
358200,2023-10-18,0.0
358201,2023-03-06,0.0
358216,2025-05-28,150000.0
358223,2024-09-26,0.0
358229,2024-12-06,0.0
358250,2025-06-08,1200000.0
358504,2025-06-04,25000000.0
358597,2025-05-07,250000.0
358664,2025-06-29,200000.0
358712,2024-03-06,0.0
358726,2025-06-17,300000.0
358752,2025-04-03,250000.0
358753,2024-03-18,0.0
358767,2025-01-08,25000.0
358775,2018-06-24,0.0
358776,2023-03-06,0.0
358781,2022-01-31,0.0
358906,2025-06-18,1200000.0
358957,2025-05-07,150000.0
359012,2022-11-16,0.0
359042,2025-05-21,200000.0
359195,2023-07-04,0.0
359231,2025-06-01,200000.0
359422,2025-05-07,150000.0
359537,2020-03-29,0.0
359970,2025-06-26,275000.0
360113,2025-06-22,50000.0
360247,2025-05-27,50000.0
360248,2025-05-11,100000.0
360338,2025-04-23,600000.0
360519,2025-04-03,350000.0
361078,2025-06-08,175000.0
361081,2025-06-11,600000.0
361086,2025-04-03,150000.0
361101,2022-10-03,0.0
361104,2025-05-27,16000000.0
361238,2025-05-22,250000.0
361253,2016-09-29,0.0
361264,2025-06-24,600000.0
361266,2025-06-24,250000.0
361772,2025-06-17,500000.0
361878,2025-06-23,200000.0
361914,2025-06-08,18000000.0
362548,2025-06-26,150000.0
362746,2025-06-24,250000.0
362814,2025-05-28,200000.0
362977,2025-06-04,4000000.0
363156,2025-05-28,650000.0
363174,2025-06-05,350000.0
363205,2025-05-29,32000000.0
363253,2022-10-03,0.0
363424,2025-06-10,200000.0
363524,2024-09-26,0.0
363781,2024-09-26,0.0
363843,2023-10-18,0.0
363901,2025-06-17,125000.0
364058,2025-05-25,2300000.0
364233,2025-06-02,250000.0
364237,2025-05-29,1200000.0
364245,2025-06-02,9000000.0
364324,2018-10-23,0.0
364661,2023-04-26,0.0
364711,2025-06-17,150000.0
364725,2025-06-24,100000.0
364890,2025-06-24,150000.0
365108,2025-06-16,35000000.0
365311,2022-10-03,0.0
365376,2020-07-07,0.0
365877,2025-06-16,400000.0
366062,2025-06-03,100000.0
366194,2025-06-17,250000.0
366368,2018-06-18,0.0
366418,2025-06-26,50000.0
366449,2025-06-17,300000.0
366450,2025-06-05,850000.0
366620,2025-06-01,1500000.0
366866,2020-09-17,0.0
366928,2025-06-24,150000.0
366974,2025-06-09,150000.0
367195,2025-06-17,375000.0
367244,2025-06-17,450000.0
367385,2022-11-30,0.0
367420,2025-05-07,150000.0
367436,2025-06-04,100000.0
367443,2025-05-27,125000.0
367467,2023-06-28,0.0
367469,2020-05-17,0.0
367569,2025-04-03,125000.0
367739,2019-08-01,0.0
367845,2019-04-27,0.0
367981,2025-06-17,225000.0
368468,2025-06-03,5000000.0
368565,2025-06-05,900000.0
368612,2025-04-03,1200000.0
368624,2025-06-09,1000000.0
368631,2025-06-19,275000.0
368635,2025-06-24,150000.0
368897,2025-05-07,250000.0
368898,2023-11-30,0.0
368922,2025-06-10,250000.0
369081,2025-06-08,130000000.0
369082,2025-05-25,1500000.0
369099,2025-06-25,150000.0
369100,2025-09-07,550000.0
369159,2022-10-03,0.0
369267,2025-06-05,1000000.0
369291,2025-06-19,175000.0
369308,2025-06-02,300000.0
369580,2025-06-05,600000.0
369758,2020-08-08,0.0
369881,2025-06-10,300000.0
369895,2025-06-22,125000.0
369962,2025-05-26,18000000.0
370392,2022-10-03,0.0
370561,2025-06-04,1000000.0
370789,2025-06-04,20000000.0
370841,2025-04-03,100000.0
370868,2025-05-25,1200000.0
370970,2025-05-07,500000.0
370999,2025-06-08,1000000.0
371008,2025-06-23,600000.0
371016,2025-05-26,500000.0
371169,2025-05-25,1000000.0
371171,2025-05-25,3500000.0
371174,2025-05-25,3500000.0
371190,2019-06-30,0.0
371250,2025-06-05,800000.0
371461,2025-06-22,175000.0
371522,2025-03-12,0.0
371554,2025-06-09,800000.0
371966,2023-10-31,0.0
371970,2023-03-06,0.0
371993,2025-04-03,0.0
372015,2025-06-08,350000.0
372036,2025-05-29,150000.0
372046,2025-06-26,350000.0
372052,2025-03-20,0.0
372156,2025-06-19,25000.0
372487,2025-06-16,200000.0
372525,2025-06-29,75000.0
374561,2025-05-28,350000.0
374667,2024-01-12,0.0
374778,2023-03-06,0.0
374847,2022-10-03,0.0
374882,2025-06-24,150000.0
374981,2025-06-25,275000.0
375025,2023-03-06,0.0
375074,2023-11-12,0.0
375241,2025-06-26,50000.0
375242,2023-10-31,0.0
375287,2025-06-01,300000.0
375356,2025-06-30,0.0
375378,2025-06-05,5000000.0
375383,2025-06-09,1200000.0
375391,2025-06-01,1000000.0
375396,2019-01-30,0.0
375570,2025-05-07,125000.0
375644,2023-10-31,0.0
375718,2025-09-07,1200000.0
375813,2025-06-26,250000.0
375823,2025-05-28,75000.0
376119,2025-05-21,175000.0
376135,2020-07-07,0.0
376231,2025-05-27,75000.0
376306,2025-06-22,75000.0
376514,2025-06-16,20000000.0
376640,2025-04-03,0.0
376771,2020-01-05,0.0
376856,2025-06-17,225000.0
377105,2025-04-03,0.0
377393,2025-06-02,6000000.0
377465,2025-06-17,450000.0
377468,2025-05-26,18000000.0
377576,2025-06-29,550000.0
377795,2025-06-23,600000.0
378139,2025-06-08,3500000.0
378181,2023-11-12,0.0
378260,2025-06-04,1500000.0
378316,2025-06-08,850000.0
378322,2025-03-17,0.0
378351,2025-05-25,1500000.0
378424,2025-06-18,600000.0
378463,2025-05-25,800000.0
378537,2025-06-22,50000.0
378710,2025-05-29,20000000.0
378874,2025-06-10,350000.0
378876,2024-03-18,0.0
378884,2023-06-30,0.0
378965,2025-05-29,200000.0
378975,2024-04-21,0.0
379082,2025-06-04,250000.0
379083,2019-05-23,0.0
379168,2025-06-11,3000000.0
379191,2019-08-31,0.0
379198,2025-06-26,500000.0
379220,2025-06-24,25000.0
379224,2025-06-24,250000.0
379604,2025-06-17,300000.0
379680,2024-03-06,0.0
379687,2025-04-03,0.0
379711,2025-06-29,125000.0
379807,2025-06-05,6000000.0
379872,2025-06-24,150000.0
379933,2025-06-10,25000.0
379985,2024-09-29,0.0
380396,2025-06-24,200000.0
380420,2023-06-30,0.0
380504,2025-06-24,150000.0
380584,2022-10-03,0.0
380913,2025-06-24,75000.0
380914,2025-06-19,100000.0
380952,2024-12-31,0.0
381032,2025-06-05,700000.0
381065,2025-06-01,175000.0
381070,2023-11-12,0.0
381204,2025-06-24,150000.0
381231,2023-10-18,0.0
381248,2025-05-28,500000.0
381250,2025-06-22,50000.0
381325,2025-05-21,100000.0
381469,2025-05-29,1000000.0
381752,2025-06-24,200000.0
381753,2025-05-26,5000000.0
381950,2025-06-16,17000000.0
381974,2024-07-31,0.0
381979,2025-06-17,350000.0
382055,2022-10-03,0.0
382171,2025-04-03,0.0
382239,2022-06-29,0.0
382553,2025-06-17,300000.0
382554,2025-05-26,8000000.0
382947,2025-06-24,50000.0
382956,2024-12-05,300000.0
383114,2025-06-24,200000.0
383223,2025-06-24,300000.0
383362,2025-06-18,2500000.0
383372,2025-06-22,125000.0
383638,2025-06-05,800000.0
383880,2025-05-27,1500000.0
384264,2025-06-29,200000.0
384368,2025-05-25,1500000.0
384593,2025-06-04,12000000.0
384671,2025-06-17,100000.0
384740,2025-06-10,100000.0
384860,2019-05-28,0.0
384861,2020-07-03,0.0
385084,2025-06-23,400000.0
385104,2025-06-29,250000.0
385240,2025-06-10,250000.0
385271,2025-06-05,4000000.0
385593,2020-08-16,0.0
385726,2025-07-06,0.0
385794,2023-03-06,0.0
385923,2025-05-28,275000.0
386046,2025-04-03,50000.0
386047,2025-05-29,22000000.0
386057,2025-06-01,1200000.0
386090,2025-06-25,350000.0
386104,2025-06-19,175000.0
386187,2018-02-23,0.0
386201,2025-08-31,0.0
386314,2018-02-21,0.0
386392,2019-05-22,0.0
386506,2023-03-06,0.0
386546,2025-05-18,400000.0
386925,2017-12-16,0.0
387110,2025-06-04,6000000.0
387129,2025-06-23,1000000.0
387143,2025-06-11,5000000.0
387197,2025-05-27,2000000.0
387331,2025-05-26,3200000.0
387415,2023-08-04,0.0
387480,2025-05-07,100000.0
387611,2025-06-05,2500000.0
387928,2025-06-09,500000.0
387930,2019-07-02,0.0
387984,2025-05-07,150000.0
388047,2025-06-19,175000.0
388067,2024-12-19,325000.0
388135,2022-12-29,0.0
388171,2025-06-16,1500000.0
388208,2021-06-30,0.0
388216,2023-10-18,0.0
388236,2025-06-26,900000.0
388243,2021-09-26,0.0
388266,2025-05-25,4000000.0
388334,2017-08-01,0.0
388360,2023-10-18,0.0
388368,2025-06-17,150000.0
388516,2025-06-16,12000000.0
388519,2025-05-22,450000.0
388548,2025-05-29,1000000.0
388744,2020-01-05,0.0
388795,2025-05-26,1500000.0
388815,2025-06-08,350000.0
388837,2024-08-27,0.0
388990,2023-10-18,0.0
389399,2025-05-12,800000.0
389515,2024-06-06,0.0
389804,2025-05-11,200000.0
390068,2024-09-26,0.0
390123,2025-05-14,50000.0
390133,2019-07-02,0.0
390156,2025-06-29,225000.0
390169,2025-06-08,1500000.0
390558,2023-10-18,0.0
390688,2025-06-08,3500000.0
390695,2025-06-09,0.0
390812,2025-04-03,0.0
390823,2025-06-23,500000.0
391045,2025-06-24,150000.0
391047,2025-06-23,200000.0
391110,2024-06-15,0.0
391248,2025-04-03,50000.0
391257,2025-06-08,650000.0
391278,2025-06-24,700000.0
391340,2025-05-26,500000.0
391346,2025-06-24,200000.0
391348,2025-05-12,250000.0
391496,2025-06-19,100000.0
391629,2025-06-25,250000.0
391913,2022-10-03,0.0
392020,2019-10-21,0.0
392046,2019-11-23,0.0
392131,2025-06-18,1000000.0
392137,2025-06-10,200000.0
392139,2025-06-23,200000.0
392149,2025-06-23,100000.0
392154,2025-06-23,125000.0
392157,2025-06-18,500000.0
392225,2017-01-29,0.0
392276,2023-10-18,0.0
392282,2025-05-25,300000.0
392655,2025-06-17,400000.0
392756,2025-05-18,100000.0
392763,2025-05-26,900000.0
392766,2025-06-29,275000.0
392775,2025-05-29,15000000.0
392809,2025-06-05,1000000.0
392872,2025-05-14,75000.0
393010,2018-07-01,0.0
393240,2025-05-27,400000.0
393242,2019-06-02,0.0
393284,2024-09-26,0.0
393323,2025-05-26,15000000.0
393327,2025-06-04,250000.0
393337,2025-06-22,125000.0
393364,2018-07-24,0.0
393370,2025-06-19,125000.0
393371,2025-06-17,175000.0
393377,2025-06-19,100000.0
393699,2025-06-03,600000.0
393745,2025-06-18,4000000.0
393793,2020-05-31,0.0
393839,2025-06-23,450000.0
258369,2024-12-31,0.0
258515,2022-10-03,0.0
258519,2025-05-26,1500000.0
258561,2025-06-17,450000.0
258589,2025-06-17,350000.0
258622,2024-03-28,0.0
258635,2022-10-03,0.0
258879,2025-04-03,150000.0
258921,2022-10-03,0.0
258923,2025-05-29,50000000.0
258955,2020-06-27,0.0
258983,2016-08-18,0.0
259000,2023-03-06,0.0
259025,2025-06-17,1400000.0
259127,2025-06-22,150000.0
259275,2025-06-09,50000.0
259350,2025-06-02,400000.0
259461,2025-05-07,250000.0
259495,2023-06-30,0.0
259573,2022-10-03,0.0
259652,2023-10-18,0.0
259930,2025-05-25,2000000.0
259932,2023-03-06,0.0
260162,2018-02-04,0.0
260172,2025-06-02,125000.0
260321,2023-10-18,0.0
260377,2025-06-19,200000.0
260381,2025-06-19,600000.0
260502,2022-10-03,0.0
260662,2025-05-25,400000.0
260664,2025-04-03,75000.0
260757,2025-04-03,50000.0
260801,2025-06-24,150000.0
260806,2025-06-11,800000.0
260807,2025-09-11,1500000.0
260851,2024-03-18,0.0
261286,2025-06-01,200000.0
261365,2021-02-10,0.0
261391,2023-03-06,0.0
261467,2017-08-10,0.0
261493,2025-04-03,0.0
261728,2023-10-31,0.0
261741,2023-10-18,0.0
261842,2025-05-29,350000.0
261913,2025-06-16,500000.0
261927,2025-05-29,12000000.0
261935,2025-06-09,800000.0
261963,2025-06-02,1000000.0
262208,2025-06-25,400000.0
262220,2025-06-25,450000.0
262262,2025-06-05,1000000.0
262365,2025-06-23,1000000.0
262373,2017-06-30,0.0
262478,2020-10-05,0.0
262489,2025-05-28,3500000.0
262553,2025-06-26,450000.0
262554,2025-07-17,50000.0
262558,2025-05-13,200000.0
262593,2025-06-15,200000.0
262597,2025-06-12,200000.0
262709,2025-05-22,300000.0
262747,2024-03-18,0.0
262932,2025-06-11,150000.0
262971,2025-06-02,500000.0
262972,2023-01-26,0.0
262980,2025-05-29,10000000.0
263062,2025-03-13,0.0
263120,2017-06-30,0.0
263183,2025-04-03,0.0
263294,2022-10-03,0.0
263627,2025-04-03,100000.0
263629,2025-06-02,175000.0
263654,2023-07-09,0.0
263692,2025-06-24,50000.0
263727,2025-06-08,2500000.0
263763,2025-06-04,250000.0
263801,2025-06-09,500000.0
263820,2025-01-14,0.0
263856,2025-06-23,500000.0
264047,2024-12-31,0.0
264104,2025-05-18,350000.0
264153,2024-03-18,0.0
264191,2024-09-26,0.0
264196,2019-03-21,0.0
264304,2025-06-10,150000.0
264567,2025-05-27,450000.0
264811,2025-05-27,1300000.0
264857,2025-06-08,600000.0
264998,2025-04-03,100000.0
265044,2022-10-03,0.0
265092,2015-08-05,0.0
265176,2025-06-18,3000000.0
265255,2023-11-12,0.0
265258,2025-04-03,125000.0
265266,2016-10-03,0.0
265289,2025-06-23,200000.0
265324,2025-05-27,1300000.0
265390,2020-02-01,0.0
265504,2023-06-06,0.0
265513,2024-12-02,300000.0
265547,2023-11-12,0.0
265573,2025-03-13,0.0
265589,2025-05-27,1000000.0
265590,2025-06-11,200000.0
265625,2025-06-01,400000.0
265652,2024-04-21,0.0
265656,2016-11-29,0.0
265696,2024-06-11,0.0
265710,2024-09-26,0.0
265982,2023-03-06,0.0
266511,2016-06-30,0.0
266615,2025-06-17,250000.0
266640,2024-03-18,0.0
266775,2025-05-21,300000.0
266903,2025-03-17,0.0
266941,2025-06-03,500000.0
267035,2025-06-23,125000.0
267411,2025-05-21,10000.0
267414,2025-01-27,0.0
267420,2025-06-09,300000.0
267433,2025-06-09,350000.0
267436,2025-05-21,50000.0
267594,2023-11-12,0.0
267674,2025-05-14,10000.0
267701,2025-06-25,50000.0
267726,2022-11-16,0.0
267849,2025-06-05,1000000.0
267911,2025-05-15,200000.0
267941,2022-11-03,0.0
267950,2023-10-18,0.0
268031,2025-06-11,350000.0
268177,2024-09-26,0.0
268179,2025-06-08,400000.0
268183,2025-06-24,150000.0
268185,2025-05-26,1200000.0
268258,2024-09-24,0.0
268287,2025-03-17,0.0
268300,2017-07-20,0.0
268429,2025-06-16,8500000.0
268451,2022-10-03,0.0
268499,2024-06-23,0.0
268555,2023-11-12,0.0
268746,2025-06-17,500000.0
268963,2024-09-26,0.0
268965,2018-09-30,0.0
269441,2024-04-21,0.0
269502,2025-06-23,300000.0
269585,2025-04-03,125000.0
270055,2025-05-29,500000.0
270145,2025-05-25,600000.0
270308,2024-03-06,0.0
270313,2023-06-30,0.0
270314,2025-06-24,300000.0
270412,2017-06-30,0.0
270561,2025-06-25,0.0
270598,2021-12-31,0.0
270611,2025-05-27,50000.0
270853,2019-11-14,0.0
270905,2025-06-05,500000.0
270910,2025-04-03,50000.0
270925,2024-03-06,0.0
270959,2024-04-21,0.0
271184,2025-06-04,600000.0
271187,2025-06-26,150000.0
271265,2022-10-03,0.0
271390,2025-06-01,300000.0
271666,2025-04-03,0.0
271669,2021-09-16,0.0
271693,2018-07-15,0.0
271755,2025-06-25,400000.0
271763,2025-06-17,375000.0
271808,2019-12-29,0.0
271816,2025-06-17,250000.0
271860,2025-05-15,0.0
271997,2025-05-26,400000.0
272079,2025-06-19,125000.0
272261,2025-06-17,2500000.0
272278,2025-06-04,15000000.0
272400,2023-02-02,0.0
272539,2025-06-11,2200000.0
272549,2023-11-24,0.0
272587,2025-06-04,800000.0
272624,2020-03-28,0.0
272631,2025-05-28,1000000.0
272633,2024-07-02,0.0
272639,2025-06-29,500000.0
272642,2025-06-17,13000000.0
272679,2025-04-03,400000.0
272704,2025-07-17,150000.0
272803,2025-09-04,50000.0
272812,2025-06-16,2400000.0
272825,2019-07-02,0.0
272999,2025-06-04,10000000.0
273000,2025-09-04,3000000.0
273001,2025-06-11,900000.0
273010,2015-06-30,0.0
273033,2025-05-12,900000.0
273051,2020-11-10,0.0
273053,2021-01-21,0.0
273054,2025-06-18,550000.0
273130,2025-05-15,175000.0
273132,2025-06-16,8000000.0
273409,2021-09-28,0.0
273438,2025-06-05,2500000.0
273455,2025-06-01,700000.0
273551,2025-06-10,225000.0
273570,2022-10-03,0.0
273591,2018-06-30,0.0
273669,2025-06-04,2000000.0
273679,2025-06-25,325000.0
273758,2025-06-17,275000.0
273904,2025-06-18,1000000.0
274060,2017-06-30,0.0
274288,2025-05-25,800000.0
274373,2025-06-17,250000.0
274540,2025-06-23,300000.0
274651,2019-12-30,0.0
274794,2025-04-03,150000.0
274811,2023-10-18,0.0
274826,2025-06-02,175000.0
274970,2025-05-21,50000.0
275020,2025-06-23,100000.0
275081,2023-06-30,0.0
275134,2025-05-07,125000.0
275218,2025-06-08,6000000.0
275935,2025-06-17,1000000.0
275939,2025-04-03,200000.0
275946,2019-07-04,0.0
275970,2016-10-03,0.0
276025,2025-06-24,150000.0
276266,2025-06-29,200000.0
276569,2018-09-30,0.0
276896,2025-06-16,3000000.0
277069,2022-10-03,0.0
277114,2025-04-03,2000000.0
277137,2025-06-08,2000000.0
277161,2016-02-15,0.0
277268,2022-10-03,0.0
277353,2024-11-28,125000.0
277381,2025-05-14,50000.0
277414,2025-05-27,325000.0
277533,2025-06-23,450000.0
277607,2025-06-23,200000.0
277635,2025-06-04,2000000.0
277723,2025-06-17,700000.0
277772,2025-03-19,0.0
277782,2025-06-16,600000.0
277785,2021-02-13,0.0
277832,2022-10-03,0.0
278322,2024-09-24,0.0
278404,2025-06-04,150000.0
278459,2025-06-10,450000.0
278501,2025-06-17,550000.0
278519,2025-06-10,150000.0
278651,2025-06-23,800000.0
278837,2025-06-08,2000000.0
278938,2024-06-30,0.0
278993,2020-05-16,0.0
279064,2025-05-07,150000.0
279120,2020-05-16,0.0
279133,2024-06-30,0.0
279249,2025-06-10,150000.0
279254,2025-04-23,200000.0
279369,2019-04-06,0.0
279406,2025-06-24,100000.0
279455,2025-05-29,15000000.0
279547,2019-05-23,0.0
279611,2015-08-08,0.0
279657,2024-08-25,0.0
279923,2024-12-12,125000.0
279930,2022-10-03,0.0
279942,2015-06-30,0.0
280149,2025-04-03,200000.0
280157,2025-06-01,250000.0
280239,2025-06-02,550000.0
280383,2025-04-03,75000.0
280405,2025-05-14,250000.0
280407,2025-05-21,10000.0
280762,2025-04-03,300000.0
280813,2025-05-26,600000.0
281438,2023-10-31,0.0
281583,2016-06-21,0.0
281677,2016-06-30,0.0
281683,2018-06-30,0.0
281755,2025-05-28,1200000.0
281807,2025-06-19,200000.0
281837,2025-06-26,100000.0
281963,2025-06-02,25000000.0
281990,2025-06-23,200000.0
282000,2025-06-24,250000.0
282030,2019-02-22,0.0
282076,2025-06-16,1500000.0
282199,2025-05-22,900000.0
282240,2025-06-29,325000.0
282250,2025-06-15,2500000.0
282283,2025-06-01,1000000.0
282365,2025-04-03,150000.0
282371,2025-06-05,1000000.0
282411,2025-06-08,25000000.0
282415,2025-06-24,100000.0
282422,2025-05-22,600000.0
282427,2025-06-18,75000.0
282488,2025-06-17,100000.0
282654,2025-05-29,1500000.0
282660,2025-06-04,20000000.0
282700,2025-06-08,1500000.0
282705,2023-03-06,0.0
282721,2025-06-24,300000.0
282726,2025-05-29,200000.0
282810,2025-06-08,2000000.0
282939,2025-05-26,1500000.0
283001,2025-06-10,400000.0
283136,2021-06-30,0.0
283293,2025-05-11,250000.0
283399,2025-06-04,800000.0
283404,2023-03-06,0.0
283428,2025-06-22,50000.0
283528,2025-05-25,2200000.0
283585,2025-06-09,400000.0
283602,2025-06-29,150000.0
283628,2025-05-29,18000000.0
283748,2022-10-03,0.0
284000,2025-06-23,4000000.0
284188,2025-04-03,300000.0
284306,2025-06-18,50000.0
284430,2025-06-23,1000000.0
284467,2021-10-04,0.0
284526,2025-06-01,250000.0
284718,2025-06-17,200000.0
284727,2025-09-04,2000000.0
284738,2022-06-30,0.0
284739,2025-06-26,150000.0
284768,2021-10-04,0.0
284805,2025-06-09,25000.0
284854,2025-06-08,2500000.0
284872,2025-06-24,100000.0
285077,2025-06-08,600000.0
285127,2025-05-25,1500000.0
285322,2025-06-11,1300000.0
285376,2025-05-25,150000.0
285439,2025-06-24,150000.0
285468,2025-05-27,175000.0
285605,2022-10-03,0.0
285609,2025-06-26,75000.0
285634,2025-06-24,125000.0
285684,2017-02-27,0.0
285771,2025-05-26,1500000.0
285855,2025-05-26,25000.0
285973,2025-06-24,50000.0
286020,2025-04-03,75000.0
286042,2016-08-22,0.0
286181,2024-03-18,0.0
286230,2022-08-05,0.0
286263,2025-06-16,150000.0
286292,2025-06-09,300000.0
286747,2025-06-05,300000.0
286779,2025-04-03,450000.0
286798,2025-05-29,150000.0
286841,2023-07-16,0.0
287193,2025-06-24,100000.0
287194,2025-06-24,50000.0
287335,2018-01-14,0.0
287528,2025-06-29,175000.0
287579,2025-06-17,17000000.0
288073,2025-04-03,100000.0
288225,2025-06-02,18000000.0
288247,2025-06-01,100000.0
288248,2025-06-09,100000.0
288253,2025-05-29,6000000.0
288255,2025-06-08,5000000.0
288259,2025-06-11,800000.0
288274,2025-01-23,0.0
288298,2023-06-28,0.0
288340,2025-06-04,5000000.0
288371,2020-05-10,0.0
288372,2025-06-24,200000.0
288376,2021-06-30,0.0
288426,2024-02-27,0.0
288431,2025-09-04,9000000.0
288449,2025-06-08,450000.0
288460,2025-06-24,250000.0
288523,2023-03-06,0.0
288561,2024-12-31,0.0
288690,2025-06-18,800000.0
288697,2016-06-30,0.0
288858,2025-06-17,550000.0
288948,2025-06-16,400000.0
288958,2019-07-03,0.0
289053,2022-01-11,0.0
289207,2023-03-06,0.0
289277,2022-06-29,0.0
289434,2020-09-20,0.0
289435,2025-06-01,800000.0
289446,2025-06-16,3000000.0
289502,2020-06-30,0.0
289573,2020-06-30,0.0
289583,2025-04-23,250000.0
289592,2025-05-29,18000000.0
289713,2025-06-17,800000.0
289791,2025-06-16,150000.0
289846,2025-06-17,350000.0
289875,2025-06-09,400000.0
289892,2025-06-30,0.0
290016,2025-06-09,400000.0
290050,2017-07-12,0.0
290222,2017-09-14,0.0
290271,2025-06-23,75000.0
290273,2025-06-08,1800000.0
290275,2023-11-12,0.0
290327,2025-06-24,150000.0
290384,2025-04-03,250000.0
290391,2025-05-29,9000000.0
290557,2022-10-03,0.0
290571,2025-05-14,50000.0
290573,2018-05-19,0.0
290577,2016-05-03,0.0
290593,2025-04-03,400000.0
290603,2025-03-20,0.0
290660,2025-05-28,700000.0
290778,2018-04-04,0.0
290801,2025-06-16,350000.0
290823,2020-12-27,0.0
290928,2024-03-06,0.0
290951,2025-05-15,750000.0
291033,2019-08-28,0.0
291039,2025-06-24,300000.0
291090,2025-06-05,350000.0
291103,2015-04-10,0.0
291109,2020-01-24,0.0
291111,2025-05-28,450000.0
291127,2025-05-19,150000.0
291171,2025-06-17,200000.0
291221,2019-09-27,0.0
291241,2020-11-10,0.0
291299,2022-10-03,0.0
291342,2024-04-21,0.0
291397,2025-06-17,150000.0
291428,2025-05-07,200000.0
291750,2025-06-17,1000000.0
291758,2025-06-24,450000.0
291963,2025-06-05,100000.0
292181,2017-12-09,0.0
292247,2025-03-17,0.0
292342,2015-12-06,0.0
292365,2025-06-05,600000.0
292484,2015-12-12,0.0
292497,2025-06-24,75000.0
292517,2017-08-13,0.0
292522,2025-06-16,125000.0
292528,2025-06-19,25000.0
292534,2025-06-04,5000000.0
292537,2024-08-31,0.0
292680,2014-08-28,0.0
292695,2025-07-17,50000.0
292749,2025-06-22,250000.0
292764,2020-12-27,0.0
292775,2025-06-22,75000.0
292794,2019-09-25,0.0
292805,2025-06-08,325000.0
292806,2025-05-26,2500000.0
292814,2018-06-30,0.0
292815,2025-04-23,400000.0
292818,2025-06-04,3500000.0
292962,2016-08-07,0.0
293180,2025-06-16,800000.0
293185,2025-06-08,1500000.0
293200,2025-06-16,8000000.0
293339,2024-09-24,0.0
293359,2025-06-16,350000.0
293366,2025-06-16,100000.0
293507,2025-04-03,250000.0
293731,2021-09-28,0.0
293827,2024-09-26,0.0
293911,2016-06-30,0.0
294099,2022-07-06,0.0
294388,2025-06-23,800000.0
294534,2025-06-18,400000.0
294685,2025-05-11,200000.0
294791,2025-06-09,2500000.0
294798,2025-06-05,700000.0
294808,2025-05-26,14000000.0
294837,2023-10-31,0.0
294871,2023-03-06,0.0
294878,2025-05-21,275000.0
295065,2025-06-23,1500000.0
295080,2020-07-31,0.0
295091,2025-05-28,1300000.0
295373,2025-05-25,2500000.0
295400,2025-05-18,500000.0
295408,2025-05-18,400000.0
295416,2025-05-18,200000.0
295423,2025-06-15,300000.0
295426,2025-05-25,1500000.0
295639,2019-05-04,0.0
296340,2025-06-01,400000.0
296346,2025-06-10,175000.0
296356,2025-06-04,1000000.0
296359,2025-06-01,600000.0
296378,2025-06-18,1500000.0
296454,2025-06-02,400000.0
296458,2025-06-17,600000.0
296640,2024-01-29,0.0
296704,2025-06-24,150000.0
296797,2023-10-18,0.0
297124,2025-05-25,150000.0
297241,2025-04-03,100000.0
297286,2014-06-30,0.0
297476,2017-01-10,0.0
297784,2025-06-11,700000.0
297906,2018-12-22,0.0
298231,2025-06-29,175000.0
298276,2025-06-04,50000.0
298477,2025-06-08,2500000.0
298615,2022-10-03,0.0
298675,2023-04-10,0.0
298983,2025-06-23,2500000.0
299400,2025-06-16,175000.0
299902,2025-06-17,175000.0
299944,2020-06-25,0.0
300161,2024-03-06,0.0
300162,2019-07-03,0.0
300169,2019-06-13,0.0
300309,2025-05-15,100000.0
300340,2025-06-01,400000.0
301696,2025-05-27,450000.0
301723,2020-01-27,0.0
301824,2025-06-18,1000000.0
302168,2022-10-03,0.0
302319,2025-06-17,800000.0
302371,2025-06-08,2500000.0
302388,2023-02-08,0.0
302611,2025-05-11,150000.0
302643,2025-06-26,175000.0
302886,2020-07-31,0.0
303140,2025-09-04,2000000.0
303219,2025-06-04,12000000.0
303254,2025-06-16,20000000.0
303402,2016-06-05,0.0
303409,2019-09-26,0.0
303440,2025-06-16,150000.0
303468,2025-06-17,650000.0
303766,2025-06-05,600000.0
303837,2025-06-09,200000.0
304335,2025-06-17,275000.0
304746,2021-10-26,0.0
304866,2025-05-07,175000.0
305687,2019-05-28,0.0
305913,2020-07-07,0.0
305977,2021-09-28,0.0
306191,2025-07-09,0.0
306193,2025-07-28,0.0
306312,2020-02-16,0.0
306394,2022-11-30,0.0
306518,2024-02-27,0.0
306757,2023-11-30,0.0
306820,2025-04-03,0.0
307094,2025-06-16,800000.0
307312,2025-06-25,0.0
307617,2023-01-13,0.0
307658,2025-06-05,900000.0
307672,2024-09-24,0.0
307720,2022-12-31,0.0
307732,2022-06-30,0.0
307747,2025-04-03,0.0
307807,2025-06-08,1200000.0
307824,2025-05-29,200000.0
307864,2021-12-31,0.0
307890,2025-06-04,400000.0
307935,2019-05-01,0.0
308005,2025-04-03,400000.0
308133,2025-06-02,1500000.0
308273,2025-03-17,0.0
308356,2023-06-22,0.0
308371,2025-05-29,1000000.0
308388,2025-06-17,400000.0
308439,2025-06-17,6000000.0
308441,2025-05-28,4500000.0
308457,2025-06-25,225000.0
308534,2022-10-03,0.0
308552,2025-06-15,2500000.0
308801,2025-06-19,200000.0
309400,2025-05-29,65000000.0
309402,2025-06-10,100000.0
309473,2025-05-28,500000.0
309513,2020-07-30,0.0
309847,2025-06-05,650000.0
310113,2025-06-09,100000.0
310201,2025-05-28,125000.0
310391,2025-05-07,75000.0
310494,2015-06-26,0.0
310640,2025-06-04,3000000.0
310708,2025-06-24,75000.0
310770,2025-01-30,0.0
311182,2025-06-26,400000.0
311264,2025-04-03,600000.0
311266,2025-06-24,300000.0
311757,2017-09-26,0.0
312057,2023-08-22,0.0
312218,2025-06-22,200000.0
312378,2025-06-10,225000.0
312392,2023-06-28,0.0
312516,2025-05-12,100000.0
312568,2025-05-25,5500000.0
312576,2025-05-25,800000.0
312635,2018-02-23,0.0
312686,2018-06-29,0.0
312716,2025-05-22,150000.0
312744,2022-10-03,0.0
312760,2025-05-01,300000.0
312771,2025-06-17,300000.0
313113,2025-06-24,200000.0
313128,2023-03-06,0.0
313178,2025-06-10,225000.0
314268,2024-09-26,0.0
314269,2025-06-08,200000.0
314354,2025-06-17,200000.0
314362,2025-06-17,450000.0
314384,2025-05-26,7000000.0
314670,2025-06-22,10000.0
314678,2025-06-08,40000000.0
314707,2020-03-28,0.0
314852,2022-10-03,0.0
314863,2019-08-06,0.0
314915,2025-05-27,3500000.0
314942,2025-06-24,700000.0
314944,2025-06-03,2500000.0
314954,2016-04-29,0.0
314970,2025-06-08,350000.0
314990,2015-07-29,0.0
315013,2016-12-03,0.0
315071,2022-10-03,0.0
315085,2022-10-03,0.0
315121,2025-05-27,5000000.0
315156,2025-06-08,200000.0
315221,2021-07-06,0.0
315254,2025-05-27,1500000.0
315256,2024-10-24,0.0
315334,2025-06-10,125000.0
315437,2023-08-03,0.0
315759,2025-05-07,200000.0
315777,2025-05-18,75000.0
315779,2025-06-16,50000000.0
315798,2024-09-26,0.0
315895,2020-04-04,0.0
315996,2025-05-25,100000.0
316244,2022-10-03,0.0
316254,2022-10-03,0.0
316264,2025-05-29,85000000.0
316306,2024-12-02,200000.0
316422,2025-05-01,1000000.0
316551,2025-05-26,1000000.0
316590,2025-06-10,250000.0
316619,2020-01-05,0.0
316729,2025-06-05,200000.0
316751,2020-06-27,0.0
316823,2017-09-26,0.0
316871,2025-06-19,150000.0
316936,2025-06-03,350000.0
316980,2023-06-30,0.0
317086,2024-09-26,0.0
317449,2025-06-16,125000.0
317504,2025-06-05,200000.0
317740,2025-06-10,500000.0
317742,2025-06-22,75000.0
317753,2024-01-25,0.0
317775,2025-06-02,400000.0
318077,2025-06-17,13000000.0
318222,2022-12-31,0.0
318520,2025-06-23,1500000.0
318523,2025-06-08,5000000.0
318528,2025-06-16,75000000.0
318552,2024-06-20,0.0
318671,2025-06-17,150000.0
319126,2025-05-28,200000.0
319176,2022-12-31,0.0
319192,2024-03-06,0.0
319301,2025-05-26,18000000.0
319530,2020-01-15,0.0
319623,2025-05-29,1000000.0
319779,2022-10-03,0.0
319817,2025-05-27,175000.0
319911,2025-07-29,0.0
320092,2025-06-11,150000.0
320145,2025-06-19,25000.0
320271,2025-06-08,1800000.0
320511,2025-08-17,0.0
320548,2020-01-05,0.0
320755,2019-04-15,0.0
320829,2017-06-30,0.0
320834,2025-06-09,100000.0
321048,2025-06-10,225000.0
321079,2025-05-26,1000000.0
321095,2025-05-27,800000.0
321178,2025-06-16,650000.0
321182,2025-06-22,300000.0
321204,2025-05-27,8000000.0
321373,2025-06-19,100000.0
321416,2025-06-29,275000.0
321568,2025-06-08,450000.0
321705,2025-06-24,350000.0
321884,2025-02-13,0.0
321930,2025-06-01,250000.0
322065,2025-06-18,2000000.0
322073,2025-06-18,4000000.0
322081,2024-06-30,0.0
322235,2015-08-13,0.0
322249,2025-06-18,250000.0
322677,2025-05-26,3000000.0
322702,2025-05-26,3500000.0
322800,2025-06-05,600000.0
322989,2025-06-16,5500000.0
323713,2025-04-23,400000.0
323834,2025-05-14,50000.0
323850,2025-06-05,900000.0
323872,2025-06-04,4000000.0
323879,2024-04-21,0.0
323938,2025-05-28,200000.0
324041,2025-03-06,0.0
324082,2018-08-27,0.0
324177,2025-06-19,150000.0
324192,2025-06-19,25000.0
324207,2022-10-03,0.0
324377,2025-06-16,3200000.0
324683,2024-07-31,0.0
324798,2025-06-01,500000.0
324819,2025-06-02,2000000.0
324891,2024-06-30,0.0
325104,2025-05-26,600000.0
325158,2025-04-03,50000.0
325175,2018-09-12,0.0
325374,2023-06-26,0.0
325897,2023-06-30,0.0
326030,2025-05-27,500000.0
326031,2025-05-29,38000000.0
326040,2025-05-25,100000.0
326330,2025-06-08,45000000.0
326416,2025-06-23,1200000.0
326562,2016-06-30,0.0
326875,2025-06-17,600000.0
327124,2025-06-24,50000.0
327687,2022-10-03,0.0
327862,2025-06-18,700000.0
327863,2025-06-05,700000.0
327881,2020-11-10,0.0
327882,2020-11-10,0.0
327883,2018-03-09,0.0
327912,2023-08-04,0.0
328003,2025-06-17,400000.0
328658,2025-05-29,18000000.0
328758,2025-06-26,300000.0
328877,2018-06-30,0.0
329145,2025-06-17,9500000.0
329453,2019-01-31,0.0
329721,2025-05-26,400000.0
329722,2025-05-22,4000000.0
329834,2025-06-02,250000.0
329841,2019-01-16,0.0
329843,2025-09-04,1200000.0
330114,2025-06-25,600000.0
330236,2024-01-29,0.0
330268,2025-05-07,150000.0
330585,2019-03-26,0.0
330635,2025-06-18,2000000.0
330835,2023-10-18,0.0
330872,2020-01-09,0.0
331057,2025-04-03,400000.0
331214,2025-06-17,1200000.0
331389,2025-06-01,250000.0
331514,2025-06-24,650000.0
331515,2025-06-18,500000.0
331560,2025-05-29,18000000.0
331573,2016-08-30,0.0
331575,2025-06-04,1500000.0
331679,2024-09-26,0.0
331872,2016-06-30,0.0
331977,2025-06-01,400000.0
332047,2025-06-01,800000.0
332134,2023-03-06,0.0
332139,2025-06-02,800000.0
332182,2025-05-07,100000.0
332326,2025-08-28,325000.0
332337,2020-05-26,0.0
332341,2025-05-26,3500000.0
332342,2025-06-16,450000.0
332594,2024-07-06,0.0
332615,2025-06-23,500000.0
332624,2025-06-18,1500000.0
332697,2025-06-16,22000000.0
332708,2025-05-07,350000.0
332807,2015-12-17,0.0
332875,2025-05-27,350000.0
333012,2025-06-17,900000.0
333289,2025-09-05,25000.0
333293,2025-06-22,75000.0
333303,2015-10-04,0.0
333353,2025-05-15,1000000.0
333450,2025-06-09,800000.0
333464,2025-06-18,450000.0
333492,2025-06-16,200000.0
333601,2018-12-31,0.0
333611,2022-10-03,0.0
333650,2025-06-22,150000.0
333668,2022-01-28,0.0
333679,2019-05-10,0.0
333728,2015-06-30,0.0
333782,2025-07-24,0.0
333807,2016-11-19,0.0
333852,2025-03-17,0.0
333901,2024-03-18,0.0
333939,2020-03-05,0.0
334050,2025-06-29,175000.0
334058,2025-04-03,200000.0
334127,2025-06-10,125000.0
334157,2025-02-06,0.0
334224,2025-06-01,100000.0
334804,2025-05-01,450000.0
334835,2025-06-16,800000.0
334897,2018-02-26,0.0
334964,2025-06-16,250000.0
334992,2025-06-01,2000000.0
335003,2025-06-15,1200000.0
335027,2025-06-08,250000.0
335101,2025-06-22,200000.0
335131,2025-06-22,100000.0
335147,2025-06-16,1000000.0
335209,2025-06-15,5000000.0
335218,2016-06-30,0.0
335236,2016-10-03,0.0
335457,2025-06-04,22000000.0
335461,2025-06-05,900000.0
335516,2025-06-01,4000000.0
335547,2019-03-12,0.0
335636,2021-09-01,0.0
335646,2016-06-30,0.0
335721,2025-05-29,45000000.0
335744,2025-06-09,1800000.0
335765,2025-06-29,225000.0
335954,2025-06-05,75000.0
335997,2025-05-27,500000.0
335999,2025-06-22,75000.0
336001,2025-06-22,75000.0
336174,2022-11-10,0.0
336248,2025-06-19,125000.0
336325,2025-06-22,400000.0
336646,2025-05-27,8000000.0
336666,2025-05-27,50000.0
336690,2025-01-23,0.0
336729,2025-06-24,300000.0
336731,2025-05-22,400000.0
336747,2025-05-15,275000.0
336749,2025-06-24,150000.0
336830,2025-06-24,200000.0
336855,2025-06-29,250000.0
336869,2025-06-08,6000000.0
337010,2016-12-17,0.0
337025,2025-06-10,175000.0
337046,2025-06-22,125000.0
337064,2025-07-22,0.0
337083,2025-06-10,250000.0
337092,2025-06-04,2000000.0
337101,2025-06-17,150000.0
337175,2023-03-06,0.0
337179,2025-06-16,100000.0
337279,2025-06-29,200000.0
337321,2025-04-03,75000.0
337537,2025-06-09,650000.0
337795,2023-03-06,0.0
337799,2025-05-29,2000000.0
337812,2025-06-22,50000.0
337946,2025-06-23,600000.0
338032,2025-06-18,1000000.0
338195,2025-06-19,175000.0
338223,2024-09-26,0.0
338318,2023-07-19,0.0
338627,2025-05-27,1000000.0
338629,2025-06-04,6000000.0
338634,2023-10-18,0.0
338636,2025-04-23,400000.0
338637,2025-06-11,2500000.0
338672,2025-06-11,1000000.0
338712,2018-09-30,0.0
338791,2016-06-30,0.0
338792,2017-09-07,0.0
338793,2024-07-31,0.0
338855,2025-05-29,300000.0
338861,2025-06-05,1000000.0
338889,2025-04-03,800000.0
338904,2024-09-26,0.0
339057,2025-06-18,750000.0
339070,2025-06-05,2000000.0
339080,2025-06-16,350000.0
339327,2025-06-15,200000.0
339328,2025-05-27,3500000.0
339395,2024-09-26,0.0
339482,2024-06-09,0.0
339559,2025-05-28,200000.0
339705,2016-08-17,0.0
339707,2025-05-27,5000000.0
339711,2025-06-26,800000.0
339997,2025-06-29,75000.0
340065,2025-06-09,1200000.0
340103,2025-06-09,250000.0
340179,2025-05-22,300000.0
340206,2025-06-24,250000.0
340321,2025-05-29,5000000.0
340325,2025-05-29,16000000.0
340339,2025-06-08,1500000.0
340448,2025-06-01,200000.0
340524,2025-05-29,200000.0
340529,2024-09-26,0.0
340639,2023-07-05,0.0
340840,2025-06-05,2000000.0
340867,2025-06-23,2000000.0
340914,2021-06-06,0.0
341051,2025-05-29,15000000.0
341102,2025-06-24,275000.0
341104,2018-08-27,0.0
341227,2025-06-16,15000000.0
341228,2025-06-24,200000.0
341264,2025-06-08,18000000.0
341272,2025-06-23,1500000.0
341277,2025-06-23,1500000.0
341394,2025-05-01,350000.0
341396,2025-06-01,900000.0
341516,2025-06-12,600000.0
341710,2025-06-05,4500000.0
341712,2025-06-04,200000.0
341774,2020-09-02,0.0
341878,2025-06-30,0.0
341882,2025-06-17,300000.0
341922,2016-01-04,0.0
341982,2019-07-02,0.0
341984,2025-06-24,175000.0
342046,2025-05-29,5000000.0
342048,2025-05-26,3500000.0
342050,2025-06-17,650000.0
342065,2025-06-24,225000.0
342098,2025-06-18,275000.0
342100,2025-06-19,175000.0
342129,2025-06-17,1500000.0
342137,2025-06-25,400000.0
342146,2025-06-02,175000.0
342148,2025-05-29,200000.0
342204,2025-06-18,100000.0
342690,2025-02-20,0.0
342712,2020-11-10,0.0
342716,2019-09-15,0.0
342878,2025-05-25,250000.0
342966,2025-06-22,75000.0
343064,2025-06-09,200000.0
343184,2025-06-23,550000.0
343264,2025-06-24,150000.0
343328,2023-04-20,0.0
343332,2025-06-10,600000.0
343835,2025-05-07,100000.0
343943,2025-06-24,25000.0
344015,2025-06-29,325000.0
344063,2025-06-18,700000.0
344069,2025-06-04,14000000.0
344081,2022-02-12,0.0
344152,2025-05-29,8000000.0
344393,2025-05-29,150000.0
344395,2025-05-26,2000000.0
344398,2023-10-18,0.0
344399,2024-12-04,375000.0
344435,2022-06-30,0.0
344458,2025-06-12,150000.0
344525,2025-06-29,50000.0
344586,2025-06-29,125000.0
344588,2025-06-16,350000.0
344591,2025-06-23,800000.0
344592,2025-06-12,150000.0
344600,2025-06-18,3500000.0
344648,2023-10-18,0.0
345004,2025-05-21,75000.0
345065,2023-10-18,0.0
345084,2025-04-03,600000.0
345172,2025-03-10,175000.0
345345,2025-06-18,1500000.0
345347,2022-10-03,0.0
345562,2025-06-25,1200000.0
345622,2025-05-07,200000.0
345626,2025-05-07,150000.0
345716,2025-06-11,350000.0
345756,2016-05-30,0.0
345767,2020-01-16,0.0
345780,2025-06-09,2000000.0
345861,2022-08-11,0.0
345880,2019-01-25,0.0
346138,2017-05-26,0.0
346226,2019-05-10,0.0
346244,2025-06-17,100000.0
346468,2025-05-26,600000.0
346474,2024-09-26,0.0
346482,2025-06-17,350000.0
346485,2025-06-17,325000.0
346487,2023-03-06,0.0
346492,2025-05-27,100000.0
346770,2024-04-21,0.0
346776,2025-07-17,600000.0
346779,2025-06-16,15000000.0
346780,2025-06-17,125000.0
346851,2024-06-30,0.0
346881,2025-06-09,100000.0
346887,2022-10-03,0.0
346894,2025-06-09,400000.0
346932,2022-08-11,0.0
347090,2025-06-26,250000.0
347138,2025-06-17,1200000.0
347185,2022-08-11,0.0
347383,2025-06-19,150000.0
347388,2022-10-03,0.0
347481,2025-06-29,225000.0
347545,2019-08-27,0.0
347594,2025-06-23,1200000.0
347617,2025-06-17,400000.0
347625,2025-05-11,100000.0
347711,2019-06-14,0.0
347851,2025-06-26,0.0
347884,2025-06-09,25000.0
347900,2025-05-27,22000000.0
347904,2020-05-24,0.0
347920,2025-05-21,250000.0
348041,2025-05-28,225000.0
348261,2025-06-18,1200000.0
348262,2025-06-26,500000.0
348263,2025-05-27,9000000.0
348273,2025-06-29,650000.0
348379,2025-06-15,200000.0
348469,2025-05-26,900000.0
348552,2025-06-24,150000.0
348671,2021-08-31,0.0
348756,2025-06-11,3500000.0
348769,2025-06-26,450000.0
348824,2025-06-17,175000.0
348871,2025-04-08,0.0
349066,2025-05-29,120000000.0
349166,2025-06-05,250000.0
349189,2025-06-17,200000.0
349219,2019-04-15,0.0
349404,2025-06-23,150000.0
349501,2024-04-21,0.0
349502,2023-10-18,0.0
349503,2025-05-29,6000000.0
349515,2025-04-03,250000.0
349536,2025-05-29,1500000.0
349614,2016-05-26,1000000.0
349747,2025-06-01,25000.0
349886,2024-06-30,0.0
349889,2025-06-24,200000.0
349890,2019-05-21,0.0
350220,2025-06-24,100000.0
350279,2024-11-26,0.0
350342,2025-06-05,1800000.0
350419,2025-06-24,50000.0
350828,2025-05-28,700000.0
351120,2025-01-11,0.0
351204,2025-06-24,50000.0
351388,2024-09-26,0.0
351478,2025-06-08,25000000.0
351506,2025-06-05,175000.0
351538,2024-03-06,0.0
351539,2025-06-24,200000.0
351546,2025-09-07,150000.0
351564,2025-05-28,900000.0
351708,2024-06-06,0.0
351718,2025-06-24,100000.0
351843,2025-06-01,800000.0
351983,2025-05-27,150000.0
352015,2025-05-29,100000.0
352125,2025-05-25,200000.0
352223,2025-06-23,500000.0
352250,2024-03-06,0.0
352366,2024-03-06,0.0
352597,2025-06-24,200000.0
352657,2025-06-24,25000.0
352661,2025-06-19,150000.0
352770,2019-03-21,0.0
352811,2025-05-28,1200000.0
352847,2024-09-24,0.0
352887,2023-03-06,0.0
352898,2025-06-09,200000.0
352948,2023-03-06,0.0
353211,2025-06-26,250000.0
353212,2025-07-06,100000.0
353262,2018-07-09,0.0
353368,2024-03-06,0.0
353420,2025-05-18,350000.0
353567,2025-05-28,1000000.0
353583,2025-05-25,6500000.0
353591,2024-12-01,500000.0
353634,2025-05-22,4000000.0
353671,2019-09-14,0.0
353674,2025-06-17,500000.0
353722,2025-06-26,150000.0
353807,2025-06-26,100000.0
353840,2023-03-06,0.0
353863,2025-06-24,400000.0
353880,2025-05-28,750000.0
353932,2024-09-30,0.0
353960,2024-09-26,0.0
353970,2025-06-17,300000.0
354003,2023-03-06,0.0
354032,2025-06-10,100000.0
354058,2025-06-08,350000.0
354061,2025-05-29,350000.0
354074,2023-07-03,0.0
354133,2025-06-18,350000.0
354145,2025-06-03,7000000.0
354152,2025-06-09,50000.0
354189,2021-07-07,0.0
354311,2025-05-07,125000.0
354312,2025-06-24,50000.0
354706,2023-04-30,0.0
354737,2025-06-04,400000.0
354752,2025-05-07,150000.0
354763,2025-06-04,1000000.0
354809,2015-12-24,0.0
354814,2025-06-02,6000000.0
354837,2015-07-31,0.0
354841,2025-05-07,125000.0
354903,2025-05-07,125000.0
355201,2015-10-18,0.0
355369,2025-06-02,3000000.0
355446,2024-09-15,0.0
355468,2025-06-24,200000.0
355496,2025-06-05,1500000.0
355504,2023-01-31,0.0
355534,2025-06-24,200000.0
355627,2025-06-02,7000000.0
355641,2025-06-09,3000000.0
355673,2022-10-03,0.0
355709,2025-05-28,175000.0
355817,2025-05-28,4500000.0
355904,2025-05-21,200000.0
355935,2018-06-29,0.0
356013,2025-03-28,0.0
356044,2025-05-25,2500000.0
356082,2023-11-30,0.0
356139,2021-01-31,0.0
356196,2025-06-24,250000.0
356197,2025-06-08,2500000.0
356228,2025-05-28,200000.0
356396,2025-06-16,300000.0
356408,2020-05-03,0.0
357069,2025-05-25,400000.0
357158,2025-06-05,3500000.0
357159,2025-06-23,300000.0
357161,2025-05-22,450000.0
357297,2025-08-31,0.0
357540,2024-08-12,0.0
357558,2025-04-03,200000.0
357662,2025-05-29,120000000.0
357780,2025-06-11,400000.0
357788,2025-06-08,500000.0
357789,2025-06-03,200000.0
357806,2025-03-20,0.0
357826,2025-05-27,400000.0
357885,2025-06-08,6000000.0
357938,2020-05-16,0.0
358042,2025-06-11,800000.0
358115,2025-06-08,1400000.0
358132,2025-06-16,400000.0
358166,2025-06-16,5000000.0
358212,2025-06-09,200000.0
358305,2023-10-18,0.0
358306,2025-06-24,150000.0
358421,2025-03-06,0.0
358425,2025-06-24,200000.0
358509,2025-06-01,250000.0
358575,2024-04-21,0.0
358723,2025-05-27,150000.0
358738,2025-06-22,500000.0
358755,2025-05-07,125000.0
358903,2025-06-10,200000.0
358948,2025-06-17,6500000.0
358981,2024-09-26,0.0
359380,2025-03-13,0.0
359409,2025-06-09,4000000.0
359438,2017-10-11,0.0
359678,2025-06-05,125000.0
359692,2025-06-29,300000.0
360140,2025-06-11,1500000.0
360518,2025-06-16,35000000.0
360526,2025-06-05,1500000.0
360590,2024-03-18,0.0
360661,2025-06-16,2500000.0
360677,2025-06-08,250000.0
360711,2025-06-24,300000.0
360712,2024-09-07,0.0
361065,2025-06-02,7000000.0
361082,2025-05-27,2500000.0
361083,2025-04-16,0.0
361121,2025-06-18,500000.0
361256,2025-06-17,6000000.0
361260,2025-06-04,5000000.0
361263,2025-09-03,0.0
361433,2025-06-04,1800000.0
361495,2019-09-16,0.0
361567,2025-06-09,200000.0
362086,2025-06-08,3500000.0
362093,2025-06-19,300000.0
362584,2023-06-30,0.0
362835,2025-05-28,175000.0
362842,2025-06-08,5000000.0
362844,2025-06-26,1500000.0
363057,2025-06-08,3000000.0
363425,2025-05-27,1200000.0
363511,2025-06-18,175000.0
363541,2025-06-24,150000.0
363689,2025-06-02,250000.0
363772,2024-04-21,0.0
363811,2025-06-26,150000.0
363882,2025-06-29,200000.0
364135,2025-06-16,50000000.0
364232,2025-06-02,700000.0
364234,2025-05-27,1200000.0
364244,2025-05-29,2000000.0
364261,2025-06-05,1200000.0
364403,2025-06-22,400000.0
364408,2025-06-11,150000.0
364412,2021-12-10,0.0
364581,2025-06-26,200000.0
364603,2025-06-08,1500000.0
364683,2023-11-12,0.0
364803,2025-05-26,2000000.0
364828,2025-08-31,0.0
364861,2025-06-09,1200000.0
364938,2025-06-17,2500000.0
365094,2023-06-30,0.0
365544,2025-06-17,800000.0
365758,2025-06-01,2000000.0
365881,2023-10-18,0.0
365947,2025-05-25,2800000.0
366653,2025-06-24,250000.0
366834,2025-06-29,125000.0
366884,2016-03-23,0.0
366931,2025-06-24,250000.0
367248,2023-02-04,0.0
367273,2024-06-16,0.0
367274,2025-06-17,4000000.0
367392,2025-05-07,175000.0
367464,2025-06-23,3000000.0
367466,2025-06-08,3000000.0
367634,2025-06-19,100000.0
367642,2023-11-12,0.0
367653,2025-06-16,200000.0
367693,2024-09-24,0.0
367798,2023-09-11,0.0
368360,2025-06-16,100000.0
368582,2025-06-24,350000.0
368806,2025-06-24,300000.0
368823,2025-04-03,175000.0
368887,2025-06-04,50000000.0
369240,2025-01-02,0.0
369292,2024-03-06,0.0
369367,2025-06-17,400000.0
369552,2025-05-27,2500000.0
369554,2025-05-27,2000000.0
369555,2024-06-26,0.0
369556,2025-06-05,2000000.0
369567,2025-05-29,4000000.0
369602,2019-11-14,0.0
369706,2025-06-11,400000.0
369787,2020-11-10,0.0
369882,2025-06-10,250000.0
369945,2025-06-19,125000.0
370128,2025-06-09,50000.0
370520,2025-04-23,200000.0
370833,2025-05-26,1600000.0
370844,2025-06-04,125000.0
370846,2025-06-16,17000000.0
370856,2022-10-03,0.0
370863,2025-06-09,550000.0
370864,2025-05-25,2000000.0
370978,2024-10-29,150000.0
370979,2025-06-09,400000.0
370980,2025-05-07,200000.0
371001,2025-05-27,24000000.0
371002,2025-06-15,900000.0
371004,2025-06-08,400000.0
371012,2025-06-08,1200000.0
371025,2025-06-05,550000.0
371145,2025-05-28,1000000.0
371148,2025-06-01,600000.0
371149,2025-06-16,30000000.0
371150,2025-06-19,250000.0
371170,2025-05-18,150000.0
371176,2025-05-18,150000.0
371178,2025-05-25,1500000.0
371181,2023-03-06,0.0
371247,2025-09-04,8000000.0
371267,2025-06-04,5000000.0
371421,2022-10-03,0.0
371436,2025-05-26,1500000.0
371550,2023-10-18,0.0
371686,2025-06-02,1800000.0
371816,2025-06-02,1000000.0
371936,2025-04-23,500000.0
372047,2025-06-11,250000.0
372051,2025-05-29,900000.0
372236,2025-06-23,100000.0
372267,2025-05-27,12000000.0
372377,2019-04-30,0.0
372380,2025-05-22,150000.0
372446,2025-06-22,500000.0
372450,2025-06-17,250000.0
372459,2025-05-26,300000.0
372670,2025-06-22,275000.0
374554,2025-06-04,500000.0
374578,2025-06-17,150000.0
374654,2024-04-21,0.0
374855,2022-10-03,0.0
374857,2025-03-17,0.0
375300,2025-05-25,3800000.0
375361,2025-06-25,125000.0
375374,2023-03-06,0.0
375376,2025-05-29,2000000.0
375382,2025-06-08,10000000.0
375419,2025-09-07,450000.0
375470,2020-01-27,0.0
375498,2018-11-20,0.0
375690,2025-06-05,500000.0
375811,2023-03-30,0.0
375820,2025-06-22,100000.0
375857,2025-06-03,2000000.0
376120,2022-10-04,0.0
376127,2025-06-11,2000000.0
376157,2022-10-03,0.0
376211,2025-05-26,5000000.0
376441,2025-06-26,300000.0
376452,2025-06-08,1000000.0
376675,2025-05-27,225000.0
376858,2025-06-09,1000000.0
376862,2015-12-31,0.0
376863,2022-10-03,0.0
377109,2025-06-17,800000.0
377237,2019-06-28,0.0
377431,2025-06-09,150000.0
377601,2023-03-06,0.0
377729,2025-06-18,4000000.0
377756,2024-03-06,0.0
378483,2025-05-07,150000.0
378520,2025-03-20,300000.0
378630,2019-09-27,0.0
378663,2016-12-28,0.0
378695,2016-06-30,0.0
378866,2023-03-06,0.0
378883,2025-06-18,1000000.0
378954,2024-03-05,0.0
379249,2025-05-29,6000000.0
379365,2023-07-25,0.0
379459,2024-03-06,0.0
379530,2025-06-24,300000.0
379679,2016-05-26,750000.0
379714,2025-06-04,100000.0
379838,2025-06-15,1500000.0
379870,2025-06-09,500000.0
379956,2024-03-06,0.0
380066,2025-06-26,50000.0
380078,2025-06-10,250000.0
380273,2025-09-04,25000.0
380277,2025-06-24,200000.0
380286,2025-06-23,125000.0
380349,2025-06-01,500000.0
380419,2025-06-22,100000.0
380423,2025-06-23,150000.0
380438,2020-05-10,0.0
380534,2023-10-18,0.0
380592,2025-05-14,75000.0
380602,2025-06-24,50000.0
380744,2025-05-26,1500000.0
380936,2025-06-17,800000.0
380953,2025-06-24,50000.0
380996,2025-05-25,2000000.0
381026,2025-05-07,200000.0
381069,2025-06-05,250000.0
381172,2025-06-24,300000.0
381348,2025-05-22,2500000.0
381365,2023-10-18,0.0
381429,2025-05-21,100000.0
381524,2025-06-24,200000.0
381625,2025-05-11,150000.0
381687,2021-12-30,0.0
381706,2025-06-16,600000.0
381724,2025-06-03,3000000.0
381767,2017-12-31,0.0
381810,2025-06-23,75000.0
381892,2023-03-06,0.0
381963,2025-05-26,5000000.0
382240,2020-01-31,0.0
382245,2022-10-03,0.0
382480,2025-06-09,50000.0
382528,2025-05-29,24000000.0
382552,2022-10-03,0.0
382773,2025-04-03,0.0
382930,2024-06-23,0.0
382970,2025-06-05,650000.0
383647,2018-01-18,0.0
383699,2025-06-23,25000.0
383804,2023-06-30,0.0
383810,2025-06-24,200000.0
384104,2025-06-09,200000.0
384128,2018-07-30,0.0
384159,2025-06-26,800000.0
384280,2025-02-27,0.0
384299,2024-10-06,0.0
384568,2025-06-08,2800000.0
384587,2025-06-18,2000000.0
384657,2019-08-28,0.0
384844,2025-06-05,300000.0
385114,2018-06-30,0.0
385143,2025-05-18,100000.0
385147,2025-06-29,200000.0
385412,2025-06-16,200000.0
385701,2025-06-23,150000.0
385846,2016-04-29,0.0
385848,2025-05-26,800000.0
386048,2025-05-25,200000.0
386116,2018-01-07,0.0
386505,2025-06-17,250000.0
386659,2025-06-24,150000.0
386752,2025-05-26,3000000.0
386791,2020-06-30,0.0
387036,2024-06-26,0.0
387047,2025-06-04,13000000.0
387105,2025-05-27,3500000.0
387112,2025-05-26,200000.0
387159,2024-09-26,0.0
387191,2025-05-26,1800000.0
387199,2025-05-27,500000.0
387241,2024-07-28,0.0
387313,2025-06-04,300000.0
387378,2025-05-28,600000.0
387557,2025-05-29,350000.0
387579,2025-06-16,300000.0
387708,2025-01-14,0.0
387890,2024-03-06,0.0
387932,2022-10-03,0.0
387990,2025-06-11,400000.0
387996,2025-05-27,350000.0
388128,2023-03-06,0.0
388188,2025-06-24,200000.0
388210,2025-06-19,150000.0
388294,2025-06-04,4000000.0
388301,2021-01-28,0.0
388343,2025-06-23,100000.0
388359,2025-06-24,600000.0
388397,2025-06-26,700000.0
388508,2025-06-18,700000.0
388518,2025-01-23,0.0
388545,2025-06-23,2500000.0
388603,2019-06-28,0.0
388751,2025-06-09,100000.0
388820,2025-06-17,2500000.0
388868,2025-06-23,10000.0
388885,2025-06-24,150000.0
388888,2025-06-24,200000.0
388980,2025-06-23,50000.0
389079,2025-06-22,150000.0
389181,2025-06-02,600000.0
389253,2025-06-16,6000000.0
389441,2025-06-11,350000.0
389736,2023-10-18,0.0
389767,2025-06-09,100000.0
389942,2025-06-26,450000.0
390122,2025-01-25,0.0
390170,2025-06-09,200000.0
390177,2025-06-16,3000000.0
390460,2025-06-18,600000.0
390892,2025-06-22,75000.0
390942,2025-06-23,500000.0
391070,2022-04-03,0.0
391344,2025-06-24,50000.0
391498,2025-06-24,400000.0
391630,2025-06-25,0.0
391720,2025-06-01,1000000.0
391780,2025-06-04,5000000.0
391910,2025-06-24,100000.0
391921,2025-05-25,200000.0
392047,2024-07-09,0.0
392084,2019-06-29,0.0
392155,2025-09-04,50000.0
392163,2025-06-04,5000000.0
392278,2022-10-03,0.0
392375,2025-06-16,75000.0
392757,2025-05-29,45000000.0
392762,2025-02-19,0.0
392767,2025-05-29,4000000.0
392772,2024-09-26,0.0
392964,2025-06-04,18000000.0
393217,2025-06-17,225000.0
393236,2025-06-18,600000.0
393238,2025-06-02,12000000.0
393239,2025-05-27,1500000.0
393241,2025-05-27,500000.0
393329,2018-11-20,0.0
393366,2018-08-30,0.0
393564,2025-06-29,125000.0
393630,2025-06-30,0.0
393686,2025-06-05,2500000.0
393696,2025-06-19,450000.0
393804,2025-06-18,200000.0
393827,2022-10-03,0.0
1000135,2025-06-24,100000.0
1000146,2025-05-25,0.0
1000273,2025-06-04,400000.0
1000284,2025-06-05,550000.0
1000301,2025-06-23,150000.0
1000675,2025-06-04,800000.0
1000714,2025-05-07,100000.0
1001380,2025-06-17,150000.0
1001514,2025-03-13,0.0
1001788,2025-06-01,300000.0
1003023,2025-06-29,175000.0
1004022,2025-03-13,0.0
1004065,2025-09-04,800000.0
1004346,2025-06-11,200000.0
1004383,2025-06-01,50000.0
1004478,2025-06-01,100000.0
1004681,2025-06-01,400000.0
1004725,2025-05-29,9000000.0
1005161,2024-02-27,0.0
1005241,2025-05-25,25000.0
1005510,2025-06-04,800000.0
1005547,2024-03-18,0.0
1005634,2022-10-03,0.0
1006250,2025-06-01,1000000.0
1006478,2025-06-24,100000.0
1006887,2023-09-07,0.0
1007394,2025-06-04,50000.0
1007496,2025-06-17,50000.0
1007720,2025-06-17,1200000.0
1007815,2023-11-12,0.0
1008440,2025-06-04,150000.0
1008655,2025-03-13,0.0
1008877,2025-05-22,225000.0
1009017,2025-04-03,750000.0
1009222,2023-10-18,0.0
1009485,2025-06-08,400000.0
1009499,2025-06-08,50000.0
1009596,2025-06-01,4000000.0
1010016,2025-06-26,400000.0
1010243,2025-06-02,50000.0
1010290,2024-12-18,0.0
1010854,2025-05-29,10000000.0
1010903,2025-06-10,125000.0
1010923,2023-10-18,0.0
1011207,2025-09-10,0.0
1011214,2025-05-29,0.0
1011269,2024-12-11,100000.0
1011320,2025-06-17,50000.0
1011472,2025-06-08,200000.0
1011738,2025-05-29,5000000.0
1012166,2025-01-16,0.0
1012564,2025-09-04,18000000.0
1012731,2025-06-26,100000.0
1012922,2023-06-20,0.0
1012927,2023-06-30,0.0
1013406,2025-04-23,300000.0
1013931,2025-06-02,125000.0
1014361,2025-06-24,50000.0
1015371,2023-12-07,0.0
1015372,2023-06-20,0.0
1015819,2025-06-09,50000.0
1015822,2025-09-08,1500000.0
1015898,2024-07-03,0.0
1016253,2025-06-17,450000.0
1016312,2025-06-17,250000.0
1016519,2025-06-24,25000.0
1016520,2025-06-24,50000.0
1016620,2025-05-21,10000.0
1016918,2025-06-04,500000.0
1017047,2025-06-18,300000.0
1017409,2024-09-26,0.0
1017551,2025-06-17,175000.0
1017776,2025-06-19,25000.0
1018588,2023-10-18,0.0
1018617,2024-06-06,0.0
1018675,2023-03-06,0.0
1018686,2022-10-03,0.0
1018687,2022-10-03,0.0
1019173,2025-06-11,400000.0
1019174,2025-06-11,13000000.0
1019470,2025-06-04,175000.0
1019834,2024-03-18,0.0
1019950,2025-06-02,150000.0
1020544,2025-06-01,100000.0
1020592,2024-09-26,0.0
1020837,2025-06-01,2000000.0
1021422,2024-06-02,0.0
1021427,2025-05-27,175000.0
1022349,2025-03-16,0.0
1022572,2024-09-26,0.0
1022584,2025-06-26,600000.0
1022997,2025-06-16,200000.0
1023637,2024-09-26,0.0
1023784,2025-09-04,75000.0
1024556,2025-06-23,50000.0
1025234,2025-09-05,100000.0
1025280,2025-04-02,50000.0
1025713,2025-03-20,0.0
1025716,2025-05-21,25000.0
1026014,2025-06-01,400000.0
1026659,2025-06-24,150000.0
1026991,2023-11-12,0.0
1027708,2025-06-17,1500000.0
1027770,2025-06-17,1800000.0
1028125,2025-05-29,125000.0
1028781,2025-05-18,400000.0
1028918,2025-03-17,0.0
1029293,2024-03-06,0.0
1029811,2024-09-26,0.0
1029949,2025-06-02,100000.0
1030153,2025-06-02,800000.0
1030276,2025-06-23,100000.0
1030524,2025-06-08,25000.0
1031084,2024-09-26,0.0
1031528,2025-05-21,100000.0
1031949,2024-04-21,0.0
1032864,2025-06-17,850000.0
1032875,2025-06-17,150000.0
1033005,2025-06-08,3000000.0
1033159,2025-04-03,50000.0
1033173,2025-03-13,0.0
1033963,2025-06-09,4000000.0
1034576,2023-01-31,0.0
1034598,2025-06-17,800000.0
1035048,2025-08-28,300000.0
1035077,2025-06-22,10000.0
1035501,2025-06-24,50000.0
1035758,2025-06-30,0.0
1035852,2025-04-13,200000.0
1035924,2025-05-25,2500000.0
1035983,2025-04-23,400000.0
1036407,2025-06-03,500000.0
1038907,2025-05-28,225000.0
1039275,2025-09-11,150000.0
1039621,2025-06-22,75000.0
1039640,2025-06-19,350000.0
1039802,2024-09-24,0.0
1040401,2025-06-17,500000.0
1040544,2025-03-17,0.0
1041129,2025-06-26,100000.0
1041218,2025-06-24,50000.0
1041455,2025-05-18,100000.0
1041958,2025-05-25,150000.0
1042363,2024-04-21,0.0
1043035,2025-05-21,125000.0
1043977,2025-06-17,300000.0
1043979,2025-06-25,500000.0
1044132,2025-09-04,7000000.0
1044871,2025-06-22,150000.0
1045638,2025-06-24,25000.0
1045719,2025-05-29,0.0
1045826,2025-06-19,100000.0
1045957,2025-09-04,50000.0
1046040,2024-12-26,0.0
1046242,2025-07-02,0.0
1046943,2025-06-24,50000.0
1047043,2025-06-23,25000.0
1047136,2025-08-03,400000.0
1047257,2025-07-03,100000.0
1047410,2025-06-10,75000.0
1047622,2025-06-19,150000.0
1048118,2025-03-19,500000.0
1049099,2024-03-18,0.0
1049151,2025-06-11,500000.0
1050131,2025-06-02,50000.0
1050676,2025-01-15,0.0
1050679,2024-09-26,0.0
1050870,2025-06-19,50000.0
1050908,2025-05-27,25000.0
1050977,2025-05-14,0.0
1051830,2023-10-18,0.0
1052420,2025-06-18,1800000.0
1052719,2025-05-22,250000.0
1052885,2024-09-26,0.0
1053160,2025-08-24,250000.0
1053240,2025-06-01,1000000.0
1053908,2025-06-15,350000.0
1053934,2025-06-05,200000.0
1053935,2025-06-29,175000.0
1054209,2025-06-26,325000.0
1054429,2025-06-24,300000.0
1054623,2024-09-26,0.0
1054634,2025-06-08,250000.0
1054931,2025-06-24,200000.0
1055055,2025-06-11,800000.0
1055220,2025-06-24,400000.0
1055561,2024-03-06,0.0
1056021,2025-06-26,300000.0
1056187,2025-06-17,100000.0
1056376,2025-04-23,200000.0
1056960,2025-06-24,150000.0
1057857,2025-06-11,1000000.0
1058515,2025-06-04,200000.0
1058520,2025-06-18,2000000.0
1059073,2025-06-19,10000.0
1059208,2025-05-14,150000.0
1059614,2024-12-12,0.0
1060024,2025-06-24,50000.0
1060277,2025-06-25,100000.0
1060375,2025-05-14,50000.0
1060454,2025-06-24,1000000.0
1060823,2025-06-24,100000.0
1060923,2025-06-24,25000.0
1060983,2025-06-09,500000.0
1061721,2025-05-27,50000.0
1062598,2025-05-07,100000.0
1062741,2025-05-29,250000.0
1062862,2025-06-16,150000.0
1062967,2025-06-24,150000.0
1062986,2025-06-26,200000.0
1063056,2024-06-12,0.0
1063263,2025-06-11,900000.0
1063292,2025-05-29,4000000.0
1063517,2024-09-24,0.0
1063585,2025-06-24,100000.0
1063593,2025-06-24,100000.0
1063597,2025-06-24,100000.0
1063833,2024-03-06,0.0
1064105,2025-06-24,150000.0
1064126,2025-06-24,100000.0
1064377,2025-06-22,200000.0
1064381,2025-06-02,50000.0
1064411,2025-06-24,25000.0
1064503,2025-06-24,25000.0
1064540,2025-06-24,25000.0
1064546,2025-04-23,200000.0
1064932,2024-09-19,0.0
1065041,2025-06-17,150000.0
1065042,2024-12-26,150000.0
1065043,2025-06-17,2500000.0
1065268,2025-06-24,50000.0
1065483,2025-05-14,50000.0
1065668,2024-06-19,0.0
1065795,2025-06-24,100000.0
1065832,2025-06-24,200000.0
1066521,2025-03-17,0.0
1066861,2025-06-02,100000.0
1066862,2025-06-02,50000.0
1066969,2025-06-17,150000.0
1067240,2024-09-26,0.0
1067253,2024-09-24,0.0
1067267,2025-06-26,10000.0
1068033,2025-05-18,200000.0
1068762,2025-06-24,25000.0
1069512,2025-06-23,2500000.0
1070018,2025-06-23,400000.0
1070284,2025-06-26,300000.0
1070396,2025-06-24,75000.0
1070536,2025-05-29,100000.0
1070797,2025-06-17,50000.0
1071731,2025-05-14,50000.0
1071956,2025-06-02,4000000.0
1072185,2025-06-17,500000.0
1072998,2025-06-30,0.0
1074383,2025-09-03,50000.0
1074479,2025-06-26,1000000.0
1074481,2025-06-23,50000.0
1074483,2025-02-06,0.0
1074670,2025-06-24,250000.0
1075186,2025-06-22,200000.0
1075580,2025-08-25,500000.0
1076671,2025-06-17,50000.0
1076806,2025-05-25,100000.0
1077023,2025-05-25,100000.0
1077098,2025-06-17,450000.0
1077154,2024-11-26,50000.0
1079276,2025-06-09,25000.0
1079286,2025-09-04,25000.0
1079330,2023-10-18,0.0
1081537,2024-03-18,0.0
1082427,2025-05-27,175000.0
1082519,2025-06-01,450000.0
1082593,2025-06-05,3500000.0
1082602,2025-09-04,6000000.0
1082625,2025-06-05,1500000.0
1082638,2024-11-26,200000.0
1082692,2025-06-26,100000.0
1082769,2025-06-26,350000.0
1082820,2025-06-26,450000.0
1082832,2025-06-09,400000.0
1083228,2025-05-14,75000.0
1083238,2025-03-27,0.0
1083600,2025-09-04,5000000.0
1083604,2025-05-29,400000.0
1083887,2025-06-05,50000.0
1083960,2025-06-09,600000.0
1083970,2025-06-26,1200000.0
1084714,2025-06-15,1500000.0
1084716,2025-05-18,600000.0
1085546,2025-07-03,50000.0
1085939,2025-06-05,300000.0
1085992,2025-06-24,100000.0
1086377,2025-06-04,2000000.0
1086381,2025-06-11,1200000.0
1086553,2025-05-25,100000.0
1086749,2025-05-25,150000.0
1086814,2025-05-25,700000.0
1086862,2025-05-25,200000.0
1087244,2025-05-18,400000.0
1087354,2024-03-06,0.0
1087357,2025-05-18,25000.0
1087675,2024-03-06,0.0
1087676,2025-05-21,25000.0
1088848,2025-06-26,50000.0
1089145,2025-05-18,100000.0
1089202,2025-06-02,10000000.0
1089203,2025-09-11,200000.0
1089531,2025-06-04,200000.0
1089573,2025-06-04,600000.0
1090519,2024-10-15,0.0
1090712,2025-05-29,100000.0
1091047,2025-05-26,50000.0
1091077,2025-06-17,300000.0
1091649,2025-06-02,150000.0
1093267,2024-11-26,50000.0
1093479,2025-05-14,100000.0
1093812,2025-06-22,200000.0
1093843,2025-06-09,100000.0
1093922,2025-06-05,500000.0
1093931,2025-07-17,50000.0
1094240,2024-03-06,0.0
1095035,2024-12-11,400000.0
1095300,2024-03-06,0.0
1095335,2025-09-09,100000.0
1095550,2025-04-03,0.0
1096508,2025-01-23,0.0
1096857,2023-10-31,0.0
1096866,2024-12-08,50000.0
1099070,2024-03-18,0.0
1099934,2025-05-07,75000.0
1100024,2024-06-13,0.0
1101364,2025-06-04,125000.0
1101636,2024-09-26,0.0
1101641,2025-06-02,400000.0
1102761,2025-06-26,100000.0
1103351,2025-06-16,100000.0
1103406,2025-06-01,250000.0
1103407,2024-07-03,0.0
1103916,2025-05-07,75000.0
1104139,2025-06-17,75000.0
1104143,2025-06-08,650000.0
1104713,2025-05-26,250000.0
1104725,2025-06-23,150000.0
1104730,2025-06-02,100000.0
1105078,2024-12-02,100000.0
1105533,2025-04-23,100000.0
1105541,2025-06-11,2500000.0
1105542,2025-08-24,500000.0
1105669,2024-06-24,0.0
1105789,2024-03-06,0.0
1105937,2025-05-21,25000.0
1106125,2024-09-24,0.0
1106217,2025-06-01,600000.0
1106860,2025-06-02,100000.0
1106875,2025-06-19,600000.0
1106904,2025-06-24,25000.0
1106911,2025-06-24,150000.0
1107048,2025-06-15,400000.0
1107753,2025-05-21,125000.0
1107852,2024-03-06,0.0
1108126,2024-10-15,0.0
1108130,2025-06-15,500000.0
1108148,2025-05-27,25000.0
1108459,2025-06-04,500000.0
1108466,2025-08-25,10000000.0
1108476,2025-05-26,500000.0
1109824,2025-05-26,1300000.0
1109825,2025-06-02,150000.0
1110229,2025-04-01,0.0
1110259,2024-07-11,0.0
1110466,2025-06-17,300000.0
1110645,2025-06-16,800000.0
1110658,2025-06-26,150000.0
1111047,2024-09-24,0.0
1111086,2025-05-21,25000.0
1111179,2025-05-18,450000.0
1111589,2025-06-16,18000000.0
1111775,2025-06-05,50000.0
1111965,2025-06-02,275000.0
1112214,2025-06-23,500000.0
1112869,2025-06-02,250000.0
1113227,2025-06-17,300000.0
1113451,2025-06-17,1000000.0
1113486,2025-04-23,50000.0
1113658,2025-06-26,50000.0
1114182,2025-05-07,75000.0
1114686,2025-05-07,100000.0
1115608,2023-08-21,0.0
1115994,2025-07-09,0.0
1116366,2025-06-26,900000.0
1116387,2025-09-04,350000.0
1117294,2025-05-07,150000.0
1117324,2025-05-07,200000.0
1118086,2025-06-16,200000.0
1119447,2025-06-11,7500000.0
1119747,2025-03-13,0.0
1119875,2025-05-07,25000.0
1119906,2025-05-25,200000.0
1120134,2025-06-17,250000.0
1120211,2025-06-24,100000.0
1120241,2025-06-24,200000.0
1120303,2024-09-26,0.0
1120307,2025-06-24,200000.0
1120596,2025-06-23,10000.0
1121244,2025-06-18,125000.0
1121510,2025-03-20,0.0
1121511,2024-03-18,0.0
1121585,2023-06-29,0.0
1121622,2024-08-22,0.0
1122925,2025-06-24,100000.0
1123651,2025-06-11,50000.0
1124136,2025-06-24,400000.0
1125976,2025-08-25,100000.0
1126133,2025-06-17,25000.0
1126258,2025-04-23,300000.0
1126316,2025-05-28,200000.0
1126741,2024-12-12,0.0
1126890,2025-06-17,175000.0
1127234,2025-06-25,225000.0
1128512,2025-06-04,200000.0
1129865,2025-05-18,25000.0
1130803,2025-05-27,600000.0
1130941,2025-06-01,100000.0
1131161,2025-06-02,150000.0
1132776,2025-06-24,50000.0
1132953,2025-06-26,200000.0
1133004,2025-06-08,50000.0
1133832,2025-06-17,250000.0
1134717,2025-06-02,175000.0
1135730,2025-06-24,50000.0
1136687,2025-03-20,0.0
1136847,2025-06-24,50000.0
1137865,2025-09-11,1200000.0
1137980,2025-06-23,250000.0
1138156,2025-05-25,200000.0
1139403,2024-11-28,0.0
1140060,2025-06-25,175000.0
1141452,2025-06-10,50000.0
1141560,2025-06-02,5000000.0
1142136,2025-06-08,75000.0
1142392,2025-06-05,25000.0
1143097,2025-06-23,100000.0
1143456,2025-05-25,50000.0
1143504,2025-06-04,800000.0
1143904,2024-03-06,0.0
1144937,2024-11-26,0.0
1145392,2025-05-21,200000.0
1145455,2025-06-10,300000.0
1145504,2025-05-29,8000000.0
1145685,2025-05-11,75000.0
1146422,2025-06-01,50000.0
1146650,2025-06-02,300000.0
1149302,2025-05-25,300000.0
1149707,2024-12-19,0.0
1149925,2025-06-09,800000.0
1150261,2025-06-17,550000.0
1150916,2025-06-26,250000.0
1151379,2025-03-17,0.0
1152154,2025-05-29,3000000.0
1153383,2024-09-24,0.0
1153675,2025-06-22,150000.0
1153785,2025-05-29,100000.0
1153833,2025-05-29,200000.0
1154153,2025-07-24,0.0
1155723,2025-05-25,3000000.0
1157414,2025-09-04,25000.0
1158002,2025-05-21,225000.0
1159792,2024-12-19,150000.0
1159862,2025-06-01,50000.0
1160106,2025-06-01,2000000.0
1160109,2025-05-14,50000.0
1161395,2024-03-06,0.0
1162378,2025-05-27,25000.0
1163778,2025-06-11,800000.0
1165413,2025-06-01,50000.0
1165714,2025-06-02,100000.0
1166534,2025-06-24,300000.0
1167462,2025-06-19,50000.0
1168297,2025-05-25,150000.0
1169718,2025-05-27,25000.0
1170446,2025-04-23,50000.0
1171530,2025-06-24,100000.0
1172467,2025-03-20,0.0
1172475,2025-06-26,50000.0
1172908,2025-06-01,200000.0
1173024,2025-05-14,50000.0
1173369,2025-06-30,0.0
1173480,2025-05-27,50000.0
1173841,2025-06-26,250000.0
1173926,2025-05-29,1000000.0
1175086,2025-09-07,1200000.0
1177255,2024-12-17,50000.0
1177356,2025-06-26,225000.0
1177907,2025-06-09,100000.0
1178488,2025-06-01,4000000.0
1178536,2024-06-12,0.0
1178739,2025-06-24,150000.0
1179762,2025-03-13,0.0
1180809,2025-06-02,50000.0
1181573,2025-06-24,75000.0
1181889,2024-11-28,0.0
1182916,2025-06-08,125000.0
1183854,2025-06-02,300000.0
1185513,2024-09-26,0.0
1186563,2025-06-11,1500000.0
1186953,2025-04-03,75000.0
1187299,2025-05-27,25000.0
1187784,2025-06-25,0.0
1189049,2025-06-17,1000000.0
1189287,2025-06-24,200000.0
1189292,2025-06-24,50000.0
1190411,2025-06-08,30000000.0
1190567,2025-01-27,0.0
1191444,2025-08-25,2000000.0
1191770,2025-06-24,200000.0
1191944,2025-03-27,0.0
1192744,2024-06-29,0.0
1192977,2025-06-30,0.0
1194648,2025-05-25,50000.0
1198007,2025-06-24,25000.0
1200189,2025-06-17,150000.0
1200365,2025-06-08,50000.0
1200366,2025-06-08,50000.0
1201294,2025-06-17,175000.0
1202387,2025-06-05,6000000.0
1203751,2025-05-21,25000.0
1203758,2025-05-21,50000.0
1203760,2025-05-21,25000.0
1204750,2025-05-07,150000.0
1204761,2024-09-26,0.0
1206614,2025-05-21,25000.0
1208520,2025-05-04,1000000.0
1210232,2024-09-26,0.0
1210659,2025-05-14,10000.0
1213080,2025-06-01,5000000.0
1213683,2025-06-25,400000.0
1214905,2025-05-07,100000.0
1214949,2025-05-11,75000.0
1215056,2025-05-25,100000.0
1215598,2025-05-07,125000.0
1216075,2025-08-25,200000.0
1218750,2025-06-16,200000.0
1219552,2025-06-02,50000.0
1219749,2025-06-05,6000000.0
1219849,2025-09-09,7000000.0
1221244,2025-06-24,25000.0
1221601,2025-05-26,75000.0
1222549,2025-02-03,0.0
1222768,2025-06-24,50000.0
1223254,2025-06-26,25000.0
1223701,2025-06-26,100000.0
1223857,2025-06-09,300000.0
1225269,2025-06-17,125000.0
1225436,2025-06-26,100000.0
1225600,2025-05-26,75000.0
1226594,2025-06-24,100000.0
1227023,2025-06-02,25000.0
1229026,2025-06-26,275000.0
1229830,2025-06-25,225000.0
1230004,2025-01-08,0.0
1230731,2025-06-19,10000.0
1230913,2025-05-21,50000.0
1233527,2025-09-05,25000.0
1234384,2025-04-23,25000.0
1234443,2025-06-02,150000.0
1234770,2025-05-25,25000.0
1235966,2025-06-17,50000.0
1238239,2025-06-17,50000.0
1240287,2024-08-22,0.0
1240984,2025-04-23,50000.0
1241091,2025-05-21,100000.0
1241211,2025-06-02,300000.0
1241698,2025-08-24,250000.0
1242625,2025-05-07,100000.0
1242714,2025-06-25,75000.0
1243588,2025-01-06,0.0
1245283,2025-06-24,50000.0
1245667,2025-06-04,125000.0
1246107,2025-03-13,0.0
1246471,2025-06-04,100000.0
1248495,2025-06-01,50000.0
1249161,2025-06-08,200000.0
1249340,2025-06-24,200000.0
1250976,2025-06-11,1800000.0
1251751,2025-07-27,0.0
1256870,2025-06-25,175000.0
1257015,2025-06-26,10000.0
1257504,2025-05-07,100000.0
1257776,2025-06-24,50000.0
1259589,2025-09-01,50000.0
1260233,2025-05-07,75000.0
1261647,2025-03-13,0.0
1262140,2025-06-19,10000.0
1267057,2025-05-27,50000.0
1267429,2025-06-15,700000.0
1267607,2025-06-09,50000.0
1269378,2025-06-05,2000000.0
1271065,2025-05-04,100000.0
1276670,2025-06-17,100000.0
1279665,2025-05-18,25000.0
1279903,2025-05-21,25000.0
1280353,2025-04-23,200000.0
1282482,2025-05-21,25000.0
1287044,2025-05-18,100000.0
1287093,2024-12-01,25000.0
1287501,2025-05-18,25000.0
1289575,2025-06-02,175000.0
1293040,2025-06-24,200000.0
1293796,2025-06-11,200000.0
1294052,2025-05-29,200000.0
1295530,2025-06-17,50000.0
1295909,2025-06-15,25000.0
1299218,2025-04-23,50000.0
1299634,2025-05-25,25000.0
1300024,2025-06-24,50000.0
1301093,2025-04-23,50000.0
1303166,2025-09-04,10000.0
1305218,2025-05-07,100000.0
1305935,2025-06-01,3500000.0
1306955,2025-05-27,250000.0
1307070,2025-05-27,50000.0
1307128,2025-05-27,25000.0
1311465,2025-05-14,75000.0
1313026,2025-05-25,25000.0
1317108,2025-05-07,150000.0
1317787,2024-12-17,25000.0
1322807,2025-09-04,25000.0
1330788,2025-06-17,150000.0
1334693,2025-05-21,10000.0
1336481,2025-05-14,75000.0
1338121,2025-09-07,500000.0
1341948,2025-05-21,375000.0
1356043,2025-06-04,175000.0
1358387,2025-05-21,10000.0
1363293,2025-06-02,100000.0
1365192,2025-05-18,75000.0
1366905,2025-06-24,25000.0
1376098,2025-06-09,50000.0
1380146,2025-05-07,50000.0
1384923,2025-09-08,0.0
1387322,2025-05-25,50000.0
1000274,2025-06-04,150000.0
1000674,2025-05-29,8000000.0
1000774,2023-11-12,0.0
1000775,2024-03-06,0.0
1000777,2025-05-28,100000.0
1001052,2025-05-07,125000.0
1001531,2025-06-04,1300000.0
1001686,2025-06-01,800000.0
1001785,2025-06-01,100000.0
1001854,2024-12-02,150000.0
1002223,2025-06-04,1200000.0
1002587,2025-03-13,0.0
1003451,2025-06-01,250000.0
1003457,2024-12-31,0.0
1003958,2025-06-24,250000.0
1004295,2025-06-24,50000.0
1004298,2025-06-23,100000.0
1004344,2025-06-16,900000.0
1004723,2025-06-16,1400000.0
1004728,2025-06-26,900000.0
1004738,2025-06-26,600000.0
1005006,2024-12-08,800000.0
1005240,2025-06-02,15000000.0
1005583,2025-09-04,5000000.0
1005640,2025-06-26,800000.0
1005642,2025-06-05,2000000.0
1005649,2025-05-29,55000000.0
1005650,2025-09-04,1000000.0
1005835,2025-06-11,700000.0
1006513,2024-03-06,0.0
1006609,2025-06-04,50000.0
1006890,2025-06-24,200000.0
1007020,2025-06-04,300000.0
1007517,2024-03-18,0.0
1007712,2025-05-07,125000.0
1007813,2025-06-25,3000000.0
1007816,2025-06-25,100000.0
1008031,2025-06-17,175000.0
1008160,2025-01-13,0.0
1008431,2025-06-04,100000.0
1008474,2025-06-24,200000.0
1008558,2025-06-16,50000.0
1009030,2025-09-04,9000000.0
1009031,2025-09-04,1000000.0
1009439,2025-09-04,150000.0
1009442,2025-06-10,300000.0
1009490,2025-06-05,500000.0
1009658,2025-05-29,8000000.0
1009765,2025-06-24,200000.0
1009977,2024-03-18,0.0
1010150,2025-06-26,600000.0
1010640,2025-06-04,100000.0
1010899,2025-06-04,300000.0
1011200,2025-06-02,6000000.0
1011260,2025-05-25,25000.0
1011469,2025-06-15,450000.0
1011935,2025-04-23,350000.0
1011991,2024-09-26,0.0
1011993,2025-01-16,0.0
1012513,2025-06-26,175000.0
1012976,2023-06-20,0.0
1013913,2025-06-01,300000.0
1014064,2024-12-04,0.0
1014555,2025-06-26,300000.0
1015374,2023-06-20,0.0
1015705,2025-06-17,800000.0
1015812,2025-06-09,300000.0
1016015,2025-06-02,15000000.0
1017775,2024-09-26,0.0
1018677,2023-03-06,0.0
1018685,2022-10-03,0.0
1018784,2025-06-17,600000.0
1018920,2025-06-08,5000000.0
1019368,2025-05-11,75000.0
1019380,2025-06-24,100000.0
1019486,2025-05-11,50000.0
1020191,2025-06-01,1000000.0
1020254,2024-06-26,0.0
1020670,2025-06-17,100000.0
1020704,2025-06-11,100000.0
1021397,2025-05-14,50000.0
1021586,2025-06-24,25000.0
1021813,2024-12-08,25000.0
1021818,2025-05-27,350000.0
1022385,2025-06-09,600000.0
1023519,2025-09-04,50000.0
1023787,2025-07-31,0.0
1024557,2024-08-14,0.0
1024560,2023-06-30,0.0
1024696,2025-05-27,50000.0
1025013,2025-06-25,125000.0
1025207,2025-03-20,0.0
1025411,2025-05-27,50000.0
1026477,2025-06-08,25000.0
1026922,2025-03-17,0.0
1026934,2024-09-26,0.0
1026943,2025-05-25,300000.0
1026983,2023-11-12,0.0
1026985,2025-05-18,500000.0
1027000,2025-05-18,200000.0
1027018,2025-09-09,200000.0
1027020,2025-05-21,75000.0
1027065,2023-03-06,0.0
1027251,2023-06-30,0.0
1027253,2025-06-01,200000.0
1027280,2025-06-01,125000.0
1027830,2025-09-05,100000.0
1028507,2025-06-24,200000.0
1028587,2025-06-26,50000.0
1028683,2025-06-10,25000.0
1028916,2025-06-17,50000.0
1029160,2025-05-25,600000.0
1029409,2024-08-08,0.0
1029492,2025-06-01,25000.0
1029525,2025-05-21,25000.0
1029571,2025-05-25,50000.0
1030272,2025-06-23,0.0
1030275,2025-06-23,25000.0
1030425,2025-06-24,250000.0
1030482,2025-06-09,800000.0
1030545,2025-05-25,75000.0
1030934,2024-06-12,0.0
1031533,2025-05-21,100000.0
1031551,2025-06-08,150000.0
1031583,2024-03-06,0.0
1031774,2025-06-10,1700000.0
1031968,2025-06-24,50000.0
1033037,2024-09-26,0.0
1034471,2024-03-06,0.0
1034775,2025-05-25,800000.0
1034853,2025-06-24,4000000.0
1035128,2025-06-24,50000.0
1035650,2025-06-26,400000.0
1035659,2025-06-02,50000.0
1035794,2025-08-04,0.0
1036405,2025-06-11,1000000.0
1036903,2024-12-01,50000.0
1037629,2025-05-29,50000.0
1038067,2024-12-02,250000.0
1038076,2024-09-26,0.0
1038133,2025-06-24,50000.0
1038443,2025-06-02,100000.0
1039337,2025-06-17,400000.0
1039623,2025-06-22,10000.0
1039727,2025-06-30,0.0
1039831,2025-09-05,75000.0
1040925,2025-05-26,25000.0
1041366,2025-06-30,0.0
1041385,2025-05-01,50000.0
1041458,2025-05-29,175000.0
1041614,2025-06-16,500000.0
1042125,2023-10-18,0.0
1042361,2024-04-25,0.0
1042816,2025-06-26,100000.0
1042851,2024-03-18,0.0
1042957,2024-10-15,0.0
1043646,2025-06-01,7000000.0
1043656,2025-06-17,50000.0
1043827,2025-06-24,50000.0
1043866,2025-05-27,125000.0
1043978,2025-06-17,700000.0
1044157,2025-05-28,175000.0
1044947,2025-06-24,25000.0
1045121,2025-05-29,350000.0
1045356,2024-08-31,0.0
1045375,2025-06-08,4000000.0
1045512,2023-07-12,0.0
1045531,2024-09-09,0.0
1045823,2025-01-16,0.0
1045828,2024-09-26,0.0
1045959,2025-09-04,50000.0
1045972,2025-06-15,4000000.0
1046188,2025-06-24,150000.0
1046970,2025-05-07,150000.0
1047042,2024-06-19,0.0
1047044,2025-06-22,100000.0
1047259,2025-05-14,50000.0
1047827,2025-02-27,0.0
1048337,2025-06-16,50000.0
1048462,2024-12-10,25000.0
1049215,2023-03-06,0.0
1049889,2025-06-16,125000.0
1049965,2025-06-09,4000000.0
1050212,2025-06-10,50000.0
1050215,2025-06-22,1500000.0
1050373,2025-06-04,1500000.0
1050478,2025-03-17,0.0
1050650,2025-06-29,350000.0
1050887,2024-10-29,100000.0
1051271,2025-05-25,200000.0
1051322,2025-06-26,300000.0
1051724,2025-06-24,150000.0
1051756,2025-05-29,150000.0
1051775,2025-06-24,25000.0
1052006,2025-06-19,25000.0
1052283,2025-05-25,400000.0
1052404,2024-03-18,0.0
1052726,2025-06-24,150000.0
1052890,2025-05-26,200000.0
1052906,2025-06-24,25000.0
1052970,2025-06-22,150000.0
1052996,2024-07-31,0.0
1053209,2024-09-26,0.0
1053356,2025-05-29,200000.0
1053933,2025-06-22,700000.0
1053975,2024-12-20,0.0
1054052,2025-06-16,100000.0
1054215,2025-06-19,50000.0
1054431,2025-02-26,50000.0
1054693,2025-08-31,0.0
1054934,2025-06-08,10000000.0
1055212,2025-06-17,600000.0
1055224,2024-09-26,0.0
1055314,2023-06-30,0.0
1055833,2024-12-26,100000.0
1055874,2025-06-24,200000.0
1056102,2023-10-18,0.0
1056441,2025-06-22,1100000.0
1056490,2025-06-08,50000.0
1056970,2025-06-24,200000.0
1056971,2025-06-24,500000.0
1057391,2024-07-25,0.0
1057565,2025-05-27,1200000.0
1057667,2024-03-06,0.0
1058056,2025-05-29,50000.0
1058261,2025-06-25,50000.0
1058399,2025-06-26,300000.0
1058791,2025-06-14,200000.0
1059347,2025-08-25,0.0
1060023,2025-06-24,25000.0
1060645,2025-06-24,50000.0
1061048,2025-06-09,800000.0
1061122,2025-06-23,2000000.0
1061159,2025-04-23,100000.0
1061282,2025-06-16,30000000.0
1061336,2025-06-08,3000000.0
1061378,2025-05-29,1000000.0
1061527,2025-06-29,275000.0
1061611,2025-06-24,25000.0
1061617,2025-06-24,25000.0
1061656,2025-05-26,1300000.0
1062258,2025-05-14,175000.0
1062473,2025-03-11,275000.0
1062513,2025-06-26,200000.0
1062966,2025-06-24,100000.0
1063329,2025-05-29,7000000.0
1063333,2025-06-23,700000.0
1063470,2025-06-01,600000.0
1063676,2025-06-29,75000.0
1063686,2025-06-25,50000.0
1063842,2025-05-04,50000.0
1063856,2025-04-23,400000.0
1064191,2025-06-04,6000000.0
1064285,2025-05-18,100000.0
1064378,2025-06-02,150000.0
1064414,2025-06-24,50000.0
1064415,2025-06-24,50000.0
1064424,2025-06-24,50000.0
1064471,2025-06-08,5000000.0
1064521,2023-11-12,0.0
1064537,2025-06-24,150000.0
1064538,2025-06-24,150000.0
1064543,2025-06-24,50000.0
1064656,2025-06-15,0.0
1064871,2025-06-23,7000000.0
1065143,2025-04-23,50000.0
1065272,2025-06-24,50000.0
1065383,2025-06-01,300000.0
1065441,2025-06-24,150000.0
1065454,2025-06-24,100000.0
1065555,2025-01-14,0.0
1065763,2025-06-24,50000.0
1065774,2025-05-11,75000.0
1065779,2025-06-24,25000.0
1065802,2025-06-05,150000.0
1066093,2025-06-24,100000.0
1066213,2025-06-24,300000.0
1067659,2025-06-18,500000.0
1067887,2024-09-26,0.0
1067985,2025-04-23,400000.0
1069459,2025-06-02,100000.0
1069502,2024-06-30,0.0
1069508,2025-06-17,800000.0
1069692,2025-06-24,50000.0
1069932,2025-06-17,125000.0
1069960,2025-06-15,150000.0
1070035,2024-12-18,100000.0
1070185,2025-08-25,100000.0
1071501,2025-03-02,0.0
1071525,2024-09-26,0.0
1071606,2024-12-15,200000.0
1071937,2025-02-10,0.0
1071957,2025-02-06,0.0
1072759,2025-06-29,75000.0
1073288,2025-06-11,250000.0
1073295,2025-06-16,200000.0
1073397,2025-06-17,250000.0
1073654,2025-04-23,400000.0
1074130,2025-06-09,100000.0
1074478,2025-04-03,0.0
1074703,2025-06-18,25000.0
1074841,2025-06-24,100000.0
1074926,2025-05-25,350000.0
1075147,2025-06-15,1500000.0
1075575,2025-06-02,300000.0
1075579,2025-06-04,600000.0
1075584,2025-08-25,300000.0
1075589,2025-04-23,1500000.0
1075719,2025-06-11,200000.0
1075721,2024-10-10,0.0
1076805,2025-06-02,350000.0
1076945,2025-06-18,75000.0
1077110,2025-05-27,100000.0
1078114,2025-09-08,0.0
1078163,2025-05-29,5000000.0
1078326,2025-06-02,800000.0
1078985,2025-06-24,50000.0
1079284,2024-11-26,0.0
1079314,2025-01-06,0.0
1080215,2025-06-02,50000.0
1080558,2025-01-16,0.0
1080984,2025-06-26,50000.0
1081219,2025-06-02,600000.0
1081566,2025-05-29,3000000.0
1081947,2025-06-18,100000.0
1082081,2025-06-30,0.0
1082804,2025-06-18,200000.0
1082818,2025-06-05,150000.0
1083047,2025-06-09,250000.0
1083607,2025-05-22,500000.0
1083638,2025-05-28,450000.0
1083889,2024-12-08,100000.0
1083962,2025-09-04,1000000.0
1083966,2025-06-26,500000.0
1084075,2025-04-03,0.0
1084081,2025-06-05,2500000.0
1084276,2025-05-27,100000.0
1084749,2025-05-18,25000.0
1084972,2025-06-01,25000.0
1086371,2025-04-23,200000.0
1086375,2025-05-29,10000000.0
1086870,2025-05-25,500000.0
1086892,2025-05-25,500000.0
1087138,2025-05-18,50000.0
1087214,2025-05-18,400000.0
1087246,2024-03-06,0.0
1088346,2025-06-24,25000.0
1088715,2024-09-26,0.0
1088718,2025-06-04,150000.0
1088719,2025-05-07,175000.0
1088850,2024-05-21,0.0
1089574,2025-06-04,4000000.0
1089606,2024-03-18,0.0
1090331,2024-09-26,0.0
1090820,2025-06-26,400000.0
1090823,2025-06-26,400000.0
1091219,2025-06-01,2000000.0
1091562,2024-12-26,800000.0
1092432,2025-05-29,100000.0
1092620,2025-06-26,800000.0
1092622,2025-06-26,100000.0
1092628,2025-06-26,50000.0
1093230,2024-07-11,0.0
1093823,2024-12-26,0.0
1094202,2025-06-04,75000.0
1094402,2025-05-18,300000.0
1095115,2025-05-07,175000.0
1095178,2025-05-18,300000.0
1095951,2025-05-14,100000.0
1096258,2024-12-08,100000.0
1096365,2025-06-08,200000.0
1096521,2024-11-26,0.0
1096744,2025-08-25,300000.0
1096916,2024-09-26,0.0
1097031,2025-06-17,400000.0
1097174,2025-09-04,400000.0
1097612,2025-05-18,25000.0
1098471,2025-06-17,300000.0
1098513,2025-06-15,500000.0
1099061,2025-06-24,300000.0
1099425,2025-06-02,200000.0
1099564,2024-09-26,0.0
1099652,2025-04-23,300000.0
1099669,2025-05-29,250000.0
1099692,2025-06-17,75000.0
1099706,2025-05-18,50000.0
1099721,2025-04-23,200000.0
1099726,2025-06-01,4000000.0
1099924,2025-06-26,125000.0
1100071,2025-04-03,0.0
1100534,2024-09-26,0.0
1100754,2025-05-27,50000.0
1101862,2025-05-25,350000.0
1102071,2025-09-05,75000.0
1102598,2025-05-07,50000.0
1103486,2025-06-11,100000.0
1103933,2025-06-01,2500000.0
1103958,2025-06-02,50000.0
1104233,2025-05-29,300000.0
1104492,2025-04-23,150000.0
1104521,2025-05-20,200000.0
1105124,2025-06-16,300000.0
1105644,2024-11-28,50000.0
1106201,2025-05-07,75000.0
1106292,2025-06-08,25000.0
1106524,2025-06-24,50000.0
1106982,2025-05-27,1200000.0
1107315,2025-06-08,100000.0
1108007,2024-11-26,50000.0
1108127,2024-03-18,0.0
1108478,2025-06-02,100000.0
1109643,2025-06-17,50000.0
1109691,2025-05-07,200000.0
1110260,2024-07-11,0.0
1110406,2025-05-27,10000000.0
1110611,2025-06-17,1000000.0
1110729,2025-06-02,100000.0
1111045,2025-05-25,400000.0
1111051,2025-05-22,50000.0
1111088,2025-03-17,0.0
1111419,2025-06-09,100000.0
1111587,2025-06-17,800000.0
1112283,2025-06-23,25000.0
1112780,2025-03-13,0.0
1113343,2024-11-26,0.0
1113449,2024-03-18,0.0
1113450,2025-06-17,100000.0
1114546,2024-04-21,0.0
1115089,2025-05-07,25000.0
1115490,2025-04-03,0.0
1116190,2025-08-03,500000.0
1116294,2025-01-08,100000.0
1116502,2025-06-26,100000.0
1116801,2025-06-09,1700000.0
1116857,2024-12-11,250000.0
1117782,2024-11-28,10000.0
1118085,2025-06-02,250000.0
1118096,2025-06-04,150000.0
1118326,2025-05-25,2500000.0
1118328,2024-09-26,0.0
1118444,2024-12-10,0.0
1118513,2025-05-07,10000.0
1118915,2024-09-26,0.0
1119009,2025-09-09,14000000.0
1119107,2024-09-26,0.0
1119327,2025-06-19,75000.0
1119373,2024-03-06,0.0
1119795,2025-06-01,50000.0
1120137,2025-06-25,50000.0
1120228,2025-06-24,300000.0
1120703,2025-01-07,0.0
1120743,2025-06-19,10000.0
1122183,2025-05-21,125000.0
1122485,2024-12-22,50000.0
1122714,2025-06-04,50000.0
1122899,2025-06-26,75000.0
1123274,2024-09-26,0.0
1123310,2025-06-11,150000.0
1123313,2025-05-07,25000.0
1123368,2025-06-01,1000000.0
1123599,2025-03-20,0.0
1124880,2025-06-11,800000.0
1125057,2024-12-19,0.0
1125094,2025-05-07,300000.0
1126671,2024-09-24,0.0
1126893,2025-03-24,0.0
1127122,2025-06-02,350000.0
1128099,2025-06-18,0.0
1128259,2025-06-24,100000.0
1128785,2025-05-18,50000.0
1129199,2025-06-25,150000.0
1129598,2025-06-24,0.0
1129770,2025-06-04,450000.0
1130800,2025-05-21,125000.0
1130945,2025-06-04,600000.0
1131016,2024-11-28,0.0
1131117,2025-06-10,800000.0
1131750,2025-05-12,250000.0
1133012,2025-06-08,50000.0
1133764,2025-03-18,0.0
1134211,2025-06-01,50000.0
1136448,2025-05-26,100000.0
1136977,2025-06-10,200000.0
1137274,2025-06-08,150000.0
1137808,2025-06-02,1200000.0
1138101,2025-06-17,2000000.0
1138427,2025-05-21,250000.0
1141628,2025-05-29,4500000.0
1141940,2025-06-17,100000.0
1142382,2025-05-29,275000.0
1143493,2025-06-08,300000.0
1143532,2025-06-02,100000.0
1144487,2024-05-27,0.0
1144614,2025-05-25,100000.0
1144706,2025-06-01,125000.0
1144713,2025-06-17,50000.0
1144851,2025-06-24,50000.0
1145215,2025-06-02,50000.0
1145660,2024-04-17,0.0
1146029,2025-06-08,2500000.0
1146759,2025-06-23,75000.0
1147892,2025-06-24,200000.0
1149097,2024-06-12,0.0
1150073,2025-06-05,600000.0
1150520,2025-06-17,200000.0
1150649,2024-06-30,0.0
1151110,2025-06-24,50000.0
1151236,2025-05-07,125000.0
1151929,2025-06-01,2000000.0
1152256,2024-04-21,0.0
1152257,2025-06-26,50000.0
1158004,2025-05-21,100000.0
1158846,2025-06-10,150000.0
1158985,2025-06-24,200000.0
1159022,2025-06-01,400000.0
1159864,2025-06-01,4000000.0
1160122,2025-04-23,300000.0
1160260,2025-06-18,1200000.0
1160599,2025-06-22,800000.0
1161226,2025-06-24,50000.0
1161367,2025-05-21,50000.0
1162003,2025-06-18,200000.0
1162812,2024-09-26,0.0
1164331,2025-06-08,300000.0
1164680,2024-12-11,50000.0
1165620,2024-12-11,100000.0
1165731,2024-07-03,0.0
1166976,2025-06-24,25000.0
1167507,2025-05-07,10000.0
1167523,2025-05-21,25000.0
1168222,2025-06-10,250000.0
1169049,2025-06-19,150000.0
1170226,2025-04-23,50000.0
1171468,2025-06-24,150000.0
1171526,2025-06-24,100000.0
1173602,2025-05-25,50000.0
1173695,2024-09-26,0.0
1174425,2025-05-21,25000.0
1174809,2024-09-26,0.0
1174948,2024-11-28,0.0
1175161,2024-09-24,0.0
1175588,2025-06-17,75000.0
1175926,2025-06-24,50000.0
1176365,2025-09-07,450000.0
1176441,2025-06-17,75000.0
1176519,2025-06-24,500000.0
1176520,2025-06-24,300000.0
1178475,2025-05-29,3000000.0
1178738,2025-06-24,0.0
1178758,2025-06-05,17000000.0
1179130,2025-06-02,50000.0
1179588,2025-06-24,25000.0
1182738,2025-06-17,2000000.0
1182739,2025-06-17,400000.0
1183575,2025-06-02,800000.0
1184878,2025-06-19,10000.0
1185057,2025-06-24,300000.0
1185735,2024-09-26,0.0
1186746,2025-06-24,25000.0
1186789,2025-06-02,300000.0
1187150,2025-01-15,0.0
1187265,2025-05-18,50000.0
1187799,2025-06-16,150000.0
1187887,2025-06-23,450000.0
1189180,2025-08-05,0.0
1190006,2025-06-04,100000.0
1190547,2025-06-23,10000.0
1191943,2024-04-21,0.0
1192458,2025-05-25,25000.0
1192975,2025-06-23,10000.0
1196342,2025-05-27,100000.0
1201529,2025-06-24,150000.0
1203762,2025-06-09,200000.0
1203765,2025-05-21,100000.0
1203766,2024-03-06,0.0
1204764,2024-11-19,0.0
1205576,2024-12-19,100000.0
1206884,2025-05-14,75000.0
1207330,2025-05-21,225000.0
1209286,2025-06-24,25000.0
1213681,2025-06-18,2000000.0
1214952,2025-06-04,175000.0
1214955,2025-06-04,600000.0
1218115,2025-08-15,300000.0
1221845,2024-11-26,50000.0
1222308,2025-09-04,400000.0
1222474,2025-06-24,25000.0
1222512,2025-06-29,50000.0
1223040,2025-04-23,350000.0
1223730,2025-04-23,50000.0
1225853,2025-05-07,100000.0
1226008,2025-05-27,175000.0
1226150,2025-06-26,200000.0
1226357,2025-08-19,4000000.0
1226602,2025-06-24,25000.0
1226967,2025-05-07,50000.0
1227681,2025-06-02,50000.0
1227718,2025-05-21,150000.0
1227848,2025-06-24,50000.0
1230032,2025-06-26,10000.0
1230202,2025-06-24,50000.0
1231996,2025-04-09,0.0
1232655,2025-06-02,100000.0
1233280,2025-06-17,75000.0
1233680,2025-06-11,1000000.0
1234718,2025-03-13,0.0
1236448,2024-12-11,150000.0
1237921,2025-05-07,125000.0
1237998,2025-06-15,600000.0
1238079,2024-08-08,0.0
1238080,2024-09-24,0.0
1238259,2025-06-24,50000.0
1240372,2025-05-07,150000.0
1241278,2025-06-05,1000000.0
1241880,2025-05-07,25000.0
1242624,2025-05-07,25000.0
1242803,2025-06-02,275000.0
1243053,2025-05-20,150000.0
1244137,2025-06-24,100000.0
1245156,2025-05-07,125000.0
1245606,2025-06-04,200000.0
1245682,2025-05-07,125000.0
1245948,2025-09-04,5000000.0
1246294,2024-07-31,0.0
1246359,2024-07-31,0.0
1246384,2025-05-07,200000.0
1249275,2025-06-24,100000.0
1249778,2025-06-05,250000.0
1250522,2025-06-24,100000.0
1251220,2025-06-18,1000000.0
1251246,2025-06-23,10000.0
1253921,2025-09-04,2500000.0
1257133,2025-09-04,5000000.0
1257409,2025-09-11,100000.0
1258840,2025-06-24,50000.0
1263453,2025-05-21,75000.0
1263687,2025-06-11,500000.0
1267443,2025-06-26,400000.0
1268106,2025-08-31,0.0
1268373,2025-05-21,25000.0
1272761,2025-06-10,25000.0
1273448,2025-06-24,100000.0
1275040,2025-06-02,500000.0
1277095,2025-06-26,100000.0
1279838,2025-06-24,25000.0
1279904,2025-05-21,25000.0
1283670,2025-05-14,100000.0
1283968,2025-06-24,200000.0
1284085,2025-06-26,10000.0
1287411,2025-06-09,25000.0
1291792,2025-06-24,25000.0
1294048,2025-05-29,100000.0
1294653,2025-06-24,1500000.0
1299220,2025-04-23,50000.0
1303961,2025-06-24,25000.0
1305200,2025-04-23,50000.0
1305673,2025-05-14,50000.0
1305994,2025-05-14,50000.0
1306851,2025-06-15,50000.0
1307216,2025-05-21,150000.0
1309149,2025-06-24,25000.0
1309769,2025-06-24,50000.0
1310108,2025-06-24,50000.0
1310513,2025-06-02,100000.0
1317650,2025-06-24,50000.0
1318821,2025-05-27,10000.0
1321687,2025-01-01,0.0
1322127,2025-09-08,0.0
1322295,2025-05-21,75000.0
1334837,2025-06-24,25000.0
1339670,2025-04-23,200000.0
1344099,2025-06-05,2000000.0
1360186,2025-06-16,100000.0
1362416,2025-06-04,50000.0
1368893,2025-06-24,50000.0
1372673,2025-06-04,350000.0
1390360,2025-06-17,50000.0
1391007,2025-05-21,50000.0
1399507,2025-07-24,0.0
1407924,2025-06-17,25000.0
1000161,2025-01-06,0.0
1000306,2024-07-31,0.0
1001098,2025-04-03,50000.0
1001523,2023-03-06,0.0
1001546,2025-06-22,25000.0
1001581,2025-05-26,25000.0
1001786,2025-06-01,250000.0
1001787,2025-06-01,50000.0
1001797,2024-09-26,0.0
1001899,2025-06-02,100000.0
1001938,2025-06-04,800000.0
1001941,2025-05-11,150000.0
1002127,2025-05-11,100000.0
1002286,2025-06-29,200000.0
1003175,2024-03-18,0.0
1003534,2025-06-04,200000.0
1004296,2025-06-24,50000.0
1004331,2025-06-02,225000.0
1004401,2025-06-09,100000.0
1004503,2025-06-01,50000.0
1004516,2025-06-24,200000.0
1004518,2025-06-24,25000.0
1004618,2025-05-25,900000.0
1004708,2025-05-29,8000000.0
1005071,2024-12-01,0.0
1005165,2025-06-05,3000000.0
1005166,2025-05-21,175000.0
1005242,2024-09-24,0.0
1005635,2022-10-03,0.0
1005636,2025-05-07,25000.0
1005834,2025-04-23,50000.0
1006411,2025-06-02,4000000.0
1006495,2025-05-18,400000.0
1006923,2025-06-08,50000.0
1006927,2025-06-24,100000.0
1007070,2025-06-26,100000.0
1007381,2025-06-04,175000.0
1007384,2025-06-04,200000.0
1007388,2025-03-13,0.0
1007801,2025-06-17,100000.0
1007809,2025-05-27,500000.0
1008564,2025-06-08,200000.0
1009441,2025-09-04,600000.0
1009483,2025-06-08,300000.0
1009491,2025-06-26,125000.0
1009496,2025-06-26,75000.0
1009766,2025-06-24,500000.0
1010225,2025-06-11,250000.0
1010300,2025-06-04,75000.0
1010671,2025-05-25,400000.0
1010818,2025-06-16,650000.0
1010852,2025-05-18,400000.0
1010853,2023-03-06,0.0
1010906,2025-06-04,150000.0
1010912,2025-06-04,300000.0
1010970,2025-06-29,0.0
1011131,2025-05-29,1000000.0
1011147,2025-05-29,18000000.0
1011316,2025-06-24,50000.0
1011936,2025-04-23,1000000.0
1011996,2025-04-03,0.0
1012158,2024-09-26,0.0
1012235,2025-05-21,225000.0
1012921,2023-06-20,0.0
1013473,2025-06-04,50000.0
1013477,2025-05-27,0.0
1013483,2024-03-06,0.0
1013488,2025-06-24,150000.0
1013929,2025-06-02,125000.0
1013932,2025-06-02,275000.0
1014243,2025-06-22,800000.0
1015245,2025-09-07,800000.0
1015246,2025-06-04,4500000.0
1015596,2023-12-19,0.0
1015624,2025-06-02,2000000.0
1015647,2025-06-04,50000.0
1016375,2025-06-05,275000.0
1016808,2025-05-25,100000.0
1016863,2025-06-16,325000.0
1017149,2025-07-23,0.0
1017261,2025-06-15,3000000.0
1017331,2025-06-25,250000.0
1017410,2023-10-18,0.0
1017772,2024-09-26,0.0
1017774,2025-06-24,500000.0
1017912,2025-06-02,50000.0
1017950,2025-06-16,200000.0
1017960,2025-05-07,25000.0
1018657,2025-06-16,175000.0
1018802,2025-06-17,75000.0
1018834,2025-06-29,275000.0
1018912,2025-06-24,50000.0
1019408,2025-06-24,150000.0
1020187,2025-08-22,0.0
1020188,2024-06-13,0.0
1020264,2025-06-24,25000.0
1020649,2025-05-29,400000.0
1020717,2024-06-29,0.0
1020720,2022-10-03,0.0
1021167,2023-03-06,0.0
1021309,2025-06-09,0.0
1021717,2023-11-12,0.0
1021811,2025-05-21,50000.0
1022057,2025-06-26,600000.0
1022218,2025-06-17,50000.0
1022342,2025-09-04,150000.0
1022818,2023-03-06,0.0
1022927,2025-01-31,0.0
1023035,2024-11-28,0.0
1024082,2025-06-25,175000.0
1024169,2025-06-10,75000.0
1024533,2025-06-04,300000.0
1024721,2025-06-02,375000.0
1024797,2024-03-06,0.0
1024923,2025-05-28,50000.0
1024946,2025-06-25,100000.0
1025798,2024-12-19,0.0
1025817,2025-06-24,25000.0
1025886,2025-05-21,75000.0
1026009,2025-05-29,175000.0
1026968,2025-05-18,300000.0
1027061,2023-06-30,0.0
1027771,2025-01-05,0.0
1028162,2025-06-02,2000000.0
1028275,2024-06-13,0.0
1028399,2025-06-26,800000.0
1028505,2025-05-25,200000.0
1029212,2025-05-25,25000.0
1029482,2025-08-25,100000.0
1029516,2024-03-06,0.0
1029788,2025-06-17,1000000.0
1029947,2025-05-18,50000.0
1030144,2024-06-27,0.0
1030277,2023-12-31,0.0
1030374,2025-06-24,25000.0
1030525,2025-06-08,300000.0
1030838,2024-09-26,0.0
1030933,2025-06-17,100000.0
1031293,2025-05-26,500000.0
1031313,2024-04-21,0.0
1032280,2025-06-24,200000.0
1032447,2025-06-24,150000.0
1033040,2025-06-09,250000.0
1033145,2025-06-24,100000.0
1033501,2025-06-26,150000.0
1034646,2025-06-08,175000.0
1034665,2025-06-11,100000.0
1035533,2025-05-25,25000.0
1035765,2025-06-18,4000000.0
1036044,2024-12-17,100000.0
1036112,2025-05-21,50000.0
1037394,2025-06-17,75000.0
1038512,2025-06-24,500000.0
1038521,2025-06-17,75000.0
1039196,2025-06-29,50000.0
1039622,2025-07-20,0.0
1039933,2024-03-06,0.0
1039953,2025-07-03,300000.0
1040204,2025-06-09,900000.0
1041169,2025-05-29,150000.0
1041334,2025-06-09,350000.0
1041454,2024-03-06,0.0
1041531,2025-01-29,0.0
1041600,2025-06-16,1200000.0
1041959,2025-06-01,25000.0
1042581,2024-09-24,0.0
1043034,2023-10-18,0.0
1043549,2024-09-26,0.0
1043634,2025-05-29,700000.0
1044503,2024-09-24,0.0
1045123,2025-05-29,4500000.0
1045124,2025-08-10,1000000.0
1045547,2025-06-17,900000.0
1045599,2025-06-04,0.0
1045718,2025-03-17,0.0
1045742,2023-06-29,0.0
1045767,2025-06-24,150000.0
1045964,2025-09-04,75000.0
1045967,2024-09-26,0.0
1045997,2025-06-29,100000.0
1046039,2025-06-25,50000.0
1046499,2025-06-09,150000.0
1046580,2025-06-05,1200000.0
1046802,2025-05-21,200000.0
1047097,2025-06-02,2500000.0
1047103,2025-06-11,500000.0
1047256,2025-06-29,75000.0
1048143,2025-05-27,200000.0
1048223,2025-06-25,125000.0
1048583,2025-06-08,100000.0
1049338,2025-05-14,50000.0
1049595,2025-06-26,325000.0
1049948,2025-06-25,250000.0
1049963,2024-03-06,0.0
1050120,2025-06-24,3000000.0
1050566,2024-09-26,0.0
1050684,2025-05-14,10000.0
1050883,2025-06-19,10000.0
1051918,2025-08-03,0.0
1052005,2024-06-25,0.0
1052641,2025-07-17,0.0
1052819,2025-06-26,50000.0
1052863,2024-07-24,0.0
1053147,2025-06-02,2000000.0
1053148,2025-08-25,1000000.0
1053207,2025-06-24,50000.0
1053557,2025-06-03,50000.0
1053710,2025-01-12,0.0
1053779,2025-05-14,75000.0
1053909,2024-09-24,0.0
1054087,2025-03-27,0.0
1054212,2025-06-24,300000.0
1054470,2025-06-04,1000000.0
1054571,2025-06-24,50000.0
1054839,2025-06-02,3000000.0
1055227,2024-09-26,0.0
1055234,2025-06-08,50000.0
1055320,2025-05-18,100000.0
1056331,2023-06-30,0.0
1056486,2025-06-08,50000.0
1056641,2025-06-17,50000.0
1056907,2025-05-29,200000.0
1056956,2025-06-24,250000.0
1056989,2025-09-02,300000.0
1059293,2025-06-24,100000.0
1059298,2025-06-18,175000.0
1059365,2025-06-24,50000.0
1059499,2025-07-27,100000.0
1059676,2025-01-23,0.0
1060657,2025-06-24,50000.0
1060740,2025-05-29,4000000.0
1061332,2025-06-24,50000.0
1061763,2025-06-17,250000.0
1062279,2025-05-14,75000.0
1062700,2024-02-01,0.0
1063104,2025-05-25,25000.0
1063234,2024-08-20,0.0
1063262,2025-06-11,50000.0
1063331,2025-06-23,300000.0
1063338,2025-06-23,2000000.0
1063598,2025-06-24,100000.0
1063599,2025-06-24,25000.0
1063601,2025-06-24,100000.0
1063838,2024-09-26,0.0
1063924,2025-06-02,350000.0
1063990,2025-06-24,150000.0
1064094,2025-07-24,0.0
1064103,2025-06-23,800000.0
1064129,2025-05-14,50000.0
1064218,2025-06-19,125000.0
1064242,2024-12-03,0.0
1064412,2025-06-24,50000.0
1064413,2025-06-24,100000.0
1064465,2025-06-24,100000.0
1064584,2025-03-13,0.0
1064601,2025-06-24,25000.0
1064928,2025-06-29,125000.0
1065440,2025-06-24,200000.0
1065442,2025-06-24,200000.0
1065574,2025-06-09,25000.0
1066206,2025-06-24,3000000.0
1066523,2025-05-01,0.0
1066904,2025-06-01,300000.0
1066953,2025-05-25,3000000.0
1067111,2025-06-24,200000.0
1067191,2023-07-10,0.0
1067236,2023-11-12,0.0
1067247,2025-01-12,0.0
1067703,2025-06-26,175000.0
1067904,2025-06-04,9000000.0
1068088,2024-09-24,0.0
1069098,2025-04-23,250000.0
1069559,2025-05-26,400000.0
1069618,2025-06-22,10000.0
1069763,2025-06-24,50000.0
1069801,2025-06-04,400000.0
1069871,2025-06-05,250000.0
1069931,2025-06-17,50000.0
1069950,2025-06-29,275000.0
1070312,2025-05-25,25000.0
1070840,2024-06-13,0.0
1071219,2024-06-30,0.0
1071338,2025-06-25,0.0
1071651,2025-06-05,500000.0
1071906,2025-04-23,250000.0
1072110,2024-08-31,0.0
1072259,2025-07-13,0.0
1072630,2025-06-26,600000.0
1072837,2025-06-16,125000.0
1072898,2024-12-18,0.0
1073051,2025-06-24,100000.0
1074482,2025-09-09,25000.0
1074965,2025-06-01,100000.0
1075582,2025-06-02,200000.0
1075590,2025-06-02,800000.0
1076794,2025-03-11,0.0
1077670,2025-06-02,2000000.0
1078436,2025-06-23,1000000.0
1078945,2025-05-27,25000.0
1081036,2025-06-18,600000.0
1081338,2025-06-24,50000.0
1081351,2023-10-18,0.0
1081640,2025-06-01,0.0
1081771,2025-06-17,25000.0
1082850,2025-09-04,7000000.0
1083068,2024-04-21,0.0
1083069,2025-05-29,700000.0
1083089,2025-06-05,100000.0
1083104,2025-04-14,0.0
1083636,2025-04-03,0.0
1083885,2025-05-26,1800000.0
1083971,2025-06-26,50000.0
1084065,2025-05-29,350000.0
1084667,2025-06-26,1200000.0
1084816,2024-12-08,400000.0
1085764,2025-06-26,25000.0
1086631,2025-06-26,350000.0
1086632,2025-06-05,1000000.0
1086636,2025-06-02,8000000.0
1086812,2025-05-18,50000.0
1086912,2024-09-26,0.0
1087102,2025-04-23,50000.0
1087349,2025-05-25,1500000.0
1087352,2025-05-25,300000.0
1087383,2025-05-18,250000.0
1087388,2024-05-13,0.0
1088110,2025-06-01,600000.0
1088199,2025-06-01,1500000.0
1088323,2025-06-24,50000.0
1088429,2024-09-26,0.0
1088712,2025-06-17,500000.0
1088716,2025-05-07,125000.0
1088817,2025-06-29,100000.0
1089144,2025-06-05,12000000.0
1089261,2025-05-07,175000.0
1089575,2025-04-03,100000.0
1089579,2025-05-07,175000.0
1089609,2025-06-26,600000.0
1090819,2025-06-26,1000000.0
1090822,2025-06-26,350000.0
1090830,2025-06-22,300000.0
1090856,2025-04-07,0.0
1091519,2025-06-30,0.0
1091764,2025-06-25,100000.0
1091770,2025-05-18,25000.0
1092749,2024-12-31,0.0
1093157,2025-06-25,150000.0
1093483,2025-05-07,25000.0
1093626,2025-06-26,150000.0
1093749,2025-03-31,0.0
1093926,2025-06-26,250000.0
1094135,2025-05-27,850000.0
1094175,2025-05-07,250000.0
1094203,2025-06-04,100000.0
1094229,2025-06-08,50000.0
1094384,2025-05-25,1200000.0
1094408,2025-05-25,100000.0
1094414,2025-06-26,250000.0
1095188,2025-05-18,25000.0
1095547,2025-06-26,50000.0
1095566,2025-06-26,300000.0
1096275,2025-09-04,250000.0
1096543,2025-04-03,0.0
1096607,2024-11-26,150000.0
1096610,2025-03-12,0.0
1096858,2024-04-21,0.0
1097734,2025-05-18,50000.0
1098492,2024-07-31,0.0
1098970,2025-06-19,200000.0
1099668,2025-06-15,7500000.0
1099724,2024-06-10,0.0
1100029,2025-06-26,300000.0
1100634,2025-06-24,50000.0
1101070,2025-01-13,0.0
1101303,2025-05-27,400000.0
1103663,2024-06-26,0.0
1103745,2025-05-18,450000.0
1103940,2025-06-18,800000.0
1104405,2025-06-01,50000.0
1104418,2025-06-10,350000.0
1104652,2025-03-17,0.0
1104732,2025-06-02,50000.0
1104846,2025-05-07,25000.0
1105559,2024-12-31,0.0
1107733,2025-05-26,800000.0
1107741,2025-05-07,75000.0
1107848,2025-06-02,75000.0
1107850,2024-12-04,0.0
1107854,2025-03-13,0.0
1108202,2024-09-26,0.0
1109358,2025-06-02,350000.0
1109577,2025-06-23,500000.0
1109812,2025-06-24,25000.0
1109827,2025-06-02,400000.0
1109957,2025-06-02,200000.0
1110867,2025-06-02,50000.0
1111566,2025-05-07,50000.0
1111777,2025-06-01,5000000.0
1111820,2025-06-16,300000.0
1113057,2024-12-11,75000.0
1113308,2025-04-23,400000.0
1113448,2024-04-17,0.0
1115093,2025-05-07,75000.0
1115489,2025-06-26,700000.0
1117283,2024-09-26,0.0
1117625,2025-03-17,0.0
1118503,2024-06-29,0.0
1118514,2024-07-29,0.0
1118685,2025-06-24,0.0
1118712,2025-06-01,2200000.0
1118893,2025-06-02,50000.0
1119456,2025-06-02,4000000.0
1120020,2025-08-24,250000.0
1120783,2024-06-30,0.0
1121465,2025-05-07,175000.0
1122206,2025-03-13,0.0
1122298,2025-05-07,25000.0
1122648,2025-05-07,125000.0
1123054,2025-06-24,100000.0
1123252,2025-05-21,10000.0
1123398,2025-09-04,10000.0
1123952,2025-06-11,200000.0
1125115,2024-11-30,0.0
1125444,2025-01-01,0.0
1125707,2025-06-26,225000.0
1126889,2025-06-17,400000.0
1127532,2024-09-26,0.0
1127575,2025-05-21,50000.0
1127814,2025-06-23,200000.0
1128791,2024-11-28,0.0
1129198,2025-09-07,6000000.0
1129488,2025-05-28,650000.0
1129950,2025-06-09,100000.0
1130445,2025-06-02,400000.0
1130514,2025-06-02,50000.0
1130913,2025-06-24,50000.0
1131071,2025-06-04,300000.0
1131418,2025-06-01,100000.0
1131421,2024-09-24,0.0
1131973,2025-05-29,400000.0
1132426,2025-06-01,150000.0
1132828,2025-05-07,75000.0
1132829,2024-09-26,0.0
1134982,2024-09-26,0.0
1134983,2024-10-15,0.0
1135739,2025-06-04,400000.0
1136035,2025-06-24,25000.0
1136037,2025-06-24,100000.0
1136743,2025-04-03,0.0
1137943,2025-06-08,100000.0
1138320,2024-08-28,0.0
1138758,2025-05-29,45000000.0
1139298,2025-01-28,0.0
1139424,2025-06-24,100000.0
1140612,2025-06-29,200000.0
1141941,2025-06-25,75000.0
1142308,2025-06-09,50000.0
1142638,2025-06-25,125000.0
1143680,2024-11-28,0.0
1144246,2025-03-13,0.0
1144700,2025-06-16,3400000.0
1144729,2025-06-17,75000.0
1144999,2025-06-02,2500000.0
1145570,2025-06-10,450000.0
1148351,2025-03-13,0.0
1148787,2025-06-17,250000.0
1149245,2025-06-24,100000.0
1150517,2025-06-01,100000.0
1150567,2025-05-25,200000.0
1150980,2025-06-22,10000.0
1152976,2025-06-18,200000.0
1152997,2025-06-18,250000.0
1153269,2025-05-07,50000.0
1154990,2025-06-24,100000.0
1156272,2025-05-28,450000.0
1156560,2024-08-08,0.0
1159134,2025-01-02,100000.0
1159786,2025-06-11,1000000.0
1160087,2025-06-26,25000.0
1160232,2025-06-26,75000.0
1160504,2025-06-19,200000.0
1160813,2025-05-25,50000.0
1161013,2025-06-19,200000.0
1161050,2025-06-17,50000.0
1161421,2025-04-23,250000.0
1163461,2025-06-29,200000.0
1163638,2025-05-29,200000.0
1164110,2025-09-07,0.0
1164606,2025-06-17,25000.0
1165375,2025-05-14,150000.0
1165893,2024-12-19,0.0
1166068,2025-05-27,25000.0
1166095,2025-05-27,25000.0
1167713,2025-05-07,125000.0
1168492,2025-01-31,0.0
1168861,2025-06-10,100000.0
1169161,2025-05-25,250000.0
1169857,2025-06-19,75000.0
1170152,2025-05-21,25000.0
1172422,2025-06-17,1000000.0
1172592,2025-06-22,250000.0
1172620,2025-06-08,3500000.0
1173042,2025-04-23,125000.0
1173054,2025-05-29,100000.0
1173228,2025-03-13,0.0
1173383,2025-07-22,0.0
1173606,2025-05-25,400000.0
1174214,2024-12-08,900000.0
1174446,2024-11-28,0.0
1174823,2025-06-01,200000.0
1175151,2025-06-19,25000.0
1175798,2025-06-01,1500000.0
1175869,2025-06-24,150000.0
1176364,2025-06-17,100000.0
1176524,2025-06-24,200000.0
1176866,2025-04-03,100000.0
1177162,2025-05-25,25000.0
1178476,2025-06-01,300000.0
1178600,2025-06-24,150000.0
1178816,2025-06-24,50000.0
1179482,2025-06-24,100000.0
1179570,2025-06-24,25000.0
1182322,2025-06-01,50000.0
1183719,2025-06-02,100000.0
1184562,2025-06-02,0.0
1184726,2025-04-23,400000.0
1185190,2025-05-15,300000.0
1185888,2025-06-02,3000000.0
1186745,2025-06-24,50000.0
1187899,2025-05-14,10000.0
1188989,2025-06-02,400000.0
1189286,2025-06-24,50000.0
1190831,2025-03-17,0.0
1193461,2025-05-18,75000.0
1194331,2025-04-23,500000.0
1195422,2025-06-02,150000.0
1196380,2025-06-17,75000.0
1196897,2025-06-09,250000.0
1199025,2025-08-04,0.0
1200313,2025-05-22,600000.0
1200419,2025-06-02,800000.0
1200427,2025-08-25,100000.0
1201530,2025-06-24,500000.0
1202493,2025-06-24,100000.0
1202535,2025-06-09,100000.0
1203757,2025-05-21,125000.0
1203763,2025-05-21,50000.0
1204763,2024-11-19,0.0
1209287,2025-06-24,500000.0
1211277,2025-05-26,75000.0
1212856,2024-11-28,25000.0
1214320,2025-06-24,2000000.0
1214906,2025-06-04,300000.0
1214927,2024-12-11,100000.0
1214953,2025-06-04,200000.0
1217371,2025-06-18,50000.0
1218850,2025-03-20,0.0
1220010,2025-09-04,500000.0
1220272,2024-12-18,0.0
1220282,2025-05-07,100000.0
1220397,2024-11-26,50000.0
1220468,2025-06-05,300000.0
1220899,2025-06-24,50000.0
1221317,2025-09-04,2000000.0
1223892,2025-06-24,50000.0
1224595,2025-06-26,50000.0
1225701,2025-06-24,50000.0
1225789,2025-06-01,50000.0
1225843,2025-04-03,50000.0
1226354,2025-05-07,125000.0
1227012,2025-06-02,50000.0
1227014,2025-06-02,50000.0
1228715,2025-06-24,200000.0
1229102,2025-06-24,100000.0
1229783,2025-06-17,25000.0
1229942,2025-06-24,50000.0
1230661,2025-05-29,200000.0
1231615,2025-06-24,25000.0
1231993,2025-06-17,100000.0
1233175,2025-04-23,50000.0
1233789,2025-05-07,150000.0
1234302,2025-06-02,100000.0
1234988,2025-05-21,400000.0
1235199,2025-06-17,400000.0
1235593,2025-06-19,10000.0
1236856,2025-06-24,100000.0
1237439,2024-10-02,75000.0
1237907,2025-06-02,50000.0
1238634,2025-06-17,2500000.0
1238659,2025-05-07,175000.0
1238844,2025-06-02,100000.0
1240763,2025-06-15,1000000.0
1241878,2025-03-20,0.0
1242699,2025-06-26,25000.0
1243184,2025-06-24,50000.0
1243691,2025-06-24,50000.0
1243868,2025-05-21,125000.0
1247643,2025-03-17,0.0
1248341,2025-03-17,0.0
1249656,2025-06-26,200000.0
1254786,2025-05-25,600000.0
1256108,2025-06-24,200000.0
1256478,2025-06-22,150000.0
1257377,2025-06-11,300000.0
1260069,2024-12-26,100000.0
1260436,2025-06-19,10000.0
1261146,2025-06-17,50000.0
1262309,2025-06-24,200000.0
1262720,2025-06-24,25000.0
1262880,2025-06-23,75000.0
1263955,2025-04-23,100000.0
1264058,2025-09-07,500000.0
1264850,2025-06-24,25000.0
1269454,2025-08-24,150000.0
1271612,2025-06-26,200000.0
1272940,2025-05-14,25000.0
1279526,2025-06-01,600000.0
1283997,2025-05-12,4000000.0
1285174,2025-06-11,600000.0
1285701,2025-06-29,75000.0
1286540,2025-06-24,25000.0
1287500,2025-05-18,25000.0
1293517,2025-05-29,150000.0
1294868,2025-06-24,25000.0
1299227,2025-06-02,125000.0
1300465,2025-06-26,75000.0
1302421,2025-06-09,100000.0
1303481,2025-06-17,50000.0
1304792,2025-06-09,50000.0
1305668,2025-06-24,100000.0
1305914,2025-06-01,75000.0
1306131,2025-05-29,100000.0
1309511,2025-06-24,100000.0
1309527,2024-12-17,25000.0
1309800,2025-09-01,25000.0
1321694,2025-06-24,25000.0
1332183,2025-05-07,50000.0
1334467,2025-03-11,100000.0
1337265,2025-05-21,75000.0
1345878,2025-08-10,0.0
1356577,2025-05-27,10000.0
1365020,2025-05-29,100000.0
1365590,2025-06-04,100000.0
1370936,2025-06-19,10000.0
1380311,2025-09-01,400000.0
1382225,2025-05-07,100000.0
1394017,2025-06-19,10000.0
1000693,2025-05-27,10000.0
1001362,2025-06-02,100000.0
1001394,2024-03-06,0.0
1001491,2025-06-24,0.0
1001839,2024-12-02,125000.0
1001936,2025-06-04,100000.0
1002038,2025-09-07,350000.0
1002283,2025-05-11,150000.0
1002305,2025-06-17,7000000.0
1002670,2025-05-21,75000.0
1003716,2025-05-27,25000.0
1004064,2025-01-09,0.0
1004268,2025-06-17,50000.0
1004274,2025-06-17,75000.0
1004297,2025-05-21,50000.0
1004301,2025-06-02,10000000.0
1004327,2025-05-26,3500000.0
1004380,2024-12-03,0.0
1004385,2025-06-01,25000.0
1004498,2024-06-10,0.0
1004619,2025-06-02,200000.0
1004735,2025-03-27,0.0
1004737,2025-05-26,3000000.0
1004741,2025-06-03,10000000.0
1004829,2025-06-18,100000.0
1004834,2025-06-02,15000000.0
1005073,2025-05-25,50000.0
1005509,2025-06-18,4000000.0
1005575,2025-05-29,30000000.0
1005593,2024-07-03,0.0
1005598,2025-05-14,50000.0
1005651,2025-06-22,400000.0
1005837,2025-04-23,50000.0
1006612,2025-06-04,250000.0
1007084,2025-01-06,0.0
1007138,2025-06-15,350000.0
1007252,2024-12-02,150000.0
1007378,2025-05-26,4000000.0
1007387,2025-06-04,125000.0
1007817,2025-06-25,2700000.0
1007972,2025-06-17,2200000.0
1008036,2025-06-11,25000.0
1008456,2025-06-04,50000.0
1009285,2025-06-24,100000.0
1009300,2025-06-24,125000.0
1009438,2025-08-23,500000.0
1009730,2025-06-04,75000.0
1009938,2025-06-24,150000.0
1010043,2025-06-18,25000.0
1010044,2025-06-01,300000.0
1010277,2025-06-17,500000.0
1010855,2025-06-22,200000.0
1011114,2025-06-04,250000.0
1011115,2025-05-25,400000.0
1011139,2025-05-26,300000.0
1011261,2025-05-21,25000.0
1012159,2023-10-27,0.0
1012161,2025-06-22,300000.0
1012988,2025-06-18,150000.0
1013227,2025-07-05,0.0
1013713,2025-05-29,200000.0
1013888,2023-10-18,0.0
1013914,2024-12-12,0.0
1015522,2025-05-21,225000.0
1015823,2025-06-09,500000.0
1015962,2024-12-08,0.0
1016138,2025-05-27,50000.0
1016315,2024-06-12,0.0
1017615,2025-06-19,25000.0
1018242,2025-05-25,75000.0
1018754,2025-06-19,1800000.0
1018938,2025-06-08,8000000.0
1019145,2025-06-24,200000.0
1019162,2023-06-30,0.0
1020714,2023-11-12,0.0
1021168,2024-03-06,0.0
1021716,2023-11-12,0.0
1021888,2025-05-21,100000.0
1022178,2025-03-17,0.0
1022383,2025-06-04,4500000.0
1023501,2023-10-18,0.0
1023555,2024-01-01,0.0
1023822,2025-06-23,25000.0
1023838,2024-06-13,0.0
1024198,2025-05-26,50000.0
1024368,2025-04-03,75000.0
1024558,2025-06-23,50000.0
1024605,2025-06-05,1000000.0
1024924,2025-06-25,200000.0
1026007,2025-06-16,400000.0
1026127,2025-06-17,400000.0
1026246,2025-06-17,500000.0
1026255,2025-05-27,700000.0
1026986,2023-06-30,0.0
1026998,2025-05-18,150000.0
1027026,2025-09-04,1000000.0
1027062,2023-03-06,0.0
1027063,2024-01-17,0.0
1027249,2023-07-02,0.0
1027494,2023-03-06,0.0
1027705,2025-04-23,100000.0
1027713,2024-12-08,200000.0
1027993,2025-06-23,500000.0
1028247,2025-05-21,250000.0
1028566,2025-03-17,0.0
1028615,2025-05-25,100000.0
1029002,2025-05-21,150000.0
1029227,2025-06-05,12000000.0
1029284,2024-09-26,0.0
1029474,2024-07-11,0.0
1029486,2025-05-21,50000.0
1029619,2025-06-11,600000.0
1029786,2025-06-25,50000.0
1030102,2025-06-25,300000.0
1030108,2025-05-21,175000.0
1030274,2025-06-23,10000.0
1030278,2025-06-23,250000.0
1030279,2024-06-19,0.0
1030417,2025-05-07,75000.0
1031962,2023-11-12,0.0
1032094,2025-09-04,100000.0
1032224,2023-10-18,0.0
1032446,2025-06-24,50000.0
1033571,2025-06-26,200000.0
1034076,2025-05-27,25000.0
1034446,2025-05-21,25000.0
1034883,2025-06-23,10000.0
1036736,2025-06-24,25000.0
1037758,2025-06-22,50000.0
1037855,2025-05-21,150000.0
1037996,2025-05-26,100000.0
1038441,2025-06-02,350000.0
1038701,2025-05-29,300000.0
1038746,2025-06-24,50000.0
1039356,2025-06-02,50000.0
1039750,2025-06-08,100000.0
1039787,2025-08-28,150000.0
1041229,2023-06-30,0.0
1041532,2025-05-29,1500000.0
1041547,2025-06-24,100000.0
1041555,2025-04-23,300000.0
1041934,2025-06-24,200000.0
1042556,2025-06-04,200000.0
1042580,2025-03-13,0.0
1042600,2025-06-17,150000.0
1042715,2024-12-26,100000.0
1042940,2025-06-22,300000.0
1042945,2025-06-04,600000.0
1043003,2025-06-17,7500000.0
1043471,2025-05-29,300000.0
1043641,2025-06-17,50000.0
1044538,2024-09-25,0.0
1044645,2025-06-24,25000.0
1044893,2025-06-02,4000000.0
1045324,2025-06-26,200000.0
1045507,2025-06-24,200000.0
1045821,2024-09-26,0.0
1045839,2025-09-03,100000.0
1046042,2025-06-04,125000.0
1046299,2025-06-24,50000.0
1046775,2025-06-29,225000.0
1046796,2024-09-24,0.0
1047104,2025-06-02,200000.0
1047261,2025-05-29,1000000.0
1047298,2025-06-23,10000.0
1047344,2025-05-26,800000.0
1047576,2025-01-08,75000.0
1047586,2025-01-08,50000.0
1047860,2025-05-29,3000000.0
1048036,2025-06-19,25000.0
1048358,2025-04-23,200000.0
1048569,2025-05-07,100000.0
1049097,2023-07-31,0.0
1049512,2025-06-09,50000.0
1050477,2024-03-06,0.0
1051609,2025-06-11,200000.0
1052013,2025-06-19,100000.0
1052111,2024-09-26,0.0
1052287,2025-06-02,200000.0
1052290,2024-12-09,0.0
1052291,2025-05-25,350000.0
1052439,2025-06-15,10000000.0
1052464,2025-08-08,0.0
1052854,2025-06-08,325000.0
1052867,2025-06-15,550000.0
1053186,2025-06-24,25000.0
1053204,2025-06-24,50000.0
1053879,2025-08-08,0.0
1053912,2024-09-24,0.0
1054042,2025-06-16,200000.0
1054216,2025-06-19,100000.0
1054471,2025-06-04,100000.0
1054909,2025-06-24,300000.0
1054924,2025-06-24,25000.0
1055199,2024-09-26,0.0
1055247,2025-06-24,350000.0
1055860,2025-06-24,300000.0
1055875,2024-09-24,0.0
1056018,2025-03-20,0.0
1056655,2025-06-23,200000.0
1056962,2025-06-24,150000.0
1056993,2025-06-05,60000000.0
1057706,2025-06-24,100000.0
1057766,2025-09-05,0.0
1057820,2025-06-02,5000000.0
1058354,2025-06-16,1000000.0
1058533,2025-06-15,600000.0
1058793,2025-06-17,500000.0
1059492,2025-06-19,10000.0
1059802,2024-12-05,350000.0
1060456,2025-06-23,500000.0
1060722,2025-06-24,100000.0
1061121,2025-06-24,150000.0
1061123,2025-06-23,1500000.0
1061277,2025-06-24,50000.0
1061281,2025-06-24,300000.0
1061283,2025-06-08,1000000.0
1061393,2023-10-18,0.0
1061762,2024-03-06,0.0
1061913,2025-05-27,175000.0
1061975,2025-05-29,1500000.0
1062376,2025-06-12,200000.0
1062475,2025-04-23,150000.0
1062863,2025-05-26,100000.0
1063003,2025-06-24,100000.0
1063291,2024-12-19,250000.0
1063520,2024-12-10,0.0
1063553,2025-06-08,800000.0
1063704,2025-05-27,50000.0
1063922,2024-03-06,0.0
1064121,2025-06-24,500000.0
1064139,2025-06-24,400000.0
1064145,2025-06-24,50000.0
1064214,2025-06-09,150000.0
1064426,2025-06-24,50000.0
1064475,2025-04-23,600000.0
1064506,2025-06-23,500000.0
1064603,2025-06-24,100000.0
1064605,2024-12-17,50000.0
1064699,2025-06-23,400000.0
1065144,2025-04-23,50000.0
1066186,2025-06-24,200000.0
1067605,2025-05-25,400000.0
1067622,2025-04-23,150000.0
1067903,2025-04-23,400000.0
1067930,2025-06-17,350000.0
1068110,2025-06-02,2500000.0
1070645,2025-05-29,800000.0
1070872,2025-04-23,100000.0
1071065,2024-08-15,0.0
1071086,2025-06-24,100000.0
1071235,2025-06-22,250000.0
1071245,2024-11-19,0.0
1072017,2025-05-29,5000000.0
1072238,2025-05-29,400000.0
1072260,2025-06-19,150000.0
1072675,2024-11-17,0.0
1072902,2025-06-22,125000.0
1072960,2025-05-25,25000.0
1073553,2024-11-28,10000.0
1073603,2025-06-26,25000.0
1073955,2025-07-02,0.0
1074050,2024-03-06,0.0
1074967,2025-09-03,300000.0
1075007,2025-06-17,350000.0
1075155,2025-02-26,50000.0
1075574,2025-06-02,200000.0
1075577,2025-06-05,15000000.0
1075604,2025-05-25,2000000.0
1076808,2024-06-15,0.0
1076815,2025-06-08,15000000.0
1078109,2025-06-19,25000.0
1078990,2025-06-24,150000.0
1079863,2025-06-04,250000.0
1082003,2025-06-01,150000.0
1082523,2025-09-04,500000.0
1082543,2025-06-05,400000.0
1082639,2025-06-22,900000.0
1082700,2025-06-05,250000.0
1082825,2025-06-26,200000.0
1082993,2025-06-16,100000.0
1083024,2025-05-25,300000.0
1083070,2025-06-09,9000000.0
1083073,2025-06-05,500000.0
1083095,2025-09-04,1500000.0
1083207,2025-09-04,2500000.0
1083669,2025-06-26,0.0
1083888,2024-12-08,400000.0
1083965,2025-06-09,1500000.0
1083969,2025-06-05,1000000.0
1084074,2025-06-26,500000.0
1084186,2024-12-31,0.0
1084815,2024-09-26,0.0
1085182,2025-06-26,100000.0
1086271,2025-01-28,0.0
1086564,2024-03-06,0.0
1086701,2025-09-04,200000.0
1086869,2025-05-25,300000.0
1086882,2025-09-04,250000.0
1086916,2025-06-26,50000.0
1087009,2025-05-27,50000.0
1087022,2025-05-25,150000.0
1087088,2024-01-16,0.0
1087232,2025-05-18,100000.0
1087262,2025-05-25,800000.0
1087306,2025-05-25,1500000.0
1087368,2025-05-18,350000.0
1087670,2025-05-21,10000.0
1087725,2025-06-26,500000.0
1088070,2024-11-26,200000.0
1088078,2025-06-01,0.0
1088574,2025-05-26,175000.0
1088717,2025-04-03,50000.0
1088818,2025-05-26,300000.0
1089201,2024-06-13,0.0
1089204,2025-06-04,500000.0
1089491,2024-09-26,0.0
1089572,2025-06-04,2800000.0
1089802,2025-05-29,300000.0
1090422,2025-06-09,900000.0
1090818,2025-06-05,100000.0
1090913,2024-09-26,0.0
1091430,2025-05-28,150000.0
1091513,2024-11-14,50000.0
1091616,2025-06-26,400000.0
1092429,2025-06-26,50000.0
1092857,2024-12-08,100000.0
1093464,2024-06-12,0.0
1093482,2025-06-02,700000.0
1093489,2025-06-25,250000.0
1093811,2025-06-22,300000.0
1094199,2024-12-31,0.0
1094366,2025-05-25,800000.0
1094415,2025-06-24,200000.0
1094948,2025-06-22,250000.0
1095180,2025-05-18,150000.0
1095317,2024-09-26,0.0
1095336,2024-12-31,0.0
1095403,2025-06-18,100000.0
1095552,2025-09-04,3000000.0
1096612,2025-03-12,0.0
1097678,2025-05-07,200000.0
1098311,2025-06-24,350000.0
1099509,2025-04-03,75000.0
1099708,2025-06-02,450000.0
1099718,2025-05-26,450000.0
1100530,2025-06-29,50000.0
1101719,2025-06-01,50000.0
1101927,2024-03-18,0.0
1102512,2025-06-01,25000.0
1102615,2024-09-26,0.0
1103455,2024-09-26,0.0
1103929,2025-05-21,75000.0
1103934,2024-12-12,0.0
1103962,2024-09-26,0.0
1103981,2025-05-29,400000.0
1105537,2025-04-23,400000.0
1105547,2025-06-11,500000.0
1105999,2025-06-10,350000.0
1106241,2025-05-21,25000.0
1106423,2024-03-06,0.0
1106639,2024-10-15,0.0
1106640,2024-10-15,0.0
1106666,2025-05-26,100000.0
1106909,2025-06-24,25000.0
1107265,2025-05-27,850000.0
1107314,2025-06-17,300000.0
1107740,2025-05-07,125000.0
1107849,2024-03-06,0.0
1107853,2025-03-20,0.0
1108022,2025-06-10,1500000.0
1108049,2025-05-29,1000000.0
1108129,2024-03-06,0.0
1108203,2025-06-08,300000.0
1108283,2025-05-25,75000.0
1108856,2025-06-22,2000000.0
1108966,2025-04-03,0.0
1109787,2025-06-22,50000.0
1109826,2025-06-18,75000.0
1109828,2025-06-02,450000.0
1109953,2025-06-04,500000.0
1110258,2025-06-17,1200000.0
1110447,2024-12-10,100000.0
1110453,2025-09-01,250000.0
1111044,2025-06-17,1200000.0
1111332,2025-06-23,50000.0
1111463,2025-06-19,50000.0
1111776,2025-06-01,600000.0
1112735,2025-06-04,1200000.0
1112904,2025-06-11,250000.0
1113168,2025-04-23,250000.0
1113307,2025-05-29,150000.0
1113765,2025-03-09,0.0
1114549,2025-06-01,25000.0
1115018,2025-06-17,200000.0
1115031,2025-06-18,100000.0
1115519,2025-05-21,250000.0
1115867,2024-07-03,0.0
1116041,2025-06-17,150000.0
1116191,2025-06-18,1500000.0
1116220,2023-10-18,0.0
1116267,2025-09-04,250000.0
1117092,2025-06-01,300000.0
1117659,2025-04-03,100000.0
1117722,2024-06-10,0.0
1117863,2025-05-07,75000.0
1117978,2025-05-07,150000.0
1118173,2025-05-07,150000.0
1118201,2025-06-24,200000.0
1118445,2024-12-19,0.0
1119008,2025-09-04,300000.0
1119453,2025-06-02,1000000.0
1120626,2025-05-14,25000.0
1120845,2025-06-24,50000.0
1121741,2025-04-03,50000.0
1123332,2025-06-04,200000.0
1123357,2025-05-21,50000.0
1124661,2025-06-25,275000.0
1125081,2025-06-17,450000.0
1125610,2025-06-25,750000.0
1126167,2025-01-08,0.0
1126634,2025-06-17,100000.0
1126892,2024-03-31,0.0
1126894,2025-06-02,2000000.0
1128158,2025-06-04,200000.0
1130043,2025-08-21,50000.0
1134251,2025-06-01,500000.0
1135170,2025-05-18,25000.0
1136677,2024-12-19,0.0
1137080,2025-06-23,200000.0
1137322,2025-06-24,200000.0
1137664,2024-09-26,0.0
1138764,2025-09-05,75000.0
1140283,2025-06-19,10000.0
1141364,2025-06-05,400000.0
1144775,2025-06-02,175000.0
1145002,2025-04-23,50000.0
1145207,2024-07-03,0.0
1145571,2025-09-05,100000.0
1146045,2025-06-24,150000.0
1146220,2025-06-09,100000.0
1146250,2025-08-25,50000.0
1146811,2025-06-23,10000.0
1146840,2025-06-01,100000.0
1147385,2025-06-16,300000.0
1147654,2025-06-25,75000.0
1147673,2025-05-07,100000.0
1147893,2024-06-12,0.0
1148233,2024-03-18,0.0
1149172,2025-05-04,25000.0
1149268,2024-09-26,0.0
1150375,2025-05-18,100000.0
1151376,2025-05-21,25000.0
1151840,2025-06-24,100000.0
1152491,2025-08-29,2200000.0
1153876,2025-06-18,300000.0
1156214,2024-06-13,0.0
1156563,2025-06-05,1500000.0
1157427,2024-03-06,0.0
1157759,2025-04-23,100000.0
1158534,2025-09-04,10000.0
1159289,2025-05-29,150000.0
1159758,2024-07-31,0.0
1159759,2025-06-11,250000.0
1160320,2025-05-14,150000.0
1160417,2025-05-21,50000.0
1160601,2024-09-26,0.0
1160814,2025-06-02,50000.0
1161276,2025-06-24,200000.0
1161411,2025-05-29,125000.0
1161829,2025-06-25,100000.0
1162017,2025-06-24,150000.0
1162383,2025-05-14,75000.0
1162826,2024-12-12,0.0
1164330,2025-06-24,150000.0
1164521,2025-06-17,25000.0
1165470,2025-06-16,125000.0
1167022,2025-09-01,900000.0
1167442,2025-06-05,100000.0
1168218,2025-08-21,0.0
1168219,2025-06-10,3000000.0
1168260,2025-05-25,400000.0
1168294,2025-05-25,200000.0
1168851,2025-05-29,100000.0
1170286,2025-06-02,200000.0
1171744,2025-05-21,75000.0
1171981,2025-06-01,200000.0
1172430,2025-06-17,500000.0
1174093,2024-12-18,300000.0
1175160,2025-01-28,0.0
1175184,2025-06-01,50000.0
1175738,2025-06-24,25000.0
1176227,2025-06-01,50000.0
1176547,2025-06-02,150000.0
1177140,2025-05-14,50000.0
1177290,2025-05-25,100000.0
1178393,2025-06-23,2000000.0
1178474,2025-06-02,4000000.0
1178489,2025-06-01,400000.0
1178707,2024-09-26,0.0
1178748,2025-06-24,150000.0
1178819,2025-06-24,100000.0
1180701,2025-05-14,200000.0
1181332,2025-06-18,200000.0
1181742,2024-09-26,0.0
1182001,2025-06-17,50000.0
1182282,2025-05-27,50000.0
1182569,2025-06-24,100000.0
1183855,2025-06-02,150000.0
1184099,2025-06-24,50000.0
1184554,2025-01-02,10000.0
1184953,2025-02-26,0.0
1186012,2025-06-11,250000.0
1186245,2025-06-24,500000.0
1186937,2024-12-12,0.0
1187298,2025-05-14,100000.0
1187468,2025-05-27,50000.0
1189280,2025-06-24,100000.0
1190515,2025-01-17,0.0
1192859,2024-06-24,0.0
1192974,2025-06-23,50000.0
1193348,2025-04-03,0.0
1193459,2024-09-26,0.0
1193867,2025-05-29,5000000.0
1197310,2025-05-21,10000.0
1197368,2025-06-24,300000.0
1200636,2025-05-27,50000.0
1202299,2025-08-25,200000.0
1203570,2025-06-10,50000.0
1203759,2024-11-28,10000.0
1203761,2025-06-15,50000.0
1203970,2025-05-21,25000.0
1204959,2025-06-24,50000.0
1208836,2025-06-01,100000.0
1209480,2025-05-14,125000.0
1210422,2024-12-12,100000.0
1213302,2024-12-09,50000.0
1213680,2025-09-07,500000.0
1213685,2025-06-25,250000.0
1214123,2025-08-09,3000000.0
1214797,2025-06-04,75000.0
1214806,2025-06-04,800000.0
1214907,2025-05-07,25000.0
1219248,2025-06-05,1000000.0
1219752,2025-09-09,7000000.0
1219937,2025-05-07,100000.0
1220061,2025-06-26,800000.0
1220226,2024-12-19,0.0
1220464,2025-06-05,400000.0
1223115,2025-06-25,50000.0
1225631,2025-05-18,350000.0
1225762,2025-06-24,200000.0
1225835,2025-06-17,600000.0
1226336,2025-01-07,0.0
1227015,2025-06-02,400000.0
1227022,2025-06-02,100000.0
1228196,2025-05-07,150000.0
1229924,2025-06-16,500000.0
1230639,2025-05-21,75000.0
1231035,2025-05-18,100000.0
1232067,2025-06-17,75000.0
1232953,2025-07-03,75000.0
1233980,2024-12-22,100000.0
1234186,2025-05-25,50000.0
1234222,2025-06-02,225000.0
1234664,2025-06-08,100000.0
1234665,2025-05-07,125000.0
1235012,2025-05-07,250000.0
1236047,2025-06-17,1000000.0
1236495,2025-09-11,75000.0
1237768,2025-05-14,75000.0
1240762,2025-06-15,50000.0
1241352,2024-12-17,25000.0
1241354,2025-06-24,25000.0
1243086,2024-10-29,100000.0
1244144,2025-05-07,75000.0
1244576,2025-08-31,0.0
1245678,2025-06-04,1000000.0
1246117,2025-05-21,25000.0
1246296,2025-03-20,0.0
1246821,2025-05-21,25000.0
1248846,2025-06-30,0.0
1248970,2025-03-13,0.0
1249897,2025-03-13,0.0
1252761,2025-05-21,175000.0
1253577,2025-06-25,100000.0
1257132,2025-09-04,500000.0
1257333,2025-05-07,25000.0
1262288,2025-06-24,200000.0
1262787,2025-06-24,150000.0
1262996,2025-06-24,300000.0
1268078,2025-06-15,100000.0
1268764,2025-06-24,300000.0
1270162,2025-09-04,100000.0
1270449,2025-06-23,1000000.0
1270796,2025-06-15,400000.0
1273127,2025-06-01,50000.0
1273437,2025-06-24,100000.0
1273447,2025-06-24,50000.0
1278657,2025-05-07,75000.0
1280354,2025-04-23,100000.0
1280355,2025-04-23,150000.0
1282776,2025-09-05,100000.0
1285999,2025-06-01,300000.0
1287151,2025-06-11,200000.0
1287735,2025-06-11,50000.0
1290658,2025-06-17,500000.0
1291830,2025-06-17,100000.0
1294049,2025-05-29,100000.0
1295031,2025-06-09,100000.0
1296493,2025-04-23,100000.0
1296962,2024-12-15,100000.0
1301775,2025-06-24,3000000.0
1305564,2025-06-24,200000.0
1308893,2025-05-28,50000.0
1309326,2025-06-11,100000.0
1309986,2025-06-24,25000.0
1309988,2025-04-23,50000.0
1310437,2025-04-23,900000.0
1328422,2025-05-26,400000.0
1331308,2025-06-19,10000.0
1331618,2025-05-21,75000.0
1338980,2025-06-19,10000.0
1341188,2025-06-04,150000.0
1348724,2025-07-01,0.0
1356045,2025-06-04,50000.0
1356706,2025-06-17,700000.0
1362140,2025-06-17,75000.0
1363979,2025-05-25,25000.0
1373345,2025-05-21,25000.0
1384031,2025-05-21,25000.0
1385630,2025-06-24,200000.0
1390361,2025-06-17,75000.0
1390649,2025-06-08,1500000.0
1396595,2025-05-29,100000.0
